# Blender v2.83.20 OBJ File: ''
# www.blender.org
mtllib ArcoCartel.mtl
o Arch_Cube.035
v -1.743187 0.969032 0.458533
v -1.743187 0.950032 0.425492
v -1.724187 0.969032 0.425492
v -2.007669 0.969032 0.425492
v -1.988669 0.950032 0.425492
v -1.988669 0.969032 0.458533
v -1.724187 1.470173 0.425492
v -1.743187 1.489173 0.425492
v -1.743187 1.470173 0.458533
v -1.988669 1.489173 0.425492
v -2.007669 1.470173 0.425492
v -1.988669 1.470173 0.458533
v -1.136144 0.019825 -0.207001
v -1.117144 0.019825 -0.173960
v -1.136144 0.000825 -0.173960
v -1.136144 0.366025 -0.173960
v -1.117144 0.347025 -0.173960
v -1.136144 0.347025 -0.207001
v -1.975696 0.000825 -0.173960
v -1.994696 0.019825 -0.173960
v -1.975696 0.019825 -0.207001
v -1.994696 0.347024 -0.173960
v -1.975696 0.366024 -0.173960
v -1.975696 0.347024 -0.207001
v -1.743187 0.379893 0.445082
v -1.743187 0.360893 0.386415
v -1.724187 0.379893 0.386415
v -2.007669 0.379893 0.386415
v -1.988669 0.360893 0.386415
v -1.988669 0.379893 0.445083
v -1.724187 0.932734 0.386415
v -1.743187 0.951734 0.386415
v -1.743187 0.932734 0.445083
v -1.988669 0.951734 0.386415
v -2.007669 0.932734 0.386415
v -1.988669 0.932734 0.445083
v -2.007669 0.812475 0.386415
v -1.988669 0.812475 0.445083
v -2.004633 0.743359 0.386415
v -1.965396 0.743359 0.445083
v -2.007669 0.697713 0.386415
v -1.988669 0.697713 0.445083
v -1.552119 0.009816 -0.187272
v -1.545483 0.031583 -0.202013
v -1.810254 0.366024 -0.173960
v -1.810254 0.347024 -0.207001
v -1.823157 0.000825 -0.173960
v -1.892975 0.347024 -0.207001
v -1.833088 0.016367 -0.210187
v -1.892975 0.366024 -0.173960
v -1.765160 0.043640 -0.201927
v -1.851615 0.353095 -0.173960
v -1.781796 0.005723 -0.173960
v -1.851615 0.334095 -0.207001
v -2.007669 0.486977 0.386415
v -2.007846 0.466140 0.386415
v -2.007669 0.445302 0.386415
v -1.988669 0.445302 0.445083
v -1.976997 0.466140 0.445083
v -1.988669 0.486977 0.445083
v -1.724187 1.203489 0.425492
v -1.754821 1.203489 0.458533
v -2.007669 1.288904 0.425492
v -1.988669 1.288904 0.458533
v -1.724187 1.251927 0.425492
v -1.969984 1.337342 0.458533
v -1.743187 1.251927 0.458533
v -2.007669 1.337342 0.425492
v -1.743187 0.969032 0.044530
v -1.743187 0.950032 0.077571
v -1.724187 0.969032 0.077571
v -2.007669 0.969032 0.077571
v -1.988669 0.950032 0.077571
v -1.988669 0.969032 0.044530
v -1.724187 1.470173 0.077571
v -1.743187 1.489173 0.077571
v -1.743187 1.470173 0.044530
v -1.988669 1.489173 0.077571
v -2.007669 1.470173 0.077571
v -1.988669 1.470173 0.044530
v -1.136144 0.019825 0.207001
v -1.117144 0.019825 0.173960
v -1.136144 0.000825 0.173960
v -1.136144 0.366025 0.173960
v -1.117144 0.347025 0.173960
v -1.136144 0.347025 0.207001
v -1.975696 0.000825 0.173960
v -1.994696 0.019825 0.173960
v -1.975696 0.019825 0.207001
v -1.994696 0.347025 0.173960
v -1.975696 0.366025 0.173960
v -1.975696 0.347025 0.207001
v -1.743187 0.379892 0.057981
v -1.743187 0.360893 0.116648
v -1.724187 0.379892 0.116648
v -2.007669 0.379893 0.116648
v -1.988669 0.360893 0.116648
v -1.988669 0.379893 0.057981
v -1.724187 0.932734 0.116648
v -1.743187 0.951734 0.116648
v -1.743187 0.932734 0.057981
v -1.988669 0.951734 0.116648
v -2.007669 0.932734 0.116648
v -1.988669 0.932734 0.057980
v -2.007669 0.812475 0.116648
v -1.988669 0.812474 0.057981
v -2.004633 0.743359 0.116648
v -1.965396 0.743359 0.057981
v -2.007669 0.697713 0.116648
v -1.988669 0.697713 0.057981
v -1.552119 0.009816 0.187272
v -1.545483 0.031583 0.202013
v -1.810254 0.366025 0.173960
v -1.810254 0.347025 0.207001
v -1.823157 0.000825 0.173960
v -1.892975 0.347025 0.207001
v -1.833088 0.016367 0.210187
v -1.892975 0.366025 0.173960
v -1.765160 0.043640 0.201927
v -1.851615 0.353095 0.173960
v -1.781796 0.005723 0.173960
v -1.851615 0.334095 0.207001
v -2.007669 0.486977 0.116648
v -2.007846 0.466140 0.116648
v -2.007669 0.445302 0.116648
v -1.988669 0.445302 0.057981
v -1.976997 0.466140 0.057981
v -1.988669 0.486977 0.057981
v -1.724187 1.203489 0.077571
v -1.754821 1.203489 0.044530
v -2.007669 1.288904 0.077571
v -1.988669 1.288904 0.044530
v -1.724187 1.251927 0.077571
v -1.969984 1.337342 0.044530
v -1.743187 1.251927 0.044530
v -2.007669 1.337342 0.077571
v -1.743187 0.771651 -0.392340
v -1.743187 0.790651 -0.359299
v -1.724187 0.771651 -0.359299
v -2.007669 0.771651 -0.359300
v -1.988669 0.790651 -0.359300
v -1.988669 0.771651 -0.392340
v -1.724187 0.385921 -0.359300
v -1.743187 0.366921 -0.359300
v -1.743187 0.385921 -0.392340
v -1.988669 0.366921 -0.359300
v -2.007669 0.385921 -0.359300
v -1.988669 0.385921 -0.392341
v -1.743187 1.476201 -0.378890
v -1.743187 1.495201 -0.320223
v -1.724187 1.476201 -0.320223
v -2.007669 1.476201 -0.320223
v -1.988669 1.495201 -0.320223
v -1.988669 1.476201 -0.378890
v -1.724187 0.807948 -0.320223
v -1.743187 0.788948 -0.320223
v -1.743187 0.807948 -0.378890
v -1.988669 0.788948 -0.320223
v -2.007669 0.807948 -0.320223
v -1.988669 0.807948 -0.378890
v -1.743187 1.369116 -0.378890
v -1.765448 1.389954 -0.378890
v -1.743187 1.410792 -0.378890
v -2.007669 1.197559 -0.320223
v -2.007846 1.240292 -0.320223
v -2.007669 1.283026 -0.320223
v -1.724187 1.410792 -0.320223
v -1.724187 1.389954 -0.320223
v -1.724187 1.369117 -0.320223
v -1.988669 1.283025 -0.378890
v -1.976997 1.240292 -0.378890
v -1.988669 1.197559 -0.378890
v -1.724187 0.537194 -0.359300
v -1.754821 0.537194 -0.392340
v -2.007669 0.567190 -0.359300
v -1.988669 0.567190 -0.392341
v -1.724187 0.488756 -0.359300
v -1.997213 0.518752 -0.392341
v -1.776541 0.488756 -0.392340
v -2.007669 0.518752 -0.359300
v -1.743187 0.771651 0.021662
v -1.743187 0.790651 -0.011379
v -1.724187 0.771651 -0.011379
v -2.007669 0.771651 -0.011379
v -1.988669 0.790651 -0.011379
v -1.988669 0.771651 0.021662
v -1.724187 0.385921 -0.011379
v -1.743187 0.366921 -0.011379
v -1.743187 0.385921 0.021662
v -1.988669 0.366921 -0.011379
v -2.007669 0.385921 -0.011379
v -1.988669 0.385921 0.021662
v -1.743187 1.476201 0.008211
v -1.743187 1.495201 -0.050456
v -1.724187 1.476201 -0.050456
v -2.007669 1.476201 -0.050456
v -1.988669 1.495201 -0.050456
v -1.988669 1.476201 0.008211
v -1.724187 0.807948 -0.050456
v -1.743187 0.788948 -0.050456
v -1.743187 0.807948 0.008212
v -1.988669 0.788948 -0.050456
v -2.007669 0.807948 -0.050456
v -1.988669 0.807948 0.008212
v -1.743187 1.369117 0.008211
v -1.743187 1.389954 0.008211
v -1.743187 1.410792 0.008211
v -2.007669 1.197559 -0.050456
v -2.007846 1.240292 -0.050456
v -2.007669 1.283026 -0.050456
v -1.724187 1.410792 -0.050456
v -1.724187 1.389954 -0.050456
v -1.724187 1.369117 -0.050456
v -1.988669 1.410792 0.008211
v -1.976997 1.389954 0.008212
v -1.988669 1.369117 0.008212
v -1.724187 0.537194 -0.011379
v -1.754821 0.537194 0.021662
v -2.007669 0.567190 -0.011379
v -1.988669 0.567190 0.021662
v -1.724187 0.488756 -0.011379
v -1.969984 0.518752 0.021662
v -1.743187 0.488756 0.021662
v -2.007669 0.518752 -0.011379
v -2.033180 0.018978 0.520038
v -2.052181 0.018978 0.486997
v -2.033180 -0.000022 0.486997
v -2.033180 0.386807 0.486997
v -2.052181 0.367807 0.486997
v -2.033180 0.367807 0.520038
v -1.193628 -0.000022 0.486997
v -1.174628 0.018978 0.486997
v -1.193628 0.018978 0.520038
v -1.174628 0.367807 0.486997
v -1.193628 0.386807 0.486997
v -1.193628 0.367807 0.520038
v -1.617206 0.008969 0.500309
v -1.623842 0.030736 0.515050
v -1.359070 0.386807 0.486997
v -1.359070 0.367807 0.520038
v -1.346168 -0.000022 0.486997
v -1.276349 0.367807 0.520038
v -1.336236 0.015520 0.523224
v -1.276349 0.386807 0.486997
v -1.404165 0.042793 0.514964
v -1.317709 0.373877 0.486997
v -1.387528 0.004876 0.486997
v -1.317709 0.354877 0.520038
v -1.991616 0.019825 0.208083
v -2.010616 0.019825 0.241124
v -1.991616 0.000825 0.241124
v -1.991616 0.366025 0.241124
v -2.010616 0.347025 0.241124
v -1.991616 0.347025 0.208083
v -1.152063 0.000825 0.241124
v -1.133063 0.019825 0.241124
v -1.152063 0.019825 0.208083
v -1.133063 0.347025 0.241124
v -1.152063 0.366025 0.241124
v -1.152063 0.347025 0.208083
v -1.575641 0.009816 0.227812
v -1.582277 0.031583 0.213071
v -1.317505 0.366025 0.241124
v -1.317505 0.347025 0.208083
v -1.304603 0.000825 0.241124
v -1.234784 0.347025 0.208083
v -1.294672 0.016367 0.204897
v -1.234784 0.366025 0.241124
v -1.362600 0.043640 0.213158
v -1.276145 0.353095 0.241124
v -1.345964 0.005723 0.241124
v -1.276145 0.334095 0.208083
v -1.158026 0.019825 -0.466203
v -1.139026 0.019825 -0.433162
v -1.158026 0.000825 -0.433162
v -1.158026 0.366024 -0.433162
v -1.139026 0.347025 -0.433162
v -1.158026 0.347024 -0.466203
v -1.997578 0.000825 -0.433162
v -2.016578 0.019825 -0.433162
v -1.997578 0.019825 -0.466203
v -2.016578 0.347024 -0.433162
v -1.997578 0.366024 -0.433162
v -1.997578 0.347024 -0.466203
v -1.574000 0.009816 -0.446473
v -1.567364 0.031583 -0.461215
v -1.312099 0.366024 -0.433162
v -1.312099 0.347024 -0.466203
v -1.845038 0.000825 -0.433162
v -1.477830 0.347024 -0.466203
v -1.854970 0.016367 -0.469388
v -1.477830 0.366024 -0.433162
v -1.787042 0.043640 -0.461128
v -1.394965 0.353095 -0.433162
v -1.803678 0.005723 -0.433162
v -1.394965 0.306109 -0.466203
v -1.158026 0.019825 -0.201134
v -1.139026 0.019825 -0.234175
v -1.158026 0.000825 -0.234175
v -1.158026 0.366025 -0.234175
v -1.139026 0.347025 -0.234175
v -1.158026 0.347025 -0.201134
v -1.997578 0.000825 -0.234175
v -2.016578 0.019825 -0.234175
v -1.997578 0.019825 -0.201134
v -2.016578 0.347024 -0.234175
v -1.997578 0.366024 -0.234175
v -1.997578 0.347024 -0.201134
v -1.574000 0.009816 -0.220863
v -1.567364 0.031583 -0.206122
v -1.312099 0.366024 -0.234175
v -1.312099 0.347024 -0.201134
v -1.845038 0.000825 -0.234175
v -1.477830 0.347024 -0.201134
v -1.854970 0.016367 -0.197948
v -1.477830 0.366024 -0.234175
v -1.787042 0.043640 -0.206208
v -1.394965 0.353095 -0.234175
v -1.803678 0.005723 -0.234175
v -1.394965 0.334095 -0.201134
v -1.161243 0.969032 0.458533
v -1.161243 0.950032 0.425492
v -1.142243 0.969032 0.425492
v -1.425726 0.969032 0.425492
v -1.406726 0.950032 0.425492
v -1.406726 0.969032 0.458533
v -1.142243 1.470173 0.425492
v -1.161243 1.489173 0.425492
v -1.161243 1.470173 0.458533
v -1.406726 1.489173 0.425492
v -1.425726 1.470173 0.425492
v -1.406726 1.470173 0.458533
v -1.161243 0.379893 0.445082
v -1.161243 0.360893 0.386415
v -1.142243 0.379893 0.386415
v -1.425726 0.379893 0.386415
v -1.406726 0.360893 0.386415
v -1.406726 0.379893 0.445083
v -1.142243 0.932734 0.386415
v -1.161243 0.951734 0.386415
v -1.161243 0.932734 0.445083
v -1.406726 0.951734 0.386415
v -1.425726 0.932734 0.386415
v -1.406726 0.932734 0.445083
v -1.425726 0.812475 0.386415
v -1.406726 0.812475 0.445083
v -1.422690 0.743359 0.386415
v -1.383453 0.743359 0.445083
v -1.425726 0.697713 0.386415
v -1.406726 0.697713 0.445083
v -1.425726 0.486977 0.386415
v -1.425903 0.466140 0.386415
v -1.425726 0.445302 0.386415
v -1.406726 0.445302 0.445083
v -1.395054 0.466140 0.445083
v -1.406726 0.486977 0.445083
v -1.142243 1.203489 0.425492
v -1.172877 1.203489 0.458533
v -1.425726 1.288904 0.425492
v -1.406726 1.288904 0.458533
v -1.142243 1.251927 0.425492
v -1.388041 1.337342 0.458533
v -1.161243 1.251927 0.458533
v -1.425726 1.337342 0.425492
v -1.161243 0.969032 0.044530
v -1.161243 0.950032 0.077571
v -1.142243 0.969032 0.077571
v -1.425726 0.969032 0.077571
v -1.406726 0.950032 0.077571
v -1.406726 0.969032 0.044530
v -1.142243 1.470173 0.077571
v -1.161243 1.489173 0.077571
v -1.161243 1.470173 0.044530
v -1.406726 1.489173 0.077571
v -1.425726 1.470173 0.077571
v -1.406726 1.470173 0.044530
v -1.161243 0.379892 0.057981
v -1.161243 0.360893 0.116648
v -1.142243 0.379892 0.116648
v -1.425726 0.379893 0.116648
v -1.406726 0.360893 0.116648
v -1.406726 0.379893 0.057981
v -1.142243 0.932734 0.116648
v -1.161243 0.951734 0.116648
v -1.161243 0.932734 0.057981
v -1.406726 0.951734 0.116648
v -1.425726 0.932734 0.116648
v -1.406726 0.932734 0.057980
v -1.425726 0.812475 0.116648
v -1.406726 0.812474 0.057981
v -1.422690 0.743359 0.116648
v -1.383453 0.743359 0.057981
v -1.425726 0.697713 0.116648
v -1.406726 0.697713 0.057981
v -1.425726 0.486977 0.116648
v -1.425903 0.466140 0.116648
v -1.425726 0.445302 0.116648
v -1.406726 0.445302 0.057981
v -1.395054 0.466140 0.057981
v -1.406726 0.486977 0.057981
v -1.142243 1.203489 0.077571
v -1.172877 1.203489 0.044530
v -1.425726 1.288904 0.077571
v -1.406726 1.288904 0.044530
v -1.142243 1.251927 0.077571
v -1.388041 1.337342 0.044530
v -1.161243 1.251927 0.044530
v -1.425726 1.337342 0.077571
v -1.161243 0.771651 -0.392340
v -1.161243 0.790651 -0.359299
v -1.142243 0.771651 -0.359299
v -1.425726 0.771651 -0.359300
v -1.406726 0.790651 -0.359300
v -1.406726 0.771651 -0.392340
v -1.142243 0.385921 -0.359300
v -1.161243 0.366921 -0.359300
v -1.161243 0.385921 -0.392340
v -1.406726 0.366921 -0.359300
v -1.425726 0.385921 -0.359300
v -1.406726 0.385921 -0.392341
v -1.161243 1.476201 -0.378890
v -1.161243 1.495201 -0.320223
v -1.142243 1.476201 -0.320223
v -1.425726 1.476201 -0.320223
v -1.406726 1.495201 -0.320223
v -1.406726 1.476201 -0.378890
v -1.142243 0.807948 -0.320223
v -1.161243 0.788948 -0.320223
v -1.161243 0.807948 -0.378890
v -1.406726 0.788948 -0.320223
v -1.425726 0.807948 -0.320223
v -1.406726 0.807948 -0.378890
v -1.425726 0.928208 -0.320223
v -1.406726 0.928208 -0.378890
v -1.422690 0.997324 -0.320223
v -1.383453 0.997324 -0.378890
v -1.425726 1.042969 -0.320223
v -1.406726 1.042969 -0.378890
v -1.425726 1.369117 -0.320223
v -1.425903 1.389954 -0.320223
v -1.425726 1.410792 -0.320223
v -1.406726 1.410792 -0.378890
v -1.395054 1.389954 -0.378890
v -1.406726 1.369116 -0.378890
v -1.142243 0.537194 -0.359300
v -1.172877 0.537194 -0.392340
v -1.425726 0.567190 -0.359300
v -1.406726 0.567190 -0.392341
v -1.142243 0.488756 -0.359300
v -1.388041 0.518752 -0.392341
v -1.161243 0.488756 -0.392340
v -1.425726 0.518752 -0.359300
v -1.161243 0.771651 0.021662
v -1.161243 0.790651 -0.011379
v -1.142243 0.771651 -0.011379
v -1.425726 0.771651 -0.011379
v -1.406726 0.790651 -0.011379
v -1.406726 0.771651 0.021662
v -1.142243 0.385921 -0.011379
v -1.161243 0.366921 -0.011379
v -1.161243 0.385921 0.021662
v -1.406726 0.366921 -0.011379
v -1.425726 0.385921 -0.011379
v -1.406726 0.385921 0.021662
v -1.161243 1.476201 0.008211
v -1.161243 1.495201 -0.050456
v -1.142243 1.476201 -0.050456
v -1.425726 1.476201 -0.050456
v -1.406726 1.495201 -0.050456
v -1.406726 1.476201 0.008211
v -1.142243 0.807948 -0.050456
v -1.161243 0.788948 -0.050456
v -1.161243 0.807948 0.008212
v -1.406726 0.788948 -0.050456
v -1.425726 0.807948 -0.050456
v -1.406726 0.807948 0.008212
v -1.425726 0.928208 -0.050456
v -1.406726 0.928208 0.008212
v -1.422690 0.997324 -0.050456
v -1.383453 0.997324 0.008212
v -1.425726 1.042969 -0.050456
v -1.406726 1.042969 0.008212
v -1.425726 1.369117 -0.050456
v -1.425903 1.389954 -0.050456
v -1.425726 1.410792 -0.050456
v -1.406726 1.410792 0.008211
v -1.395054 1.389954 0.008212
v -1.406726 1.369117 0.008212
v -1.142243 0.537194 -0.011379
v -1.172877 0.537194 0.021662
v -1.425726 0.567190 -0.011379
v -1.406726 0.567190 0.021662
v -1.142243 0.488756 -0.011379
v -1.388041 0.518752 0.021662
v -1.161243 0.488756 0.021662
v -1.425726 0.518752 -0.011379
v -1.194574 2.255914 0.292384
v -1.166939 2.255142 0.244329
v -1.193802 2.283549 0.244329
v -1.219927 1.925734 0.244329
v -1.191964 1.953058 0.244329
v -1.219608 1.953378 0.292384
v -1.951550 2.303912 0.244329
v -2.014430 2.277049 0.244329
v -1.986794 2.276277 0.292384
v -2.010869 1.962126 0.244329
v -1.949072 1.934162 0.244329
v -1.983224 1.961807 0.292384
v -1.563659 2.293076 0.244329
v -1.564903 2.248519 0.292384
v -1.685332 1.931114 0.244329
v -1.685013 1.958758 0.292384
v -1.634111 2.295044 0.244329
v -1.755174 1.986759 0.292384
v -1.634883 2.267409 0.292384
v -1.755808 1.931929 0.244329
v -1.194574 2.255914 -0.309995
v -1.166939 2.255141 -0.261918
v -1.193802 2.283549 -0.261918
v -1.219928 1.925734 -0.261918
v -1.191964 1.953059 -0.261918
v -1.219608 1.953378 -0.309995
v -1.951550 2.303913 -0.261918
v -2.014430 2.277049 -0.261918
v -1.986794 2.276277 -0.309995
v -2.010869 1.962126 -0.261918
v -1.949072 1.934162 -0.261918
v -1.983224 1.961807 -0.309995
v -1.563659 2.293076 -0.261918
v -1.564903 2.248519 -0.309995
v -1.685332 1.931114 -0.261918
v -1.685012 1.958758 -0.309995
v -1.634111 2.295044 -0.261918
v -1.755174 1.986759 -0.309995
v -1.634883 2.267409 -0.309995
v -1.755808 1.931929 -0.261918
v -1.123161 2.520589 0.292384
v -1.097541 2.510198 0.244329
v -1.112770 2.546208 0.244329
v -1.182755 2.268784 0.244329
v -1.146745 2.284013 0.244329
v -1.172364 2.294404 0.292384
v -1.842228 2.826428 0.244329
v -1.878238 2.811199 0.244329
v -1.852618 2.800809 0.292384
v -1.999588 2.332049 0.244329
v -1.973360 2.303054 0.244329
v -1.971976 2.330665 0.292384
v -1.402488 2.670021 0.244329
v -1.419240 2.628714 0.292384
v -1.672942 2.298312 0.244329
v -1.671559 2.325923 0.292384
v -1.467801 2.696509 0.244329
v -1.740590 2.356604 0.292384
v -1.478191 2.670890 0.292384
v -1.743334 2.296555 0.244329
v -1.123161 2.520589 -0.309995
v -1.097541 2.510198 -0.261918
v -1.112770 2.546208 -0.261918
v -1.182755 2.268785 -0.261918
v -1.146745 2.284013 -0.261918
v -1.172364 2.294404 -0.309995
v -1.842228 2.826428 -0.261918
v -1.878238 2.811199 -0.261918
v -1.852618 2.800809 -0.309995
v -1.999588 2.332049 -0.261918
v -1.973359 2.303054 -0.261918
v -1.971976 2.330665 -0.309995
v -1.402488 2.670021 -0.261918
v -1.419240 2.628714 -0.309995
v -1.672942 2.298312 -0.261918
v -1.671558 2.325923 -0.309995
v -1.467801 2.696509 -0.261918
v -1.740590 2.356604 -0.309995
v -1.478191 2.670890 -0.309995
v -1.743334 2.296555 -0.261918
v -0.883155 2.816844 0.292384
v -0.864242 2.796679 0.244329
v -0.862991 2.835757 0.244329
v -1.098918 2.539435 0.244329
v -1.059841 2.538184 0.244329
v -1.078754 2.558348 0.292384
v -1.401733 3.431858 0.244329
v -1.440810 3.433109 0.244329
v -1.421896 3.412945 0.292384
v -1.856002 2.853570 0.244329
v -1.840092 2.817856 0.244329
v -1.830190 2.843668 0.292384
v -1.036577 3.049524 0.244329
v -1.070590 3.017526 0.292384
v -1.472122 2.692037 0.244329
v -1.462220 2.717849 0.292384
v -1.084795 3.100929 0.244329
v -1.518287 2.768476 0.292384
v -1.104959 3.082015 0.292384
v -1.537926 2.717280 0.244329
v -0.883155 2.816844 -0.309995
v -0.864241 2.796679 -0.261918
v -0.862991 2.835757 -0.261918
v -1.098918 2.539435 -0.261918
v -1.059841 2.538184 -0.261918
v -1.078754 2.558348 -0.309995
v -1.401732 3.431858 -0.261918
v -1.440810 3.433109 -0.261918
v -1.421896 3.412945 -0.309995
v -1.856002 2.853570 -0.261918
v -1.840092 2.817856 -0.261918
v -1.830190 2.843668 -0.309995
v -1.036577 3.049524 -0.261918
v -1.069088 3.019028 -0.309995
v -1.472122 2.692037 -0.261918
v -1.462220 2.717848 -0.309995
v -1.084795 3.100929 -0.261918
v -1.518287 2.768476 -0.309995
v -1.104959 3.082015 -0.309995
v -1.537926 2.717280 -0.261918
v -0.475727 3.083310 0.292384
v -0.468478 3.056631 0.244329
v -0.449048 3.090558 0.244328
v -0.864048 2.847905 0.244329
v -0.830120 2.828476 0.244329
v -0.837368 2.855155 0.292384
v -0.693841 3.823536 0.244329
v -0.727769 3.842966 0.244329
v -0.720519 3.816287 0.292383
v -1.403353 3.466307 0.244329
v -1.404713 3.427233 0.244329
v -1.384496 3.446090 0.292384
v -0.499746 3.248265 0.244329
v -0.542761 3.236576 0.292384
v -1.103988 3.116547 0.244329
v -1.071441 3.145091 0.292384
v -0.518226 3.316279 0.244329
v -1.113150 3.209168 0.292384
v -0.544905 3.309030 0.292384
v -1.156464 3.165445 0.244329
v -0.475727 3.083309 -0.309995
v -0.468478 3.056631 -0.261918
v -0.449048 3.090558 -0.261918
v -0.864047 2.847906 -0.261918
v -0.830119 2.828476 -0.261918
v -0.837368 2.855155 -0.309995
v -0.693841 3.823536 -0.261918
v -0.727769 3.842966 -0.261918
v -0.720520 3.816287 -0.309995
v -1.403352 3.466307 -0.261918
v -1.404713 3.427233 -0.261918
v -1.384496 3.446090 -0.309995
v -0.499746 3.248265 -0.261918
v -0.542761 3.236576 -0.309995
v -1.103988 3.116547 -0.261918
v -1.071441 3.145091 -0.309995
v -0.518227 3.316278 -0.261918
v -1.099632 3.215176 -0.309995
v -0.544905 3.309030 -0.309995
v -1.156464 3.165445 -0.261918
v -0.012103 3.177296 0.292384
v -0.011588 3.149655 0.242762
v 0.020157 3.173043 0.237820
v -0.458194 3.095257 0.244328
v -0.427195 3.067406 0.244329
v -0.427830 3.095045 0.292384
v 0.001165 3.961557 0.244329
v -0.026991 3.988683 0.244329
v -0.026476 3.961042 0.292383
v -0.676977 3.856938 0.244329
v -0.694575 3.822025 0.244329
v -0.668320 3.830682 0.292383
v 0.002800 3.332225 0.244329
v -0.036483 3.290881 0.292384
v -0.532842 3.364563 0.244329
v -0.506586 3.373220 0.292384
v -0.502837 3.448669 0.292384
v -0.028797 3.410105 0.292384
v -0.554913 3.431498 0.244329
v 0.027150 3.180270 -0.261918
v -0.457313 3.090854 -0.261918
v -0.427195 3.067406 -0.261918
v -0.427830 3.095045 -0.309995
v 0.001165 3.961557 -0.261918
v -0.026991 3.988683 -0.261918
v -0.026476 3.961042 -0.309995
v -0.676977 3.856938 -0.261918
v -0.694575 3.822025 -0.261918
v -0.668320 3.830682 -0.309995
v 0.002800 3.332225 -0.261918
v -0.021463 3.304399 -0.309995
v -0.532842 3.364563 -0.261918
v -0.506587 3.373220 -0.309995
v -0.502837 3.448669 -0.309995
v -0.028797 3.410105 -0.309995
v -0.554913 3.431498 -0.261918
v -1.992483 1.511204 0.475955
v -2.016634 1.511204 0.441351
v -1.992483 1.480808 0.441351
v -1.992483 1.934308 0.441351
v -2.016634 1.903913 0.441351
v -1.992483 1.903913 0.475955
v -1.165476 1.480808 0.441351
v -1.141324 1.511203 0.441351
v -1.165476 1.511203 0.475955
v -1.141324 1.903913 0.441351
v -1.165476 1.934308 0.441351
v -1.165476 1.903913 0.475955
v -1.504472 1.480808 0.441351
v -1.504472 1.529815 0.475955
v -1.395895 1.934308 0.441351
v -1.395895 1.903913 0.475955
v -1.442899 1.480808 0.441351
v -1.334324 1.874022 0.475955
v -1.442899 1.511203 0.475955
v -1.334324 1.934308 0.441351
v -1.992483 1.511204 0.059477
v -2.016635 1.511204 0.101477
v -1.992483 1.480808 0.101477
v -1.992483 1.934308 0.101476
v -2.016635 1.903913 0.101476
v -1.992483 1.903913 0.059476
v -1.165476 1.480808 0.101476
v -1.141324 1.511203 0.101476
v -1.165476 1.511203 0.059476
v -1.141324 1.903913 0.101476
v -1.165476 1.934308 0.101476
v -1.165476 1.903913 0.059476
v -1.504472 1.480808 0.101476
v -1.504472 1.529815 0.059476
v -1.395896 1.934308 0.101476
v -1.395896 1.903913 0.059476
v -1.442899 1.480808 0.101476
v -1.334324 1.874022 0.059476
v -1.442899 1.511203 0.059476
v -1.334324 1.934308 0.101476
v -1.157813 1.511204 -0.401084
v -1.133661 1.511204 -0.339642
v -1.157813 1.480808 -0.339642
v -1.157813 1.934308 -0.339642
v -1.133661 1.903913 -0.339642
v -1.157813 1.903913 -0.401085
v -2.007263 1.480808 -0.339642
v -2.031415 1.511204 -0.339642
v -2.007263 1.511204 -0.401084
v -2.031415 1.903913 -0.339642
v -2.007263 1.934308 -0.339642
v -2.007263 1.903913 -0.401085
v -1.854394 1.934308 -0.339642
v -1.854394 1.903913 -0.401085
v -1.766538 1.929452 -0.339642
v -1.766538 1.866682 -0.401085
v -1.708515 1.934308 -0.339642
v -1.708515 1.903913 -0.401085
v -1.293934 1.511204 -0.401085
v -1.267446 1.511204 -0.401084
v -1.240959 1.511204 -0.401084
v -1.293934 1.934308 -0.339642
v -1.267446 1.934592 -0.339642
v -1.240958 1.934308 -0.339642
v -1.240958 1.480808 -0.339642
v -1.267446 1.480808 -0.339642
v -1.293934 1.480808 -0.339642
v -1.240958 1.903913 -0.401085
v -1.267446 1.885240 -0.401085
v -1.293934 1.903913 -0.401085
v -1.157813 1.511204 0.013310
v -1.133661 1.511204 -0.061265
v -1.157813 1.480808 -0.061265
v -1.157813 1.934308 -0.061265
v -1.133661 1.903913 -0.061265
v -1.157813 1.903913 0.013310
v -2.007263 1.480808 -0.061265
v -2.031415 1.511203 -0.061265
v -2.007263 1.511203 0.013310
v -2.031415 1.903913 -0.061265
v -2.007263 1.934308 -0.061265
v -2.007263 1.903913 0.013310
v -1.854394 1.934308 -0.061265
v -1.854394 1.903913 0.013310
v -1.766538 1.929452 -0.061265
v -1.766538 1.866682 0.013310
v -1.708515 1.934308 -0.061265
v -1.708515 1.903913 0.013310
v -1.293934 1.511204 0.013310
v -1.267446 1.511204 0.013310
v -1.240958 1.511204 0.013310
v -1.293934 1.934308 -0.061265
v -1.267446 1.934592 -0.061265
v -1.240958 1.934308 -0.061265
v -1.240958 1.480808 -0.061265
v -1.267446 1.480808 -0.061265
v -1.293934 1.480808 -0.061265
v -1.240958 1.903913 0.013310
v -1.267446 1.885240 0.013310
v -1.293934 1.903913 0.013310
v -1.797928 0.234944 0.321459
v -1.797928 1.590081 0.321459
v -1.797928 0.234944 -0.234059
v -1.797928 1.590081 -0.234060
v -1.342224 0.234944 0.321459
v -1.342224 1.590081 0.321459
v -1.342224 0.234944 -0.234059
v -1.342224 1.590081 -0.234060
v 1.743187 0.969032 0.458533
v 1.743187 0.950032 0.425492
v 1.724187 0.969032 0.425492
v 2.007669 0.969032 0.425492
v 1.988669 0.950032 0.425492
v 1.988669 0.969032 0.458533
v 1.724187 1.470173 0.425492
v 1.743187 1.489173 0.425492
v 1.743187 1.470173 0.458533
v 1.988669 1.489173 0.425492
v 2.007669 1.470173 0.425492
v 1.988669 1.470173 0.458533
v 1.136144 0.019825 -0.207001
v 1.117144 0.019825 -0.173960
v 1.136144 0.000825 -0.173960
v 1.136144 0.366025 -0.173960
v 1.117144 0.347025 -0.173960
v 1.136144 0.347025 -0.207001
v 1.975696 0.000825 -0.173960
v 1.994696 0.019825 -0.173960
v 1.975696 0.019825 -0.207001
v 1.994696 0.347024 -0.173960
v 1.975696 0.366024 -0.173960
v 1.975696 0.347024 -0.207001
v 1.743187 0.379893 0.445082
v 1.743187 0.360893 0.386415
v 1.724187 0.379893 0.386415
v 2.007669 0.379893 0.386415
v 1.988669 0.360893 0.386415
v 1.988669 0.379893 0.445083
v 1.724187 0.932734 0.386415
v 1.743187 0.951734 0.386415
v 1.743187 0.932734 0.445083
v 1.988669 0.951734 0.386415
v 2.007669 0.932734 0.386415
v 1.988669 0.932734 0.445083
v 2.007669 0.812475 0.386415
v 1.988669 0.812475 0.445083
v 2.004633 0.743359 0.386415
v 1.965396 0.743359 0.445083
v 2.007669 0.697713 0.386415
v 1.988669 0.697713 0.445083
v 1.552119 0.009816 -0.187272
v 1.545483 0.031583 -0.202013
v 1.810254 0.366024 -0.173960
v 1.810254 0.347024 -0.207001
v 1.823157 0.000825 -0.173960
v 1.892975 0.347024 -0.207001
v 1.833088 0.016367 -0.210187
v 1.892975 0.366024 -0.173960
v 1.765160 0.043640 -0.201927
v 1.851615 0.353095 -0.173960
v 1.781796 0.005723 -0.173960
v 1.851615 0.334095 -0.207001
v 2.007669 0.486977 0.386415
v 2.007846 0.466140 0.386415
v 2.007669 0.445302 0.386415
v 1.988669 0.445302 0.445083
v 1.976997 0.466140 0.445083
v 1.988669 0.486977 0.445083
v 1.724187 1.203489 0.425492
v 1.754821 1.203489 0.458533
v 2.007669 1.288904 0.425492
v 1.988669 1.288904 0.458533
v 1.724187 1.251927 0.425492
v 1.969984 1.337342 0.458533
v 1.743187 1.251927 0.458533
v 2.007669 1.337342 0.425492
v 1.743187 0.969032 0.044530
v 1.743187 0.950032 0.077571
v 1.724187 0.969032 0.077571
v 2.007669 0.969032 0.077571
v 1.988669 0.950032 0.077571
v 1.988669 0.969032 0.044530
v 1.724187 1.470173 0.077571
v 1.743187 1.489173 0.077571
v 1.743187 1.470173 0.044530
v 1.988669 1.489173 0.077571
v 2.007669 1.470173 0.077571
v 1.988669 1.470173 0.044530
v 1.136144 0.019825 0.207001
v 1.117144 0.019825 0.173960
v 1.136144 0.000825 0.173960
v 1.136144 0.366025 0.173960
v 1.117144 0.347025 0.173960
v 1.136144 0.347025 0.207001
v 1.975696 0.000825 0.173960
v 1.994696 0.019825 0.173960
v 1.975696 0.019825 0.207001
v 1.994696 0.347025 0.173960
v 1.975696 0.366025 0.173960
v 1.975696 0.347025 0.207001
v 1.743187 0.379892 0.057981
v 1.743187 0.360893 0.116648
v 1.724187 0.379892 0.116648
v 2.007669 0.379893 0.116648
v 1.988669 0.360893 0.116648
v 1.988669 0.379893 0.057981
v 1.724187 0.932734 0.116648
v 1.743187 0.951734 0.116648
v 1.743187 0.932734 0.057981
v 1.988669 0.951734 0.116648
v 2.007669 0.932734 0.116648
v 1.988669 0.932734 0.057980
v 2.007669 0.812475 0.116648
v 1.988669 0.812474 0.057981
v 2.004633 0.743359 0.116648
v 1.965396 0.743359 0.057981
v 2.007669 0.697713 0.116648
v 1.988669 0.697713 0.057981
v 1.552119 0.009816 0.187272
v 1.545483 0.031583 0.202013
v 1.810254 0.366025 0.173960
v 1.810254 0.347025 0.207001
v 1.823157 0.000825 0.173960
v 1.892975 0.347025 0.207001
v 1.833088 0.016367 0.210187
v 1.892975 0.366025 0.173960
v 1.765160 0.043640 0.201927
v 1.851615 0.353095 0.173960
v 1.781796 0.005723 0.173960
v 1.851615 0.334095 0.207001
v 2.007669 0.486977 0.116648
v 2.007846 0.466140 0.116648
v 2.007669 0.445302 0.116648
v 1.988669 0.445302 0.057981
v 1.976997 0.466140 0.057981
v 1.988669 0.486977 0.057981
v 1.724187 1.203489 0.077571
v 1.754821 1.203489 0.044530
v 2.007669 1.288904 0.077571
v 1.988669 1.288904 0.044530
v 1.724187 1.251927 0.077571
v 1.969984 1.337342 0.044530
v 1.743187 1.251927 0.044530
v 2.007669 1.337342 0.077571
v 1.743187 0.771651 -0.392340
v 1.743187 0.790651 -0.359299
v 1.724187 0.771651 -0.359299
v 2.007669 0.771651 -0.359300
v 1.988669 0.790651 -0.359300
v 1.988669 0.771651 -0.392340
v 1.724187 0.385921 -0.359300
v 1.743187 0.366921 -0.359300
v 1.743187 0.385921 -0.392340
v 1.988669 0.366921 -0.359300
v 2.007669 0.385921 -0.359300
v 1.988669 0.385921 -0.392341
v 1.743187 1.476201 -0.378890
v 1.743187 1.495201 -0.320223
v 1.724187 1.476201 -0.320223
v 2.007669 1.476201 -0.320223
v 1.988669 1.495201 -0.320223
v 1.988669 1.476201 -0.378890
v 1.724187 0.807948 -0.320223
v 1.743187 0.788948 -0.320223
v 1.743187 0.807948 -0.378890
v 1.988669 0.788948 -0.320223
v 2.007669 0.807948 -0.320223
v 1.988669 0.807948 -0.378890
v 2.007669 0.928208 -0.320223
v 1.988669 0.928208 -0.378890
v 2.004633 0.997324 -0.320223
v 1.965396 0.997324 -0.378890
v 2.007669 1.042969 -0.320223
v 1.988669 1.042969 -0.378890
v 1.743187 1.369116 -0.378890
v 1.743187 1.389954 -0.378890
v 1.743187 1.410792 -0.378890
v 2.007669 1.369117 -0.320223
v 2.007846 1.389954 -0.320223
v 2.007669 1.410792 -0.320223
v 1.724187 1.410792 -0.320223
v 1.724187 1.389954 -0.320223
v 1.724187 1.369117 -0.320223
v 1.988669 1.410792 -0.378890
v 1.976997 1.389954 -0.378890
v 1.988669 1.369116 -0.378890
v 1.724187 0.537194 -0.359300
v 1.754821 0.537194 -0.392340
v 2.007669 0.567190 -0.359300
v 1.988669 0.567190 -0.392341
v 1.724187 0.488756 -0.359300
v 1.969984 0.518752 -0.392341
v 1.743187 0.488756 -0.392340
v 2.007669 0.518752 -0.359300
v 1.743187 0.771651 0.021662
v 1.743187 0.790651 -0.011379
v 1.724187 0.771651 -0.011379
v 2.007669 0.771651 -0.011379
v 1.988669 0.790651 -0.011379
v 1.988669 0.771651 0.021662
v 1.724187 0.385921 -0.011379
v 1.743187 0.366921 -0.011379
v 1.743187 0.385921 0.021662
v 1.988669 0.366921 -0.011379
v 2.007669 0.385921 -0.011379
v 1.988669 0.385921 0.021662
v 1.743187 1.476201 0.008211
v 1.743187 1.495201 -0.050456
v 1.724187 1.476201 -0.050456
v 2.007669 1.476201 -0.050456
v 1.988669 1.495201 -0.050456
v 1.988669 1.476201 0.008211
v 1.724187 0.807948 -0.050456
v 1.743187 0.788948 -0.050456
v 1.743187 0.807948 0.008212
v 1.988669 0.788948 -0.050456
v 2.007669 0.807948 -0.050456
v 1.988669 0.807948 0.008212
v 2.007669 0.928208 -0.050456
v 1.988669 0.928208 0.008212
v 2.004633 0.997324 -0.050456
v 1.965396 0.997324 0.008212
v 2.007669 1.042969 -0.050456
v 1.988669 1.042969 0.008212
v 1.743187 1.369117 0.008211
v 1.743187 1.389954 0.008211
v 1.743187 1.410792 0.008211
v 2.007669 1.369117 -0.050456
v 2.007846 1.389954 -0.050456
v 2.007669 1.410792 -0.050456
v 1.724187 1.410792 -0.050456
v 1.724187 1.389954 -0.050456
v 1.724187 1.369117 -0.050456
v 1.988669 1.410792 0.008211
v 1.976997 1.389954 0.008212
v 1.988669 1.369117 0.008212
v 1.724187 0.537194 -0.011379
v 1.754821 0.537194 0.021662
v 2.007669 0.567190 -0.011379
v 1.988669 0.567190 0.021662
v 1.724187 0.488756 -0.011379
v 1.969984 0.518752 0.021662
v 1.743187 0.488756 0.021662
v 2.007669 0.518752 -0.011379
v 2.033180 0.018978 0.520038
v 2.052181 0.018978 0.486997
v 2.033180 -0.000022 0.486997
v 2.033180 0.386807 0.486997
v 2.052181 0.367807 0.486997
v 2.033180 0.367807 0.520038
v 1.193628 -0.000022 0.486997
v 1.174628 0.018978 0.486997
v 1.193628 0.018978 0.520038
v 1.174628 0.367807 0.486997
v 1.193628 0.386807 0.486997
v 1.193628 0.367807 0.520038
v 1.617206 0.008969 0.500309
v 1.623842 0.030736 0.515050
v 1.359070 0.386807 0.486997
v 1.359070 0.367807 0.520038
v 1.346168 -0.000022 0.486997
v 1.276349 0.367807 0.520038
v 1.336236 0.015520 0.523224
v 1.276349 0.386807 0.486997
v 1.404165 0.042793 0.514964
v 1.317709 0.373877 0.486997
v 1.387528 0.004876 0.486997
v 1.317709 0.354877 0.520038
v 1.991616 0.019825 0.208083
v 2.010616 0.019825 0.241124
v 1.991616 0.000825 0.241124
v 1.991616 0.366025 0.241124
v 2.010616 0.347025 0.241124
v 1.991616 0.347025 0.208083
v 1.152063 0.000825 0.241124
v 1.133063 0.019825 0.241124
v 1.152063 0.019825 0.208083
v 1.133063 0.347025 0.241124
v 1.152063 0.366025 0.241124
v 1.152063 0.347025 0.208083
v 1.575641 0.009816 0.227812
v 1.582277 0.031583 0.213071
v 1.317505 0.366025 0.241124
v 1.317505 0.347025 0.208083
v 1.304603 0.000825 0.241124
v 1.234784 0.347025 0.208083
v 1.294672 0.016367 0.204897
v 1.234784 0.366025 0.241124
v 1.362600 0.043640 0.213158
v 1.276145 0.353095 0.241124
v 1.345964 0.005723 0.241124
v 1.276145 0.334095 0.208083
v 1.158026 0.019825 -0.466203
v 1.139026 0.019825 -0.433162
v 1.158026 0.000825 -0.433162
v 1.158026 0.366024 -0.433162
v 1.139026 0.347025 -0.433162
v 1.158026 0.347024 -0.466203
v 1.997578 0.000825 -0.433162
v 2.016578 0.019825 -0.433162
v 1.997578 0.019825 -0.466203
v 2.016578 0.347024 -0.433162
v 1.997578 0.366024 -0.433162
v 1.997578 0.347024 -0.466203
v 1.574000 0.009816 -0.446473
v 1.567364 0.031583 -0.461215
v 1.832136 0.366024 -0.433162
v 1.832136 0.347024 -0.466203
v 1.845038 0.000825 -0.433162
v 1.914857 0.347024 -0.466203
v 1.854970 0.016367 -0.469388
v 1.914857 0.366024 -0.433162
v 1.787042 0.043640 -0.461128
v 1.873497 0.353095 -0.433162
v 1.803678 0.005723 -0.433162
v 1.873497 0.334095 -0.466203
v 1.158026 0.019825 -0.201134
v 1.139026 0.019825 -0.234175
v 1.158026 0.000825 -0.234175
v 1.158026 0.366025 -0.234175
v 1.139026 0.347025 -0.234175
v 1.158026 0.347025 -0.201134
v 1.997578 0.000825 -0.234175
v 2.016578 0.019825 -0.234175
v 1.997578 0.019825 -0.201134
v 2.016578 0.347024 -0.234175
v 1.997578 0.366024 -0.234175
v 1.997578 0.347024 -0.201134
v 1.574000 0.009816 -0.220863
v 1.567364 0.031583 -0.206122
v 1.832136 0.366024 -0.234175
v 1.832136 0.347024 -0.201134
v 1.845038 0.000825 -0.234175
v 1.914857 0.347024 -0.201134
v 1.854970 0.016367 -0.197948
v 1.914857 0.366024 -0.234175
v 1.787042 0.043640 -0.206208
v 1.873497 0.353095 -0.234175
v 1.803678 0.005723 -0.234175
v 1.873497 0.334095 -0.201134
v 1.161243 0.969032 0.458533
v 1.161243 0.950032 0.425492
v 1.142243 0.969032 0.425492
v 1.425726 0.969032 0.425492
v 1.406726 0.950032 0.425492
v 1.406726 0.969032 0.458533
v 1.142243 1.470173 0.425492
v 1.161243 1.489173 0.425492
v 1.161243 1.470173 0.458533
v 1.406726 1.489173 0.425492
v 1.425726 1.470173 0.425492
v 1.406726 1.470173 0.458533
v 1.161243 0.379893 0.445082
v 1.161243 0.360893 0.386415
v 1.142243 0.379893 0.386415
v 1.425726 0.379893 0.386415
v 1.406726 0.360893 0.386415
v 1.406726 0.379893 0.445083
v 1.142243 0.932734 0.386415
v 1.161243 0.951734 0.386415
v 1.161243 0.932734 0.445083
v 1.406726 0.951734 0.386415
v 1.425726 0.932734 0.386415
v 1.406726 0.932734 0.445083
v 1.425726 0.812475 0.386415
v 1.406726 0.812475 0.445083
v 1.422690 0.743359 0.386415
v 1.383453 0.743359 0.445083
v 1.425726 0.697713 0.386415
v 1.406726 0.697713 0.445083
v 1.425726 0.486977 0.386415
v 1.425903 0.466140 0.386415
v 1.425726 0.445302 0.386415
v 1.406726 0.445302 0.445083
v 1.395054 0.466140 0.445083
v 1.406726 0.486977 0.445083
v 1.142243 1.203489 0.425492
v 1.172877 1.203489 0.458533
v 1.425726 1.288904 0.425492
v 1.406726 1.288904 0.458533
v 1.142243 1.251927 0.425492
v 1.388041 1.337342 0.458533
v 1.161243 1.251927 0.458533
v 1.425726 1.337342 0.425492
v 1.161243 0.969032 0.044530
v 1.161243 0.950032 0.077571
v 1.142243 0.969032 0.077571
v 1.425726 0.969032 0.077571
v 1.406726 0.950032 0.077571
v 1.406726 0.969032 0.044530
v 1.142243 1.470173 0.077571
v 1.161243 1.489173 0.077571
v 1.161243 1.470173 0.044530
v 1.406726 1.489173 0.077571
v 1.425726 1.470173 0.077571
v 1.406726 1.470173 0.044530
v 1.161243 0.379892 0.057981
v 1.161243 0.360893 0.116648
v 1.142243 0.379892 0.116648
v 1.425726 0.379893 0.116648
v 1.406726 0.360893 0.116648
v 1.406726 0.379893 0.057981
v 1.142243 0.932734 0.116648
v 1.161243 0.951734 0.116648
v 1.161243 0.932734 0.057981
v 1.406726 0.951734 0.116648
v 1.425726 0.932734 0.116648
v 1.406726 0.932734 0.057980
v 1.425726 0.812475 0.116648
v 1.406726 0.812474 0.057981
v 1.422690 0.743359 0.116648
v 1.383453 0.743359 0.057981
v 1.425726 0.697713 0.116648
v 1.406726 0.697713 0.057981
v 1.425726 0.486977 0.116648
v 1.425903 0.466140 0.116648
v 1.425726 0.445302 0.116648
v 1.406726 0.445302 0.057981
v 1.395054 0.466140 0.057981
v 1.406726 0.486977 0.057981
v 1.142243 1.203489 0.077571
v 1.172877 1.203489 0.044530
v 1.425726 1.288904 0.077571
v 1.406726 1.288904 0.044530
v 1.142243 1.251927 0.077571
v 1.388041 1.337342 0.044530
v 1.161243 1.251927 0.044530
v 1.425726 1.337342 0.077571
v 1.161243 0.771651 -0.392340
v 1.161243 0.790651 -0.359299
v 1.142243 0.771651 -0.359299
v 1.425726 0.771651 -0.359300
v 1.406726 0.790651 -0.359300
v 1.406726 0.771651 -0.392340
v 1.142243 0.385921 -0.359300
v 1.161243 0.366921 -0.359300
v 1.161243 0.385921 -0.392340
v 1.406726 0.366921 -0.359300
v 1.425726 0.385921 -0.359300
v 1.406726 0.385921 -0.392341
v 1.161243 1.476201 -0.378890
v 1.161243 1.495201 -0.320223
v 1.142243 1.476201 -0.320223
v 1.425726 1.476201 -0.320223
v 1.406726 1.495201 -0.320223
v 1.406726 1.476201 -0.378890
v 1.142243 0.807948 -0.320223
v 1.161243 0.788948 -0.320223
v 1.161243 0.807948 -0.378890
v 1.406726 0.788948 -0.320223
v 1.425726 0.807948 -0.320223
v 1.406726 0.807948 -0.378890
v 1.425726 0.928208 -0.320223
v 1.406726 0.928208 -0.378890
v 1.422690 0.997324 -0.320223
v 1.383453 0.997324 -0.378890
v 1.425726 1.042969 -0.320223
v 1.406726 1.042969 -0.378890
v 1.161243 1.369116 -0.378890
v 1.161243 1.389954 -0.378890
v 1.161243 1.410792 -0.378890
v 1.425726 1.369117 -0.320223
v 1.425903 1.389954 -0.320223
v 1.425726 1.410792 -0.320223
v 1.142243 1.410792 -0.320223
v 1.142243 1.389954 -0.320223
v 1.142243 1.369117 -0.320223
v 1.406726 1.410792 -0.378890
v 1.395054 1.389954 -0.378890
v 1.406726 1.369116 -0.378890
v 1.142243 0.537194 -0.359300
v 1.172877 0.537194 -0.392340
v 1.425726 0.567190 -0.359300
v 1.406726 0.567190 -0.392341
v 1.142243 0.488756 -0.359300
v 1.388041 0.518752 -0.392341
v 1.161243 0.488756 -0.392340
v 1.425726 0.518752 -0.359300
v 1.161243 0.771651 0.021662
v 1.161243 0.790651 -0.011379
v 1.142243 0.771651 -0.011379
v 1.425726 0.771651 -0.011379
v 1.406726 0.790651 -0.011379
v 1.406726 0.771651 0.021662
v 1.142243 0.385921 -0.011379
v 1.161243 0.366921 -0.011379
v 1.161243 0.385921 0.021662
v 1.406726 0.366921 -0.011379
v 1.425726 0.385921 -0.011379
v 1.406726 0.385921 0.021662
v 1.161243 1.476201 0.008211
v 1.161243 1.495201 -0.050456
v 1.142243 1.476201 -0.050456
v 1.425726 1.476201 -0.050456
v 1.406726 1.495201 -0.050456
v 1.406726 1.476201 0.008211
v 1.142243 0.807948 -0.050456
v 1.161243 0.788948 -0.050456
v 1.161243 0.807948 0.008212
v 1.406726 0.788948 -0.050456
v 1.425726 0.807948 -0.050456
v 1.406726 0.807948 0.008212
v 1.425726 0.928208 -0.050456
v 1.406726 0.928208 0.008212
v 1.422690 0.997324 -0.050456
v 1.383453 0.997324 0.008212
v 1.425726 1.042969 -0.050456
v 1.406726 1.042969 0.008212
v 1.161243 1.369117 0.008211
v 1.161243 1.389954 0.008211
v 1.161243 1.410792 0.008211
v 1.425726 1.369117 -0.050456
v 1.425903 1.389954 -0.050456
v 1.425726 1.410792 -0.050456
v 1.142243 1.410792 -0.050456
v 1.142243 1.389954 -0.050456
v 1.142243 1.369117 -0.050456
v 1.406726 1.410792 0.008211
v 1.395054 1.389954 0.008212
v 1.406726 1.369117 0.008212
v 1.142243 0.537194 -0.011379
v 1.172877 0.537194 0.021662
v 1.425726 0.567190 -0.011379
v 1.406726 0.567190 0.021662
v 1.142243 0.488756 -0.011379
v 1.388041 0.518752 0.021662
v 1.161243 0.488756 0.021662
v 1.425726 0.518752 -0.011379
v 1.194574 2.255914 0.292384
v 1.166939 2.255142 0.244329
v 1.193802 2.283549 0.244329
v 1.219927 1.925734 0.244329
v 1.191964 1.953058 0.244329
v 1.219608 1.953378 0.292384
v 1.951550 2.303912 0.244329
v 2.014430 2.277049 0.244329
v 1.986794 2.276277 0.292384
v 2.010869 1.962126 0.244329
v 1.949072 1.934162 0.244329
v 1.983224 1.961807 0.292384
v 1.510461 2.293076 0.244329
v 1.512749 2.248519 0.292384
v 1.685332 1.931114 0.244329
v 1.663108 1.978577 0.292384
v 1.634111 2.295044 0.244329
v 1.755174 1.969026 0.292384
v 1.633840 2.267409 0.292384
v 1.755808 1.931929 0.244329
v 1.194574 2.255914 -0.309995
v 1.166939 2.255141 -0.261918
v 1.193802 2.283549 -0.261918
v 1.219928 1.925734 -0.261918
v 1.191964 1.953059 -0.261918
v 1.219608 1.953378 -0.309995
v 1.951550 2.303913 -0.261918
v 2.014430 2.277049 -0.261918
v 1.986794 2.276277 -0.309995
v 2.010869 1.962126 -0.261918
v 1.949072 1.934162 -0.261918
v 1.983224 1.961807 -0.309995
v 1.510461 2.293076 -0.261918
v 1.511706 2.248519 -0.309995
v 1.685332 1.931114 -0.261918
v 1.685012 1.958758 -0.309995
v 1.634111 2.295044 -0.261918
v 1.755174 1.986759 -0.309995
v 1.634883 2.267409 -0.309995
v 1.755808 1.931929 -0.261918
v 1.123161 2.520589 0.292384
v 1.097541 2.510198 0.244329
v 1.112770 2.546208 0.244329
v 1.182755 2.268784 0.244329
v 1.146745 2.284013 0.244329
v 1.172364 2.294404 0.292384
v 1.842228 2.826428 0.244329
v 1.878238 2.811199 0.244329
v 1.852618 2.800809 0.292384
v 1.999588 2.332049 0.244329
v 1.973360 2.303054 0.244329
v 1.971976 2.330665 0.292384
v 1.202563 2.589181 0.244329
v 1.196715 2.523942 0.292384
v 1.571763 2.288924 0.244329
v 1.570380 2.316536 0.292384
v 1.268098 2.615521 0.244329
v 1.639411 2.347216 0.292384
v 1.278488 2.589902 0.292384
v 1.642155 2.287167 0.244329
v 1.123161 2.520589 -0.309995
v 1.097541 2.510198 -0.261918
v 1.112770 2.546208 -0.261918
v 1.182755 2.268785 -0.261918
v 1.146745 2.284013 -0.261918
v 1.172364 2.294404 -0.309995
v 1.842228 2.826428 -0.261918
v 1.878238 2.811199 -0.261918
v 1.852618 2.800809 -0.309995
v 1.999588 2.332049 -0.261918
v 1.973359 2.303054 -0.261918
v 1.971976 2.330665 -0.309995
v 1.202563 2.589181 -0.261918
v 1.196715 2.523942 -0.309995
v 1.672942 2.298312 -0.261918
v 1.671558 2.325923 -0.309995
v 1.268098 2.615521 -0.261918
v 1.740590 2.356604 -0.309995
v 1.278488 2.589902 -0.309995
v 1.743334 2.296555 -0.261918
v 0.883155 2.816844 0.292384
v 0.864242 2.796679 0.244329
v 0.862991 2.835757 0.244329
v 1.098918 2.539435 0.244329
v 1.059841 2.538184 0.244329
v 1.078754 2.558348 0.292384
v 1.401733 3.431858 0.244329
v 1.440810 3.433109 0.244329
v 1.421896 3.412945 0.292384
v 1.856002 2.853570 0.244329
v 1.840092 2.817856 0.244329
v 1.830190 2.843668 0.292384
v 1.036577 3.049524 0.244329
v 1.070590 3.017526 0.292384
v 1.472122 2.692037 0.244329
v 1.462220 2.717849 0.292384
v 1.084795 3.100929 0.244329
v 1.518287 2.768476 0.292384
v 1.104959 3.082015 0.292384
v 1.537926 2.717280 0.244329
v 0.883155 2.816844 -0.309995
v 0.864241 2.796679 -0.261918
v 0.862991 2.835757 -0.261918
v 1.098918 2.539435 -0.261918
v 1.059841 2.538184 -0.261918
v 1.078754 2.558348 -0.309995
v 1.401732 3.431858 -0.261918
v 1.440810 3.433109 -0.261918
v 1.421896 3.412945 -0.309995
v 1.856002 2.853570 -0.261918
v 1.840092 2.817856 -0.261918
v 1.830190 2.843668 -0.309995
v 1.036577 3.049524 -0.261918
v 1.069088 3.019028 -0.309995
v 1.472122 2.692037 -0.261918
v 1.462220 2.717848 -0.309995
v 1.084795 3.100929 -0.261918
v 1.518287 2.768476 -0.309995
v 1.104959 3.082015 -0.309995
v 1.537926 2.717280 -0.261918
v 0.475727 3.083310 0.292384
v 0.468478 3.056631 0.244329
v 0.449048 3.090558 0.244328
v 0.864048 2.847905 0.244329
v 0.830120 2.828476 0.244329
v 0.837368 2.855155 0.292384
v 0.693841 3.823536 0.244329
v 0.727769 3.842966 0.244329
v 0.720519 3.816287 0.292383
v 1.403353 3.466307 0.244329
v 1.404713 3.427233 0.244329
v 1.384496 3.446090 0.292384
v 0.499746 3.248265 0.244329
v 0.542761 3.236576 0.292384
v 1.103988 3.116547 0.244329
v 1.071441 3.145091 0.292384
v 0.518226 3.316279 0.244329
v 1.113150 3.209168 0.292384
v 0.544905 3.309030 0.292384
v 1.156464 3.165445 0.244329
v 0.475727 3.083309 -0.309995
v 0.468478 3.056631 -0.261918
v 0.449048 3.090558 -0.261918
v 0.864047 2.847906 -0.261918
v 0.830119 2.828476 -0.261918
v 0.837368 2.855155 -0.309995
v 0.693841 3.823536 -0.261918
v 0.727769 3.842966 -0.261918
v 0.720520 3.816287 -0.309995
v 1.403352 3.466307 -0.261918
v 1.404713 3.427233 -0.261918
v 1.384496 3.446090 -0.309995
v 0.499746 3.248265 -0.261918
v 0.542761 3.236576 -0.309995
v 1.103988 3.116547 -0.261918
v 1.071441 3.145091 -0.309995
v 0.518227 3.316278 -0.261918
v 1.099632 3.215176 -0.309995
v 0.544905 3.309030 -0.309995
v 1.156464 3.165445 -0.261918
v 0.035951 3.176918 0.286552
v 0.035436 3.149277 0.213842
v 0.006294 3.170469 0.229274
v 0.458194 3.095257 0.244328
v 0.427195 3.067406 0.244329
v 0.427830 3.095045 0.286552
v -0.001165 3.961557 0.244329
v 0.026991 3.988683 0.244329
v 0.026476 3.961042 0.286552
v 0.676977 3.856938 0.244329
v 0.694575 3.822025 0.244329
v 0.668320 3.830682 0.286552
v -0.002800 3.332225 0.244329
v 0.029465 3.334280 0.286552
v 0.532842 3.364563 0.244329
v 0.506586 3.373220 0.286552
v 0.000000 3.410620 0.244329
v 0.536215 3.448669 0.286552
v 0.069352 3.438644 0.286552
v 0.554913 3.431498 0.244329
v 0.000000 3.179755 -0.309995
v 0.000000 3.152114 -0.261918
v -0.027150 3.180270 -0.261918
v 0.457313 3.090854 -0.261918
v 0.427195 3.067406 -0.261918
v 0.427830 3.095045 -0.309995
v -0.001165 3.961557 -0.261918
v 0.026991 3.988683 -0.261918
v 0.026476 3.961042 -0.309995
v 0.676977 3.856938 -0.261918
v 0.694575 3.822025 -0.261918
v 0.668320 3.830682 -0.309995
v -0.002800 3.332225 -0.261918
v 0.013535 3.315915 -0.309995
v 0.532842 3.364563 -0.261918
v 0.506587 3.373220 -0.309995
v 0.000000 3.410619 -0.261918
v 0.502837 3.448669 -0.309995
v 0.067391 3.442441 -0.309995
v 0.554913 3.431498 -0.261918
v 1.992483 1.511204 0.475955
v 2.016634 1.511204 0.441351
v 1.992483 1.480808 0.441351
v 1.992483 1.934308 0.441351
v 2.016634 1.903913 0.441351
v 1.992483 1.903913 0.475955
v 1.165476 1.480808 0.441351
v 1.141324 1.511203 0.441351
v 1.165476 1.511203 0.475955
v 1.141324 1.903913 0.441351
v 1.165476 1.934308 0.441351
v 1.165476 1.903913 0.475955
v 1.504472 1.480808 0.441351
v 1.504472 1.529815 0.475955
v 1.616195 1.934308 0.441351
v 1.616195 1.903913 0.475955
v 1.442899 1.480808 0.441351
v 1.540855 1.874022 0.475955
v 1.442899 1.511203 0.475955
v 1.540855 1.934308 0.441351
v 1.992483 1.511204 0.059477
v 2.016635 1.511204 0.101477
v 1.992483 1.480808 0.101477
v 1.992483 1.934308 0.101476
v 2.016635 1.903913 0.101476
v 1.992483 1.903913 0.059476
v 1.165476 1.480808 0.101476
v 1.141324 1.511203 0.101476
v 1.165476 1.511203 0.059476
v 1.141324 1.903913 0.101476
v 1.165476 1.934308 0.101476
v 1.165476 1.903913 0.059476
v 1.504472 1.480808 0.101476
v 1.504472 1.529815 0.059476
v 1.395896 1.934308 0.101476
v 1.395896 1.903913 0.059476
v 1.442899 1.480808 0.101476
v 1.334324 1.874022 0.059476
v 1.442899 1.511203 0.059476
v 1.334324 1.934308 0.101476
v 1.157813 1.511204 -0.401084
v 1.133661 1.511204 -0.339642
v 1.157813 1.480808 -0.339642
v 1.157813 1.934308 -0.339642
v 1.133661 1.903913 -0.339642
v 1.157813 1.903913 -0.401085
v 2.007263 1.480808 -0.339642
v 2.031415 1.511204 -0.339642
v 2.007263 1.511204 -0.401084
v 2.031415 1.903913 -0.339642
v 2.007263 1.934308 -0.339642
v 2.007263 1.903913 -0.401085
v 1.854394 1.934308 -0.339642
v 1.854394 1.903913 -0.401085
v 1.766538 1.929452 -0.339642
v 1.766538 1.902176 -0.401085
v 1.708515 1.934308 -0.339642
v 1.708515 1.903913 -0.401085
v 1.293934 1.511204 -0.401085
v 1.267446 1.511204 -0.401084
v 1.240959 1.511204 -0.401084
v 1.335657 1.934308 -0.339642
v 1.267446 1.934592 -0.339642
v 1.240958 1.934308 -0.339642
v 1.240958 1.480808 -0.339642
v 1.267446 1.480808 -0.339642
v 1.293934 1.480808 -0.339642
v 1.240958 1.903913 -0.401085
v 1.267446 1.885240 -0.401085
v 1.345045 1.903913 -0.401085
v 1.157813 1.511204 0.013310
v 1.133661 1.511204 -0.061265
v 1.157813 1.480808 -0.061265
v 1.157813 1.934308 -0.061265
v 1.133661 1.903913 -0.061265
v 1.157813 1.903913 0.013310
v 2.007263 1.480808 -0.061265
v 2.031415 1.511203 -0.061265
v 2.007263 1.511203 0.013310
v 2.031415 1.903913 -0.061265
v 2.007263 1.934308 -0.061265
v 2.007263 1.903913 0.013310
v 1.854394 1.934308 -0.061265
v 1.854394 1.903913 0.013310
v 1.766538 1.929452 -0.061265
v 1.766538 1.866682 0.013310
v 1.708515 1.934308 -0.061265
v 1.708515 1.903913 0.013310
v 1.293934 1.511204 0.013310
v 1.267446 1.511204 0.013310
v 1.240958 1.511204 0.013310
v 1.293934 1.934308 -0.061265
v 1.267446 1.934592 -0.061265
v 1.240958 1.934308 -0.061265
v 1.240958 1.480808 -0.061265
v 1.267446 1.480808 -0.061265
v 1.293934 1.480808 -0.061265
v 1.240958 1.903913 0.013310
v 1.267446 1.885240 0.013310
v 1.293934 1.903913 0.013310
v 1.797928 0.234944 0.321459
v 1.797928 1.590081 0.321459
v 1.797928 0.234944 -0.234059
v 1.797928 1.590081 -0.234060
v 1.342224 0.234944 0.321459
v 1.342224 1.590081 0.321459
v 1.342224 0.234944 -0.234059
v 1.342224 1.590081 -0.234060
v -1.482490 3.986804 0.184478
v -1.501490 3.986804 0.151437
v -1.482490 4.005804 0.151437
v -1.482490 3.631635 0.151437
v -1.501490 3.650635 0.151437
v -1.482490 3.650635 0.184478
v -1.132223 4.005804 0.151437
v -1.113223 3.986804 0.151437
v -1.132223 3.986804 0.184478
v -1.113223 3.650635 0.151437
v -1.132223 3.631635 0.151437
v -1.132223 3.650635 0.184478
v -0.751754 3.988368 0.192162
v -0.770754 3.988368 0.225203
v -0.770754 4.007368 0.192162
v -1.099654 3.988368 0.225202
v -1.118654 3.988368 0.192162
v -1.099654 4.007368 0.192162
v -0.751754 3.441793 0.192162
v -0.770754 3.422794 0.192162
v -0.770754 3.441793 0.225203
v -1.118654 3.441793 0.192162
v -1.092149 3.451801 0.225132
v -1.099654 3.422794 0.192162
v -1.630617 3.382370 0.207001
v -1.630617 3.401370 0.173960
v -1.611617 3.382370 0.173960
v -2.001195 3.382370 0.173960
v -1.982195 3.401370 0.173960
v -1.982195 3.382370 0.207001
v -1.611617 2.497478 0.173960
v -1.630617 2.478478 0.173960
v -1.630617 2.497478 0.207001
v -1.982195 2.478478 0.173960
v -2.001195 2.497478 0.173960
v -1.982195 2.497478 0.207001
v -1.978299 3.419055 0.189234
v -1.978299 3.400054 0.164851
v -1.997299 3.419055 0.164851
v -1.610916 3.419055 0.164851
v -1.629916 3.400054 0.164851
v -1.629916 3.419055 0.189234
v -1.997299 3.614377 0.164851
v -1.978299 3.633377 0.164851
v -1.978299 3.614377 0.189234
v -1.629916 3.633377 0.164852
v -1.610916 3.614377 0.164852
v -1.629916 3.614377 0.189234
v -1.032463 3.965551 0.225203
v -1.043047 4.007368 0.192162
v -0.985690 3.458171 0.225224
v -0.989377 3.424089 0.192162
v -0.761242 3.909895 0.192162
v -0.751754 3.848117 0.192162
v -0.770754 3.848117 0.225203
v -0.787963 3.909895 0.225203
v -1.111927 3.848117 0.192162
v -1.118654 3.909895 0.192162
v -1.099654 3.909895 0.225202
v -1.080200 3.848117 0.225202
v -1.230309 4.006041 0.151437
v -1.230309 3.973731 0.184478
v -1.338791 3.986804 0.184478
v -1.338791 4.005804 0.151437
v -1.844902 3.432522 0.189234
v -1.774921 3.445121 0.190204
v -1.804107 3.400054 0.164851
v -1.844902 3.404474 0.164851
v -1.808176 3.579968 0.190912
v -1.867632 3.590134 0.189234
v -1.908426 3.614377 0.189234
v -1.908426 3.633377 0.164851
v -1.867632 3.631150 0.164851
v -1.826838 3.633377 0.164852
v -1.614445 2.863258 0.173960
v -1.639237 2.863258 0.207001
v -2.001195 2.825547 0.173960
v -1.982195 2.825547 0.207001
v -1.611617 2.803651 0.173960
v -1.966033 2.765940 0.207001
v -1.630617 2.803651 0.207001
v -2.001017 2.765940 0.173960
v -1.997299 3.544038 0.164851
v -1.961587 3.544038 0.189234
v -1.978299 3.466253 0.189234
v -1.997299 3.466253 0.164851
v -1.979731 3.646626 0.219036
v -1.979731 3.627626 0.185995
v -1.998731 3.646626 0.185995
v -1.499110 3.646626 0.185995
v -1.518110 3.627626 0.185995
v -1.518110 3.646626 0.219036
v -1.998731 3.991049 0.185995
v -1.979731 4.010049 0.185995
v -1.979731 3.991049 0.219035
v -1.518110 4.010049 0.185995
v -1.499110 3.991049 0.185995
v -1.518110 3.991049 0.219036
v -1.998968 3.892962 0.185995
v -1.966658 3.892962 0.219035
v -1.979731 3.784481 0.219035
v -1.998731 3.784481 0.185995
v -1.932848 3.973036 0.219035
v -1.932848 4.010049 0.185995
v -1.879823 4.010049 0.185995
v -1.879823 3.991049 0.219035
v -0.736193 3.986804 0.184478
v -0.755192 3.986804 0.151437
v -0.736193 4.005804 0.151437
v -0.736193 3.690638 0.151437
v -0.755192 3.709638 0.151437
v -0.736193 3.709638 0.184478
v -0.385926 4.005804 0.151437
v -0.366926 3.986804 0.151437
v -0.385926 3.986804 0.184478
v -0.366926 3.709638 0.151437
v -0.385926 3.690638 0.151437
v -0.385926 3.709638 0.184478
v -0.484012 4.006041 0.151437
v -0.484012 3.973731 0.184478
v -0.592494 3.986804 0.184478
v -0.592494 4.005804 0.151437
v -1.595219 3.615928 0.183397
v -1.614219 3.615928 0.150356
v -1.595219 3.634928 0.150356
v -1.595219 2.871538 0.150356
v -1.614219 2.894081 0.150356
v -1.595219 2.894081 0.183397
v -1.134242 3.632650 0.150356
v -1.115786 3.615928 0.150356
v -1.134786 3.615928 0.183397
v -1.134786 2.894081 0.183397
v -1.115786 2.894081 0.150356
v -1.134786 2.871538 0.150356
v -1.156429 3.507573 0.183397
v -1.126306 3.507573 0.150356
v -1.595219 3.507573 0.183397
v -1.614219 3.507573 0.150356
v -1.115786 3.447796 0.150356
v -1.576513 3.447796 0.183397
v -1.134786 3.447796 0.183397
v -1.613526 3.447796 0.150356
v -1.388982 3.634928 0.150356
v -1.388982 3.615928 0.183397
v -1.506424 2.871538 0.150356
v -1.506424 2.894081 0.183397
v -1.322472 3.632293 0.150356
v -1.339167 2.911320 0.183397
v -1.321928 3.595726 0.183397
v -1.339167 2.871538 0.150356
v -1.592547 3.249826 0.183397
v -1.613873 3.249826 0.150356
v -0.359494 3.530863 0.183810
v -0.359494 3.511863 0.150769
v -0.378495 3.530863 0.150769
v -0.378495 3.980774 0.150769
v -0.359494 3.999774 0.150769
v -0.359494 3.980774 0.183810
v -0.226097 3.544331 0.183810
v -0.185303 3.530863 0.183810
v -0.185303 3.511863 0.150769
v -0.226097 3.516283 0.150769
v -0.129635 3.956532 0.183810
v -0.170429 3.980774 0.183810
v -0.170429 3.999774 0.150769
v -0.129635 3.997548 0.150769
v -0.378495 3.851432 0.150769
v -0.342783 3.851432 0.183810
v -0.359494 3.714643 0.183810
v -0.378495 3.714643 0.150769
v 1.482490 3.986804 0.184478
v 1.501490 3.986804 0.151437
v 1.482490 4.005804 0.151437
v 1.482490 3.690638 0.151437
v 1.501490 3.709638 0.151437
v 1.482490 3.709638 0.184478
v 1.132223 4.005804 0.151437
v 1.113223 3.986804 0.151437
v 1.132223 3.986804 0.184478
v 1.113223 3.709638 0.151437
v 1.132223 3.690638 0.151437
v 1.132223 3.709638 0.184478
v 0.751754 3.988368 0.192162
v 0.770754 3.988368 0.225203
v 0.770754 4.007368 0.192162
v 1.099654 3.988368 0.225202
v 1.118654 3.988368 0.192162
v 1.099654 4.007368 0.192162
v 0.751754 3.441793 0.192162
v 0.770754 3.422794 0.192162
v 0.770754 3.441793 0.225203
v 1.118654 3.441793 0.192162
v 1.092149 3.451801 0.225132
v 1.099654 3.422794 0.192162
v 1.630617 3.186785 0.137958
v 1.630617 3.205785 0.115937
v 1.611617 3.186785 0.115937
v 2.001195 3.186785 0.115937
v 1.982195 3.205785 0.115937
v 1.982195 3.186785 0.137958
v 1.611617 2.497478 0.115937
v 1.630617 2.478478 0.115937
v 1.630617 2.497478 0.137958
v 1.982195 2.478478 0.115937
v 2.001195 2.497478 0.115937
v 1.982195 2.497478 0.137958
v 1.978299 3.223469 0.156989
v 1.978299 3.204469 0.136761
v 1.997299 3.223469 0.136761
v 1.610916 3.223469 0.136761
v 1.629916 3.204469 0.136761
v 1.629916 3.223469 0.156989
v 1.997299 3.673380 0.136761
v 1.978299 3.692380 0.136761
v 1.978299 3.673380 0.156989
v 1.629916 3.692380 0.136761
v 1.610916 3.673380 0.136761
v 1.629916 3.673380 0.156989
v 1.032463 3.965551 0.225203
v 1.043047 4.007368 0.192162
v 0.985690 3.458171 0.225224
v 0.989377 3.424089 0.192162
v 0.761242 3.909895 0.192162
v 0.751754 3.848117 0.192162
v 0.770754 3.848117 0.225203
v 0.787963 3.909895 0.225203
v 1.111927 3.848117 0.192162
v 1.118654 3.909895 0.192162
v 1.099654 3.909895 0.225202
v 1.080200 3.848117 0.225202
v 1.230309 4.006041 0.151437
v 1.230309 3.973731 0.184478
v 1.338791 3.986804 0.184478
v 1.338791 4.005804 0.151437
v 1.844902 3.236937 0.156989
v 1.774921 3.249536 0.157794
v 1.804107 3.204469 0.136761
v 1.844902 3.208889 0.136761
v 1.808176 3.638972 0.158381
v 1.867632 3.649137 0.156989
v 1.908426 3.673380 0.156989
v 1.908426 3.692380 0.136761
v 1.867632 3.690154 0.136761
v 1.826838 3.692380 0.136761
v 1.614445 2.863258 0.115937
v 1.639237 2.863258 0.137958
v 2.001195 2.825547 0.115937
v 1.982195 2.825547 0.137958
v 1.611617 2.803651 0.115937
v 1.966033 2.765940 0.137958
v 1.630617 2.803651 0.137958
v 2.001017 2.765940 0.115937
v 1.997299 3.544038 0.136761
v 1.961587 3.544038 0.156989
v 1.978299 3.407249 0.156989
v 1.997299 3.407249 0.136761
v 1.979731 3.705630 0.219035
v 1.979731 3.686630 0.185995
v 1.998731 3.705630 0.185995
v 1.499110 3.705630 0.185995
v 1.518110 3.686630 0.185995
v 1.518110 3.705630 0.219036
v 1.998731 3.991049 0.185995
v 1.979731 4.010049 0.185995
v 1.979731 3.991049 0.219035
v 1.518110 4.010049 0.185995
v 1.499110 3.991049 0.185995
v 1.518110 3.991049 0.219036
v 1.998968 3.892962 0.185995
v 1.966658 3.892962 0.219035
v 1.979731 3.784481 0.219035
v 1.998731 3.784481 0.185995
v 1.932848 3.973036 0.219035
v 1.932848 4.010049 0.185995
v 1.879823 4.010049 0.185995
v 1.879823 3.991049 0.219035
v 0.736193 3.986804 0.184478
v 0.755192 3.986804 0.151437
v 0.736193 4.005804 0.151437
v 0.736193 3.690638 0.151437
v 0.755192 3.709638 0.151437
v 0.736193 3.709638 0.184478
v 0.385926 4.005804 0.151437
v 0.366926 3.986804 0.151437
v 0.385926 3.986804 0.184478
v 0.366926 3.709638 0.151437
v 0.385926 3.690638 0.151437
v 0.385926 3.709638 0.184478
v 0.484012 4.006041 0.151437
v 0.484012 3.973731 0.184478
v 0.592494 3.986804 0.184478
v 0.592494 4.005804 0.151437
v 1.595219 3.674932 0.183397
v 1.614219 3.674932 0.150356
v 1.595219 3.693932 0.150356
v 1.595219 2.871538 0.150356
v 1.614219 2.894081 0.150356
v 1.595219 2.894081 0.183397
v 1.134242 3.691653 0.150356
v 1.115786 3.674932 0.150356
v 1.134786 3.674932 0.183397
v 1.134786 2.894081 0.183397
v 1.115786 2.894081 0.150356
v 1.134786 2.871538 0.150356
v 1.156429 3.507573 0.183397
v 1.126306 3.507573 0.150356
v 1.595219 3.507573 0.183397
v 1.614219 3.507573 0.150356
v 1.115786 3.447796 0.150356
v 1.576513 3.447796 0.183397
v 1.134786 3.447796 0.183397
v 1.613526 3.447796 0.150356
v 1.388982 3.693932 0.150356
v 1.388982 3.674932 0.183397
v 1.506424 2.871538 0.150356
v 1.506424 2.894081 0.183397
v 1.322472 3.691297 0.150356
v 1.339167 2.911320 0.183397
v 1.321928 3.654729 0.183397
v 1.339167 2.871538 0.150356
v 1.592547 3.249826 0.183397
v 1.613873 3.249826 0.150356
v 0.359494 3.530863 0.183810
v 0.359494 3.511863 0.150769
v 0.378495 3.530863 0.150769
v 0.000000 3.511863 0.150769
v 0.000000 3.530863 0.183810
v 0.378495 3.980774 0.150769
v 0.359494 3.999774 0.150769
v 0.359494 3.980774 0.183810
v 0.000000 3.980774 0.183810
v 0.226097 3.544331 0.183810
v 0.185303 3.530863 0.183810
v 0.185303 3.511863 0.150769
v 0.226097 3.516283 0.150769
v 0.129635 3.956532 0.183810
v 0.170429 3.980774 0.183810
v 0.170429 3.999774 0.150769
v 0.129635 3.997548 0.150769
v 0.000000 3.999774 0.150769
v 0.378495 3.851432 0.150769
v 0.342783 3.851432 0.183810
v 0.359494 3.714643 0.183810
v 0.378495 3.714643 0.150769
v -1.482490 3.986804 -0.184480
v -1.501490 3.986804 -0.151439
v -1.482490 4.005804 -0.151439
v -1.482490 3.631635 -0.151439
v -1.501490 3.650635 -0.151439
v -1.482490 3.650635 -0.184480
v -1.132223 4.005804 -0.151439
v -1.113223 3.986804 -0.151439
v -1.132223 3.986804 -0.184480
v -1.113223 3.650635 -0.151439
v -1.132223 3.631635 -0.151439
v -1.132223 3.650635 -0.184479
v -0.751754 3.988368 -0.192163
v -0.770754 3.988368 -0.225204
v -0.770754 4.007368 -0.192163
v -1.099654 3.988368 -0.225204
v -1.118654 3.988368 -0.192163
v -1.099654 4.007368 -0.192163
v -0.751754 3.441793 -0.192163
v -0.770754 3.422794 -0.192163
v -0.770754 3.441793 -0.225204
v -1.118654 3.441793 -0.192163
v -1.092149 3.451801 -0.225134
v -1.099654 3.422794 -0.192163
v -1.630617 3.382370 -0.207002
v -1.630617 3.401370 -0.173961
v -1.611617 3.382370 -0.173961
v -2.001195 3.382370 -0.173961
v -1.982195 3.401370 -0.173961
v -1.982195 3.382370 -0.207002
v -1.611617 2.497478 -0.173961
v -1.630617 2.478478 -0.173961
v -1.630617 2.497478 -0.207002
v -1.982195 2.478478 -0.173961
v -2.001195 2.497478 -0.173961
v -1.982195 2.497478 -0.207002
v -1.978299 3.419055 -0.189235
v -1.978299 3.400054 -0.164852
v -1.997299 3.419055 -0.164852
v -1.610916 3.419055 -0.164853
v -1.629916 3.400054 -0.164853
v -1.629916 3.419055 -0.189235
v -1.997299 3.614377 -0.164853
v -1.978299 3.633377 -0.164853
v -1.978299 3.614377 -0.189235
v -1.629916 3.633377 -0.164853
v -1.610916 3.614377 -0.164853
v -1.629916 3.614377 -0.189235
v -1.032463 3.965551 -0.225204
v -1.043047 4.007368 -0.192163
v -0.985690 3.458171 -0.225225
v -0.989377 3.424089 -0.192163
v -0.761242 3.909895 -0.192163
v -0.751754 3.848117 -0.192163
v -0.770754 3.848117 -0.225204
v -0.787963 3.909895 -0.225204
v -1.111927 3.848117 -0.192163
v -1.118654 3.909895 -0.192163
v -1.099654 3.909895 -0.225204
v -1.080200 3.848117 -0.225204
v -1.230309 4.006041 -0.151439
v -1.230309 3.973731 -0.184480
v -1.338791 3.986804 -0.184480
v -1.338791 4.005804 -0.151439
v -1.844902 3.432522 -0.189235
v -1.774921 3.445121 -0.190205
v -1.804107 3.400054 -0.164853
v -1.844902 3.404474 -0.164852
v -1.808176 3.579968 -0.190913
v -1.867632 3.590134 -0.189235
v -1.908426 3.614377 -0.189235
v -1.908426 3.633377 -0.164853
v -1.867632 3.631150 -0.164853
v -1.826838 3.633377 -0.164853
v -1.614445 2.863258 -0.173961
v -1.639237 2.863258 -0.207002
v -2.001195 2.825547 -0.173961
v -1.982195 2.825547 -0.207002
v -1.611617 2.803651 -0.173961
v -1.966033 2.765940 -0.207002
v -1.630617 2.803651 -0.207002
v -2.001017 2.765940 -0.173961
v -1.997299 3.544038 -0.164853
v -1.961587 3.544038 -0.189235
v -1.978299 3.466253 -0.189235
v -1.997299 3.466253 -0.164853
v -1.979731 3.646626 -0.219037
v -1.979731 3.627626 -0.185996
v -1.998731 3.646626 -0.185996
v -1.499110 3.646626 -0.185996
v -1.518110 3.627626 -0.185996
v -1.518110 3.646626 -0.219037
v -1.998731 3.991049 -0.185996
v -1.979731 4.010049 -0.185996
v -1.979731 3.991049 -0.219037
v -1.518110 4.010049 -0.185996
v -1.499110 3.991049 -0.185996
v -1.518110 3.991049 -0.219037
v -1.998968 3.892962 -0.185996
v -1.966658 3.892962 -0.219037
v -1.979731 3.784481 -0.219037
v -1.998731 3.784481 -0.185996
v -1.932848 3.973036 -0.219037
v -1.932848 4.010049 -0.185996
v -1.879823 4.010049 -0.185996
v -1.879823 3.991049 -0.219037
v -0.736193 3.986804 -0.184480
v -0.755192 3.986804 -0.151439
v -0.736193 4.005804 -0.151439
v -0.736193 3.690638 -0.151439
v -0.755192 3.709638 -0.151439
v -0.736193 3.709638 -0.184480
v -0.385926 4.005804 -0.151439
v -0.366926 3.986804 -0.151439
v -0.385926 3.986804 -0.184480
v -0.366926 3.709638 -0.151439
v -0.385926 3.690638 -0.151439
v -0.385926 3.709638 -0.184479
v -0.484012 4.006041 -0.151439
v -0.484012 3.973731 -0.184480
v -0.592494 3.986804 -0.184480
v -0.592494 4.005804 -0.151439
v -1.595219 3.615928 -0.183398
v -1.614219 3.615928 -0.150357
v -1.595219 3.634928 -0.150357
v -1.595219 2.871538 -0.150357
v -1.614219 2.894081 -0.150357
v -1.595219 2.894081 -0.183398
v -1.134242 3.632650 -0.150357
v -1.115786 3.615928 -0.150357
v -1.134786 3.615928 -0.183398
v -1.134786 2.894081 -0.183398
v -1.115786 2.894081 -0.150357
v -1.134786 2.871538 -0.150357
v -1.156429 3.507573 -0.183398
v -1.126306 3.507573 -0.150357
v -1.595219 3.507573 -0.183398
v -1.614219 3.507573 -0.150357
v -1.115786 3.447796 -0.150357
v -1.576513 3.447796 -0.183398
v -1.134786 3.447796 -0.183398
v -1.613526 3.447796 -0.150357
v -1.388982 3.634928 -0.150357
v -1.388982 3.615928 -0.183398
v -1.506424 2.871538 -0.150357
v -1.506424 2.894081 -0.183398
v -1.322472 3.632293 -0.150357
v -1.339167 2.911320 -0.183398
v -1.321928 3.595726 -0.183398
v -1.339167 2.871538 -0.150357
v -1.592547 3.249826 -0.183398
v -1.613873 3.249826 -0.150357
v -0.359494 3.530863 -0.183811
v -0.359494 3.511863 -0.150770
v -0.378495 3.530863 -0.150770
v -0.378495 3.980774 -0.150770
v -0.359494 3.999774 -0.150770
v -0.359494 3.980774 -0.183811
v -0.226097 3.544331 -0.183811
v -0.185303 3.530863 -0.183811
v -0.185303 3.511863 -0.150770
v -0.226097 3.516283 -0.150770
v -0.129635 3.956532 -0.183811
v -0.170429 3.980774 -0.183811
v -0.170429 3.999774 -0.150770
v -0.129635 3.997548 -0.150770
v -0.378495 3.851432 -0.150770
v -0.342783 3.851432 -0.183811
v -0.359494 3.714643 -0.183811
v -0.378495 3.714643 -0.150770
v 1.482490 3.986804 -0.184480
v 1.501490 3.986804 -0.151439
v 1.482490 4.005804 -0.151439
v 1.482490 3.690638 -0.151439
v 1.501490 3.709638 -0.151439
v 1.482490 3.709638 -0.184480
v 1.132223 4.005804 -0.151439
v 1.113223 3.986804 -0.151439
v 1.132223 3.986804 -0.184480
v 1.113223 3.709638 -0.151439
v 1.132223 3.690638 -0.151439
v 1.132223 3.709638 -0.184479
v 0.751754 3.988368 -0.192163
v 0.770754 3.988368 -0.225204
v 0.770754 4.007368 -0.192163
v 1.099654 3.988368 -0.225204
v 1.118654 3.988368 -0.192163
v 1.099654 4.007368 -0.192163
v 0.751754 3.441793 -0.192163
v 0.770754 3.422794 -0.192163
v 0.770754 3.441793 -0.225204
v 1.118654 3.441793 -0.192163
v 1.092149 3.451801 -0.225134
v 1.099654 3.422794 -0.192163
v 1.630617 3.186785 -0.137959
v 1.630617 3.205785 -0.115938
v 1.611617 3.186785 -0.115938
v 2.001195 3.186785 -0.115938
v 1.982195 3.205785 -0.115938
v 1.982195 3.186785 -0.137959
v 1.611617 2.497478 -0.115938
v 1.630617 2.478478 -0.115938
v 1.630617 2.497478 -0.137959
v 1.982195 2.478478 -0.115938
v 2.001195 2.497478 -0.115938
v 1.982195 2.497478 -0.137959
v 1.978299 3.223469 -0.156990
v 1.978299 3.204469 -0.136762
v 1.997299 3.223469 -0.136762
v 1.610916 3.223469 -0.136762
v 1.629916 3.204469 -0.136762
v 1.629916 3.223469 -0.156990
v 1.997299 3.673380 -0.136762
v 1.978299 3.692380 -0.136762
v 1.978299 3.673380 -0.156990
v 1.629916 3.692380 -0.136763
v 1.610916 3.673380 -0.136763
v 1.629916 3.673380 -0.156990
v 1.032463 3.965551 -0.225204
v 1.043047 4.007368 -0.192163
v 0.985690 3.458171 -0.225225
v 0.989377 3.424089 -0.192163
v 0.761242 3.909895 -0.192163
v 0.751754 3.848117 -0.192163
v 0.770754 3.848117 -0.225204
v 0.787963 3.909895 -0.225204
v 1.111927 3.848117 -0.192163
v 1.118654 3.909895 -0.192163
v 1.099654 3.909895 -0.225204
v 1.080200 3.848117 -0.225204
v 1.230309 4.006041 -0.151439
v 1.230309 3.973731 -0.184480
v 1.338791 3.986804 -0.184480
v 1.338791 4.005804 -0.151439
v 1.844902 3.236937 -0.156990
v 1.774921 3.249536 -0.157795
v 1.804107 3.204469 -0.136762
v 1.844902 3.208889 -0.136762
v 1.808176 3.638972 -0.158383
v 1.867632 3.649137 -0.156990
v 1.908426 3.673380 -0.156990
v 1.908426 3.692380 -0.136762
v 1.867632 3.690154 -0.136762
v 1.826838 3.692380 -0.136763
v 1.614445 2.863258 -0.115938
v 1.639237 2.863258 -0.137959
v 2.001195 2.825547 -0.115938
v 1.982195 2.825547 -0.137959
v 1.611617 2.803651 -0.115938
v 1.966033 2.765940 -0.137959
v 1.630617 2.803651 -0.137959
v 2.001017 2.765940 -0.115938
v 1.997299 3.544038 -0.136762
v 1.961587 3.544038 -0.156990
v 1.978299 3.407249 -0.156990
v 1.997299 3.407249 -0.136762
v 1.979731 3.705630 -0.219037
v 1.979731 3.686630 -0.185996
v 1.998731 3.705630 -0.185996
v 1.499110 3.705630 -0.185996
v 1.518110 3.686630 -0.185996
v 1.518110 3.705630 -0.219037
v 1.998731 3.991049 -0.185996
v 1.979731 4.010049 -0.185996
v 1.979731 3.991049 -0.219037
v 1.518110 4.010049 -0.185996
v 1.499110 3.991049 -0.185996
v 1.518110 3.991049 -0.219037
v 1.998968 3.892962 -0.185996
v 1.966658 3.892962 -0.219037
v 1.979731 3.784481 -0.219037
v 1.998731 3.784481 -0.185996
v 1.932848 3.973036 -0.219037
v 1.932848 4.010049 -0.185996
v 1.879823 4.010049 -0.185996
v 1.879823 3.991049 -0.219037
v 0.736193 3.986804 -0.184480
v 0.755192 3.986804 -0.151439
v 0.736193 4.005804 -0.151439
v 0.736193 3.690638 -0.151439
v 0.755192 3.709638 -0.151439
v 0.736193 3.709638 -0.184480
v 0.385926 4.005804 -0.151439
v 0.366926 3.986804 -0.151439
v 0.385926 3.986804 -0.184480
v 0.366926 3.709638 -0.151439
v 0.385926 3.690638 -0.151439
v 0.385926 3.709638 -0.184479
v 0.484012 4.006041 -0.151439
v 0.484012 3.973731 -0.184480
v 0.592494 3.986804 -0.184480
v 0.592494 4.005804 -0.151439
v 1.595219 3.674932 -0.183398
v 1.614219 3.674932 -0.150357
v 1.595219 3.693932 -0.150357
v 1.595219 2.871538 -0.150357
v 1.614219 2.894081 -0.150357
v 1.595219 2.894081 -0.183398
v 1.134242 3.691653 -0.150357
v 1.115786 3.674932 -0.150357
v 1.134786 3.674932 -0.183398
v 1.134786 2.894081 -0.183398
v 1.115786 2.894081 -0.150357
v 1.134786 2.871538 -0.150357
v 1.156429 3.507573 -0.183398
v 1.126306 3.507573 -0.150357
v 1.595219 3.507573 -0.183398
v 1.614219 3.507573 -0.150357
v 1.115786 3.447796 -0.150357
v 1.576513 3.447796 -0.183398
v 1.134786 3.447796 -0.183398
v 1.613526 3.447796 -0.150357
v 1.388982 3.693932 -0.150357
v 1.388982 3.674932 -0.183398
v 1.506424 2.871538 -0.150357
v 1.506424 2.894081 -0.183398
v 1.322472 3.691297 -0.150357
v 1.339167 2.911320 -0.183398
v 1.321928 3.654729 -0.183398
v 1.339167 2.871538 -0.150357
v 1.592547 3.249826 -0.183398
v 1.613873 3.249826 -0.150357
v 0.359494 3.530863 -0.183811
v 0.359494 3.511863 -0.150770
v 0.378495 3.530863 -0.150770
v 0.000000 3.511863 -0.150770
v 0.000000 3.530863 -0.183811
v 0.378495 3.980774 -0.150770
v 0.359494 3.999774 -0.150770
v 0.359494 3.980774 -0.183811
v 0.000000 3.980774 -0.183811
v 0.226097 3.544331 -0.183811
v 0.185303 3.530863 -0.183811
v 0.185303 3.511863 -0.150770
v 0.226097 3.516283 -0.150770
v 0.129635 3.956532 -0.183811
v 0.170429 3.980774 -0.183811
v 0.170429 3.999774 -0.150770
v 0.129635 3.997548 -0.150770
v 0.000000 3.999774 -0.150770
v 0.378495 3.851432 -0.150770
v 0.342783 3.851432 -0.183811
v 0.359494 3.714643 -0.183811
v 0.378495 3.714643 -0.150770
v 1.285520 2.615736 0.244329
v 1.255467 2.674398 0.292384
v 1.285520 2.615736 -0.261918
v 1.270487 2.638098 -0.309995
v -0.000582 3.538888 0.244329
v 0.602268 3.639676 0.286552
v 0.020877 3.551141 0.286552
v 0.624744 3.626761 0.244329
v -0.000583 3.686088 -0.261918
v 0.585578 3.639676 -0.309995
v 0.027637 3.685573 -0.309995
v 0.624744 3.626761 -0.261918
v 1.218502 3.538639 0.292384
v 1.019963 3.592386 0.292384
v 0.886514 3.723738 0.292384
v 0.896665 3.748801 0.244329
v 1.033017 3.615834 0.244329
v 1.234457 3.560472 0.244329
v 1.218502 3.538639 -0.309995
v 1.019964 3.592385 -0.309995
v 0.886514 3.723737 -0.309995
v 0.896665 3.748801 -0.261918
v 1.033017 3.615834 -0.261918
v 1.234457 3.560472 -0.261918
v -1.478382 2.250247 0.292384
v -1.477247 2.290850 0.244329
v -1.478382 2.275513 -0.309995
v -1.477247 2.290850 -0.261918
vt 0.492419 0.831775
vt 0.450372 0.831775
vt 0.450372 0.825920
vt 0.492419 0.825920
vt 0.000000 0.000000
vt 1.000000 0.000000
vt 1.000000 1.000000
vt 0.000000 1.000000
vt 0.734145 0.668124
vt 0.737446 0.676337
vt 0.737026 0.693577
vt 0.697483 0.693577
vt 0.697483 0.683576
vt 0.699046 0.678576
vt 0.697483 0.673576
vt 0.697483 0.592081
vt 0.737026 0.592081
vt 0.735602 0.641567
vt 0.000000 0.000000
vt 1.000000 0.000000
vt 0.000000 1.000000
vt 0.000000 0.000000
vt 1.000000 0.000000
vt 1.000000 1.000000
vt 0.000000 1.000000
vt 0.877335 0.036409
vt 0.877335 0.040982
vt 0.875037 0.039602
vt 0.909297 0.039602
vt 0.907002 0.040982
vt 0.907003 0.036409
vt 0.472463 0.266138
vt 0.471175 0.263828
vt 0.475769 0.263825
vt 0.471175 0.234151
vt 0.472463 0.231868
vt 0.475769 0.234149
vt 0.157579 0.891982
vt 0.157581 0.895987
vt 0.155283 0.895977
vt 0.199419 0.895977
vt 0.197124 0.895987
vt 0.197122 0.891982
vt 0.835658 0.943288
vt 0.837956 0.943249
vt 0.837954 0.947282
vt 0.877499 0.943249
vt 0.879794 0.943289
vt 0.877498 0.947283
vt 0.000000 0.000000
vt 1.000000 0.000000
vt 1.000000 1.000000
vt 0.000000 0.000000
vt 1.000000 0.000000
vt 1.000000 1.000000
vt 0.465305 0.266138
vt 0.464017 0.263828
vt 0.471175 0.263812
vt 0.464017 0.234151
vt 0.465305 0.231868
vt 0.471175 0.234136
vt 0.906983 0.074600
vt 0.877315 0.074600
vt 0.492419 0.799535
vt 0.496402 0.799537
vt 0.496402 0.825921
vt 0.831666 0.834773
vt 0.789624 0.834774
vt 0.789664 0.832479
vt 0.831705 0.832478
vt 0.831705 0.810564
vt 0.831705 0.771894
vt 0.835658 0.771892
vt 0.835658 0.810562
vt 0.380206 0.555981
vt 0.380206 0.574421
vt 0.378395 0.574418
vt 0.377836 0.557178
vt 0.000000 0.000000
vt 1.000000 0.000000
vt 1.000000 1.000000
vt 0.000000 1.000000
vt 0.632968 0.238556
vt 0.632968 0.264622
vt 0.603301 0.264639
vt 0.603301 0.238573
vt 0.823213 0.184326
vt 0.790616 0.184326
vt 0.790655 0.182031
vt 0.823252 0.182031
vt 0.823252 0.123104
vt 0.823252 0.115197
vt 0.830302 0.115195
vt 0.830302 0.123102
vt 1.000000 0.000000
vt 1.000000 1.000000
vt 0.000000 1.000000
vt 0.823252 0.167492
vt 0.830302 0.167490
vt 0.830302 0.182029
vt 0.861718 0.375606
vt 0.861708 0.373310
vt 0.894310 0.373310
vt 0.894320 0.375606
vt 0.790655 0.167493
vt 0.901400 0.375607
vt 0.901400 0.442441
vt 0.894320 0.442440
vt 0.790649 0.159137
vt 0.823246 0.159137
vt 0.739303 0.592078
vt 0.738224 0.642367
vt 0.695167 0.693573
vt 0.695167 0.683573
vt 0.790655 0.153619
vt 0.823252 0.153619
vt 0.969678 0.557828
vt 0.969678 0.517663
vt 0.999346 0.517693
vt 0.999346 0.526430
vt 0.996533 0.531449
vt 0.999346 0.534768
vt 0.999346 0.550078
vt 0.997935 0.551591
vt 0.999346 0.553106
vt 0.999346 0.557858
vt 0.823252 0.128142
vt 0.830302 0.128140
vt 0.830302 0.153617
vt 0.790655 0.128143
vt 0.790655 0.125624
vt 0.823253 0.125623
vt 0.199419 0.938037
vt 0.197124 0.938048
vt 0.157581 0.938048
vt 0.155283 0.938037
vt 0.828363 0.375449
vt 0.828363 0.456942
vt 0.793550 0.457113
vt 0.793550 0.375621
vt 0.790655 0.115197
vt 0.790616 0.112898
vt 0.823213 0.112898
vt 0.000000 0.000000
vt 1.000000 0.000000
vt 1.000000 1.000000
vt 0.000000 1.000000
vt 0.790655 0.123105
vt 0.789664 0.771895
vt 0.789624 0.769596
vt 0.831666 0.769595
vt 0.492409 0.862418
vt 0.450362 0.862418
vt 0.450372 0.860119
vt 0.492419 0.860119
vt 0.789664 0.816421
vt 0.831705 0.816420
vt 0.878724 0.019375
vt 0.877314 0.015856
vt 0.877298 0.000000
vt 0.906965 0.000000
vt 0.904717 0.009650
vt 0.906979 0.013170
vt 0.450372 0.799535
vt 0.789664 0.810565
vt 0.413814 0.556000
vt 0.413814 0.574441
vt 0.419625 0.548987
vt 0.418757 0.522431
vt 0.418385 0.472946
vt 0.442149 0.472922
vt 0.442149 0.554416
vt 0.441210 0.559418
vt 0.442149 0.564417
vt 0.442149 0.574417
vt 0.418385 0.574441
vt 0.418442 0.557202
vt 0.877499 0.901195
vt 0.837956 0.901194
vt 0.000000 0.000000
vt 1.000000 0.000000
vt 1.000000 1.000000
vt 0.785632 0.771893
vt 1.000000 0.000000
vt 1.000000 1.000000
vt 0.785632 0.832477
vt 0.413814 0.472946
vt 0.415193 0.470647
vt 0.788957 0.375623
vt 0.792263 0.373310
vt 0.415193 0.576737
vt 0.229574 0.106248
vt 0.229574 0.110266
vt 0.226964 0.106484
vt 0.000000 0.000000
vt 1.000000 0.000000
vt 1.000000 1.000000
vt 0.783526 0.115195
vt 0.000000 0.000000
vt 1.000000 0.000000
vt 1.000000 1.000000
vt 0.783526 0.182030
vt 0.000000 0.000000
vt 1.000000 0.000000
vt 1.000000 1.000000
vt 0.000000 1.000000
vt 0.785632 0.810563
vt 0.945319 0.958267
vt 0.945322 0.960544
vt 0.915655 0.960544
vt 0.915651 0.958267
vt 0.915651 0.897683
vt 0.915655 0.895367
vt 0.945322 0.895367
vt 0.945319 0.897683
vt 0.879794 0.901234
vt 0.788957 0.457116
vt 0.157579 0.942032
vt 0.197122 0.942032
vt 0.877498 0.897240
vt 0.837954 0.897240
vt 0.783526 0.123103
vt 0.603299 0.268928
vt 0.632966 0.268910
vt 0.432642 0.634729
vt 0.437225 0.634687
vt 0.437225 0.664363
vt 0.432642 0.664406
vt 0.783526 0.167491
vt 0.000000 0.000000
vt 1.000000 0.000000
vt 0.000000 1.000000
vt 0.415752 0.523234
vt 0.835658 0.901233
vt 1.000000 0.000000
vt 1.000000 1.000000
vt 0.000000 1.000000
vt 0.379573 0.523213
vt 0.380206 0.472926
vt 0.000000 0.000000
vt 1.000000 0.000000
vt 1.000000 1.000000
vt 0.000000 1.000000
vt 0.102368 0.266240
vt 0.092372 0.266191
vt 0.092372 0.231367
vt 0.102368 0.231416
vt 0.380562 0.550980
vt 0.414169 0.551000
vt 0.958663 0.635600
vt 0.928996 0.635600
vt 0.928996 0.627693
vt 0.930407 0.625174
vt 0.928996 0.622655
vt 0.928996 0.597179
vt 0.931809 0.591661
vt 0.928996 0.583305
vt 0.928996 0.568767
vt 0.958663 0.568767
vt 0.861718 0.442440
vt 0.783526 0.153617
vt 0.783526 0.128141
vt 0.000000 0.000000
vt 1.000000 0.000000
vt 1.000000 1.000000
vt 0.000000 1.000000
vt 0.943913 0.929923
vt 0.915651 0.919597
vt 0.917909 0.913741
vt 0.945319 0.924067
vt 0.335625 0.926501
vt 0.377672 0.926501
vt 0.377672 0.932357
vt 0.335625 0.932357
vt 0.910966 0.730390
vt 0.910990 0.696772
vt 0.940657 0.696775
vt 0.940633 0.730394
vt 0.377672 0.944789
vt 0.377662 0.947087
vt 0.335615 0.947087
vt 0.335625 0.944789
vt 0.000000 0.000000
vt 1.000000 0.000000
vt 1.000000 1.000000
vt 0.000000 1.000000
vt 0.331622 0.898159
vt 0.335615 0.895862
vt 0.335625 0.898157
vt 0.496356 0.864713
vt 0.496396 0.862418
vt 0.500388 0.864715
vt 0.331622 0.944790
vt 0.496396 0.913644
vt 0.496356 0.911345
vt 0.500388 0.911347
vt 0.000000 0.000000
vt 1.000000 0.000000
vt 1.000000 1.000000
vt 0.007153 0.779354
vt 0.007113 0.781650
vt 0.000024 0.779353
vt 0.796401 0.080787
vt 0.796391 0.083085
vt 0.789301 0.080788
vt 0.007113 0.696269
vt 0.007153 0.698568
vt 0.000024 0.698566
vt 0.054024 0.994829
vt 0.054006 0.960005
vt 0.083673 0.960137
vt 0.083691 0.994960
vt 0.454354 0.913644
vt 0.454315 0.911345
vt 0.496356 0.889431
vt 0.500388 0.889433
vt 0.720042 0.911679
vt 0.690375 0.911679
vt 0.690379 0.909363
vt 0.720046 0.909363
vt 0.690375 0.958310
vt 0.720043 0.958310
vt 0.720046 0.960588
vt 0.690379 0.960588
vt 0.000000 0.000000
vt 1.000000 0.000000
vt 1.000000 1.000000
vt 0.000000 1.000000
vt 0.039711 0.696269
vt 0.039750 0.698567
vt 0.007153 0.756001
vt 0.000024 0.755999
vt 0.577967 0.672578
vt 0.577967 0.642902
vt 0.582549 0.642859
vt 0.582549 0.672535
vt 0.442122 0.717103
vt 0.442122 0.687426
vt 0.446409 0.687431
vt 0.446409 0.717108
vt 0.829003 0.080787
vt 0.828993 0.083085
vt 0.789301 0.012947
vt 0.796401 0.012946
vt 0.007153 0.745669
vt 0.000024 0.745667
vt 0.796401 0.000000
vt 0.829003 0.000000
vt 0.829003 0.007908
vt 0.796401 0.007908
vt 0.829003 0.010427
vt 0.796401 0.010427
vt 0.885984 0.915293
vt 0.888674 0.912774
vt 0.885984 0.910255
vt 0.885984 0.842414
vt 0.915651 0.842415
vt 0.915651 0.889515
vt 0.914241 0.894681
vt 0.915651 0.899847
vt 0.915651 0.923200
vt 0.885984 0.923200
vt 0.789301 0.007909
vt 0.789301 0.000002
vt 0.829003 0.012946
vt 0.039750 0.745668
vt 0.039751 0.750834
vt 0.007153 0.750835
vt 0.039750 0.779354
vt 0.039711 0.781649
vt 0.000000 0.000000
vt 1.000000 0.000000
vt 1.000000 1.000000
vt 0.000000 1.000000
vt 0.039750 0.756001
vt 0.454315 0.864714
vt 0.454354 0.862418
vt 0.377662 0.895862
vt 0.377672 0.898157
vt 0.454315 0.895287
vt 0.496356 0.895287
vt 0.500371 0.895288
vt 0.331615 0.926504
vt 0.718637 0.940023
vt 0.716012 0.945879
vt 0.689343 0.942252
vt 0.690375 0.936397
vt 0.454315 0.889431
vt 0.000000 0.000000
vt 1.000000 0.000000
vt 1.000000 1.000000
vt 0.051730 0.958707
vt 0.054024 0.955410
vt 0.000000 0.000000
vt 1.000000 0.000000
vt 1.000000 1.000000
vt 0.910965 0.734963
vt 0.908671 0.731770
vt 0.000000 0.000000
vt 1.000000 0.000000
vt 0.364486 0.612475
vt 0.370356 0.614743
vt 0.363198 0.614758
vt 0.000000 0.000000
vt 1.000000 0.000000
vt 1.000000 1.000000
vt 0.046800 0.698566
vt 0.000000 0.000000
vt 1.000000 0.000000
vt 1.000000 1.000000
vt 0.000000 1.000000
vt 0.450362 0.889433
vt 0.450362 0.864716
vt 0.083691 0.955541
vt 0.940632 0.734967
vt 0.046800 0.771445
vt 0.046800 0.779352
vt 0.370356 0.644419
vt 0.363198 0.644435
vt 0.940657 0.703821
vt 0.940665 0.696772
vt 0.970333 0.696797
vt 0.970325 0.703846
vt 0.000000 0.000000
vt 1.000000 0.000000
vt 1.000000 1.000000
vt 0.000000 1.000000
vt 0.970332 0.747644
vt 0.970333 0.752396
vt 0.940665 0.752371
vt 0.940664 0.747619
vt 0.942075 0.746106
vt 0.940664 0.744591
vt 0.970331 0.744617
vt 0.970331 0.746130
vt 0.000000 0.000000
vt 1.000000 0.000000
vt 1.000000 1.000000
vt 0.000000 1.000000
vt 0.000000 0.000000
vt 1.000000 0.000000
vt 1.000000 1.000000
vt 0.000000 1.000000
vt 0.000000 0.000000
vt 1.000000 0.000000
vt 1.000000 1.000000
vt 0.000000 1.000000
vt 0.939236 0.745957
vt 0.940657 0.762991
vt 0.910990 0.762987
vt 0.910976 0.748132
vt 0.913231 0.744613
vt 0.940639 0.742438
vt 0.582380 0.143390
vt 0.581197 0.135181
vt 0.581141 0.117940
vt 0.606476 0.117914
vt 0.606476 0.127915
vt 0.605537 0.132916
vt 0.606476 0.137915
vt 0.606476 0.219410
vt 0.581141 0.219436
vt 0.581513 0.169948
vt 0.577949 0.221731
vt 0.576569 0.219435
vt 0.264287 0.689753
vt 0.262999 0.692036
vt 0.259693 0.689755
vt 0.576569 0.117940
vt 0.577949 0.115641
vt 0.262999 0.585949
vt 0.264287 0.588260
vt 0.259693 0.588262
vt 0.576569 0.136381
vt 0.264287 0.608260
vt 0.259693 0.608263
vt 0.942599 0.327035
vt 0.942599 0.369205
vt 0.938646 0.369207
vt 0.938646 0.327036
vt 0.089408 0.910943
vt 0.089408 0.953113
vt 0.085425 0.953112
vt 0.085425 0.910941
vt 0.578508 0.169147
vt 0.264287 0.598260
vt 0.259693 0.598262
vt 0.908810 0.368986
vt 0.908850 0.366691
vt 0.938607 0.371502
vt 0.938607 0.324738
vt 0.908850 0.327135
vt 0.908810 0.324837
vt 0.287480 0.603099
vt 0.287480 0.684592
vt 0.552881 0.131342
vt 0.552881 0.112901
vt 0.746197 0.025452
vt 0.747655 0.052009
vt 0.749078 0.101495
vt 0.709536 0.101496
vt 0.709536 0.020001
vt 0.711098 0.015001
vt 0.709536 0.010000
vt 0.709536 0.000000
vt 0.749078 0.000000
vt 0.749498 0.017241
vt 0.055733 0.913450
vt 0.055733 0.953006
vt 0.904818 0.327134
vt 0.904818 0.366689
vt 0.055723 0.955304
vt 0.051730 0.953007
vt 0.051730 0.913451
vt 0.055723 0.911155
vt 0.550510 0.130138
vt 0.551069 0.112898
vt 0.085415 0.908646
vt 0.707220 0.019997
vt 0.707220 0.101492
vt 0.751355 0.101492
vt 0.750276 0.051205
vt 0.085415 0.955410
vt 0.263411 0.603251
vt 0.286604 0.598090
vt 0.552881 0.214396
vt 0.552248 0.164107
vt 0.000000 0.000000
vt 1.000000 0.000000
vt 1.000000 1.000000
vt 0.000000 1.000000
vt 0.287480 0.583099
vt 0.287480 0.593099
vt 0.576925 0.141380
vt 0.553236 0.136342
vt 0.708516 0.398763
vt 0.705215 0.390550
vt 0.705634 0.373310
vt 0.745177 0.373310
vt 0.745177 0.436144
vt 0.740232 0.446161
vt 0.745177 0.456179
vt 0.745177 0.474806
vt 0.705634 0.474806
vt 0.707058 0.425320
vt 0.958663 0.610620
vt 0.962667 0.610618
vt 0.962656 0.612917
vt 0.962656 0.568767
vt 0.962667 0.571062
vt 0.958663 0.571064
vt 0.107513 0.948624
vt 0.107552 0.950923
vt 0.103520 0.950921
vt 0.107552 0.990479
vt 0.107513 0.992774
vt 0.103520 0.990477
vt 0.647374 0.354269
vt 0.647374 0.372710
vt 0.645563 0.372707
vt 0.645004 0.355467
vt 0.747493 0.456183
vt 0.747493 0.474809
vt 0.703358 0.474809
vt 0.704436 0.424520
vt 0.747493 0.373314
vt 0.747493 0.436147
vt 0.986705 0.568767
vt 0.986715 0.571062
vt 0.986715 0.610618
vt 0.986705 0.612917
vt 0.078135 0.387403
vt 0.078135 0.368777
vt 0.098046 0.368679
vt 0.098046 0.387305
vt 0.666596 0.354280
vt 0.666596 0.372721
vt 0.672407 0.347267
vt 0.671539 0.320711
vt 0.671167 0.271226
vt 0.694931 0.271202
vt 0.694931 0.289828
vt 0.693992 0.299847
vt 0.694931 0.309864
vt 0.694931 0.372697
vt 0.671167 0.372722
vt 0.671224 0.355482
vt 0.131597 0.990479
vt 0.131597 0.950923
vt 0.666596 0.271226
vt 0.667976 0.268928
vt 0.221664 0.105689
vt 0.221664 0.110284
vt 0.219353 0.106976
vt 0.667976 0.375017
vt 0.099333 0.283529
vt 0.102639 0.285810
vt 0.098046 0.285812
vt 0.131558 0.992774
vt 0.000000 0.000000
vt 1.000000 0.000000
vt 1.000000 1.000000
vt 0.000000 1.000000
vt 0.990698 0.610620
vt 0.990698 0.571064
vt 0.135550 0.990477
vt 0.135550 0.950921
vt 0.668534 0.321514
vt 0.131558 0.948624
vt 0.079012 0.358769
vt 0.098922 0.358671
vt 0.646742 0.321501
vt 0.647374 0.271215
vt 0.102639 0.348642
vt 0.098046 0.348644
vt 0.078135 0.348742
vt 0.078135 0.285910
vt 0.647730 0.349269
vt 0.666951 0.349280
vt 0.688052 0.818083
vt 0.646005 0.818083
vt 0.646005 0.812227
vt 0.688052 0.812227
vt 0.000000 0.000000
vt 1.000000 0.000000
vt 1.000000 1.000000
vt 0.000000 1.000000
vt 0.646005 0.785843
vt 0.645995 0.783547
vt 0.688042 0.783547
vt 0.688052 0.785843
vt 0.000000 0.000000
vt 1.000000 0.000000
vt 1.000000 1.000000
vt 0.000000 1.000000
vt 0.872856 0.305337
vt 0.872855 0.309910
vt 0.870558 0.308529
vt 0.904818 0.308529
vt 0.902523 0.309910
vt 0.902523 0.305337
vt 0.373662 0.612475
vt 0.374950 0.614786
vt 0.370356 0.614788
vt 0.374950 0.644462
vt 0.373662 0.646745
vt 0.370356 0.644465
vt 0.830871 0.338059
vt 0.823781 0.340356
vt 0.823791 0.338057
vt 0.000000 0.000000
vt 1.000000 0.000000
vt 1.000000 1.000000
vt 0.453942 0.543469
vt 0.455230 0.545780
vt 0.448072 0.545795
vt 0.455230 0.575456
vt 0.453942 0.577739
vt 0.448072 0.575471
vt 0.902504 0.343528
vt 0.872836 0.343528
vt 0.692035 0.785844
vt 0.692035 0.812229
vt 0.000000 0.000000
vt 1.000000 0.000000
vt 1.000000 1.000000
vt 0.000000 1.000000
vt 0.871083 0.040969
vt 0.871084 0.002299
vt 0.875037 0.002297
vt 0.875036 0.040967
vt 0.000000 0.000000
vt 1.000000 0.000000
vt 1.000000 1.000000
vt 0.000000 1.000000
vt 0.895577 0.182029
vt 0.862979 0.182030
vt 0.863018 0.179734
vt 0.895616 0.179734
vt 0.895616 0.120807
vt 0.895616 0.112900
vt 0.902666 0.112898
vt 0.902666 0.120805
vt 0.990402 0.380384
vt 0.960735 0.380359
vt 0.960743 0.373310
vt 0.990410 0.373335
vt 0.895616 0.165196
vt 0.902666 0.165194
vt 0.902666 0.179732
vt 0.791189 0.271223
vt 0.791179 0.268928
vt 0.823781 0.268928
vt 0.823791 0.271223
vt 0.863018 0.165196
vt 0.830871 0.271225
vt 0.863012 0.156840
vt 0.895610 0.156840
vt 0.863018 0.151322
vt 0.895616 0.151322
vt 0.990410 0.420549
vt 0.960743 0.420525
vt 0.960741 0.411788
vt 0.963553 0.406768
vt 0.960739 0.403450
vt 0.960736 0.388139
vt 0.962147 0.386627
vt 0.960736 0.385112
vt 0.895616 0.125845
vt 0.902666 0.125844
vt 0.902666 0.151320
vt 0.863018 0.125846
vt 0.863019 0.123327
vt 0.895616 0.123326
vt 0.000000 0.000000
vt 1.000000 1.000000
vt 0.000000 1.000000
vt 0.791179 0.340356
vt 0.791189 0.338057
vt 0.863018 0.120808
vt 0.863018 0.112900
vt 0.829042 0.002299
vt 0.829003 0.000000
vt 0.871045 0.000000
vt 0.688042 0.848725
vt 0.645995 0.848725
vt 0.646005 0.846427
vt 0.688052 0.846427
vt 0.871083 0.062883
vt 0.829042 0.062883
vt 0.829042 0.046825
vt 0.871083 0.046825
vt 0.874245 0.288303
vt 0.872835 0.284784
vt 0.872819 0.268928
vt 0.902486 0.268928
vt 0.900238 0.278578
vt 0.902500 0.282097
vt 0.829042 0.040969
vt 0.642002 0.846428
vt 0.000000 0.000000
vt 1.000000 0.000000
vt 1.000000 1.000000
vt 0.642002 0.785844
vt 1.000000 0.000000
vt 0.784089 0.338059
vt 1.000000 0.000000
vt 1.000000 1.000000
vt 0.784089 0.271224
vt 1.000000 0.000000
vt 1.000000 1.000000
vt 0.642002 0.812229
vt 0.000000 0.000000
vt 1.000000 0.000000
vt 1.000000 1.000000
vt 0.000000 1.000000
vt 0.967625 0.062900
vt 0.967628 0.065177
vt 0.937961 0.065177
vt 0.937957 0.062900
vt 0.937957 0.002316
vt 0.937961 0.000000
vt 0.967628 0.000000
vt 0.967625 0.002317
vt 0.000000 0.000000
vt 1.000000 0.000000
vt 1.000000 1.000000
vt 0.000000 1.000000
vt 0.000000 0.000000
vt 1.000000 0.000000
vt 0.000000 1.000000
vt 0.102149 0.665710
vt 0.097567 0.665752
vt 0.097567 0.636076
vt 0.102149 0.636034
vt 0.000000 0.000000
vt 1.000000 1.000000
vt 0.000000 1.000000
vt 0.960735 0.440144
vt 0.931068 0.440144
vt 0.931068 0.432236
vt 0.932478 0.429717
vt 0.931068 0.427198
vt 0.931068 0.401722
vt 0.933880 0.396204
vt 0.931067 0.387848
vt 0.931067 0.373310
vt 0.960735 0.373310
vt 0.000000 0.000000
vt 1.000000 0.000000
vt 1.000000 1.000000
vt 0.000000 1.000000
vt 0.966219 0.034556
vt 0.937957 0.024230
vt 0.940215 0.018374
vt 0.967625 0.028701
vt 0.097760 0.878006
vt 0.055713 0.878006
vt 0.055712 0.872150
vt 0.097760 0.872150
vt 0.000000 0.000000
vt 1.000000 0.000000
vt 1.000000 1.000000
vt 0.000000 1.000000
vt 0.055712 0.859719
vt 0.055723 0.857420
vt 0.097770 0.857420
vt 0.097760 0.859719
vt 0.000000 0.000000
vt 1.000000 0.000000
vt 1.000000 1.000000
vt 0.000000 1.000000
vt 0.101763 0.906349
vt 0.097770 0.908646
vt 0.097760 0.906350
vt 0.381906 0.921736
vt 0.381867 0.924032
vt 0.377874 0.921735
vt 0.101763 0.859717
vt 0.381867 0.872806
vt 0.381906 0.875105
vt 0.377874 0.875103
vt 0.738817 0.781250
vt 0.731727 0.783547
vt 0.731717 0.781252
vt 0.165528 0.613860
vt 0.165488 0.616155
vt 0.158399 0.613858
vt 0.731717 0.700465
vt 0.731727 0.698167
vt 0.738817 0.700464
vt 0.165489 0.530775
vt 0.165528 0.533073
vt 0.158400 0.533072
vt 0.767365 0.955769
vt 0.767536 0.990592
vt 0.737870 0.990592
vt 0.737698 0.955769
vt 0.101763 0.872149
vt 0.000000 0.000000
vt 1.000000 0.000000
vt 1.000000 1.000000
vt 0.000000 1.000000
vt 0.381906 0.897019
vt 0.377874 0.897017
vt 0.413640 0.972940
vt 0.443308 0.972940
vt 0.443304 0.975257
vt 0.413637 0.975257
vt 0.443308 0.926309
vt 0.413640 0.926309
vt 0.413637 0.924032
vt 0.443304 0.924032
vt 0.000000 0.000000
vt 1.000000 0.000000
vt 1.000000 1.000000
vt 0.000000 1.000000
vt 0.000000 0.000000
vt 1.000000 0.000000
vt 1.000000 1.000000
vt 0.000000 1.000000
vt 0.165528 0.605953
vt 0.158399 0.605951
vt 0.585584 0.649258
vt 0.585584 0.619582
vt 0.590166 0.619539
vt 0.590166 0.649216
vt 0.377458 0.658203
vt 0.377458 0.687880
vt 0.373171 0.687875
vt 0.373171 0.658198
vt 0.165528 0.547612
vt 0.158400 0.547610
vt 0.699115 0.700465
vt 0.699125 0.698167
vt 0.198126 0.533073
vt 0.198126 0.547612
vt 0.198119 0.555967
vt 0.165522 0.555967
vt 0.198126 0.561485
vt 0.165528 0.561486
vt 0.899328 0.649553
vt 0.899328 0.568767
vt 0.928996 0.568767
vt 0.928996 0.583305
vt 0.926183 0.591661
vt 0.928996 0.597179
vt 0.928996 0.636607
vt 0.927585 0.639126
vt 0.928996 0.641645
vt 0.928996 0.649553
vt 0.165528 0.600914
vt 0.158399 0.600913
vt 0.158400 0.561484
vt 0.699115 0.781252
vt 0.198125 0.600914
vt 0.198126 0.603433
vt 0.165528 0.603433
vt 0.000000 0.000000
vt 1.000000 1.000000
vt 0.000000 1.000000
vt 0.699125 0.783547
vt 0.198125 0.605952
vt 0.198125 0.613860
vt 0.423948 0.921736
vt 0.423908 0.924031
vt 0.055723 0.908646
vt 0.055713 0.906350
vt 0.423948 0.875104
vt 0.423948 0.891162
vt 0.381906 0.891163
vt 0.415046 0.944597
vt 0.413640 0.938741
vt 0.441050 0.942367
vt 0.443308 0.948223
vt 0.423948 0.897018
vt 0.737872 0.995187
vt 0.735560 0.991880
vt 0.000000 0.000000
vt 1.000000 0.000000
vt 1.000000 1.000000
vt 0.221664 0.104287
vt 0.223962 0.101094
vt 0.223962 0.105667
vt 1.000000 0.000000
vt 0.632968 0.239251
vt 0.638838 0.236926
vt 0.640126 0.239236
vt 1.000000 0.000000
vt 1.000000 1.000000
vt 0.692035 0.700464
vt 1.000000 0.000000
vt 0.051730 0.872149
vt 0.051730 0.859717
vt 0.000000 0.000000
vt 1.000000 0.000000
vt 1.000000 1.000000
vt 0.000000 1.000000
vt 0.767539 0.995187
vt 0.000000 0.000000
vt 1.000000 1.000000
vt 0.000000 1.000000
vt 0.000000 0.000000
vt 1.000000 0.000000
vt 1.000000 1.000000
vt 0.000000 1.000000
vt 0.640126 0.268912
vt 0.632968 0.268928
vt 0.000000 0.000000
vt 1.000000 1.000000
vt 0.000000 1.000000
vt 0.000000 0.000000
vt 1.000000 1.000000
vt 0.000000 1.000000
vt 0.984405 0.890995
vt 0.954738 0.890965
vt 0.954738 0.886213
vt 0.956148 0.884700
vt 0.954738 0.883185
vt 0.954738 0.859489
vt 0.957550 0.856176
vt 0.954738 0.851152
vt 0.954738 0.842414
vt 0.984405 0.842445
vt 0.692035 0.781250
vt 0.000000 0.000000
vt 1.000000 0.000000
vt 1.000000 1.000000
vt 0.000000 1.000000
vt 0.804093 0.589696
vt 0.787065 0.591120
vt 0.787065 0.561443
vt 0.801915 0.561428
vt 0.805433 0.563683
vt 0.815080 0.561414
vt 0.815080 0.591091
vt 0.807611 0.591099
vt 0.000000 0.000000
vt 1.000000 0.000000
vt 1.000000 1.000000
vt 0.000000 1.000000
vt 0.835699 0.836546
vt 0.835699 0.775354
vt 0.873759 0.775347
vt 0.873759 0.836539
vt 0.642115 0.586414
vt 0.636757 0.592078
vt 0.592726 0.567027
vt 0.598084 0.561363
vt 0.636719 0.478011
vt 0.642519 0.477467
vt 0.642559 0.481260
vt 0.445745 0.003352
vt 0.447781 0.000000
vt 0.452395 0.003415
vt 0.590166 0.561726
vt 0.446941 0.098997
vt 0.445023 0.091499
vt 0.451609 0.095728
vt 0.732255 0.789356
vt 0.732255 0.850556
vt 0.695745 0.850543
vt 0.695745 0.789342
vt 0.616696 0.527794
vt 0.610856 0.524546
vt 0.398046 0.098228
vt 0.396128 0.090730
vt 0.445284 0.059615
vt 0.451934 0.059678
vt 0.695654 0.783548
vt 0.732219 0.783561
vt 0.835658 0.769602
vt 0.873663 0.769595
vt 0.735560 0.850572
vt 0.735560 0.789371
vt 0.692314 0.850557
vt 0.692314 0.789357
vt 0.396320 0.067366
vt 0.445214 0.068135
vt 0.473197 0.045456
vt 0.474440 0.053935
vt 0.474440 0.096482
vt 0.453839 0.068187
vt 0.474411 0.000699
vt 0.473480 0.035000
vt 0.000000 0.000000
vt 1.000000 0.000000
vt 1.000000 1.000000
vt 0.000000 1.000000
vt 0.396389 0.058846
vt 0.396850 0.002583
vt 0.000000 0.000000
vt 1.000000 0.000000
vt 1.000000 1.000000
vt 0.000000 1.000000
vt 0.695654 0.856370
vt 0.732219 0.856383
vt 0.642559 0.591534
vt 0.393430 0.094813
vt 0.787050 0.520029
vt 0.783680 0.520023
vt 0.783581 0.477467
vt 0.787065 0.481638
vt 0.742914 0.515051
vt 0.746226 0.514993
vt 0.747125 0.571253
vt 0.743813 0.571311
vt 0.835658 0.842414
vt 0.873663 0.842408
vt 0.781631 0.528543
vt 0.785180 0.538909
vt 0.783756 0.573271
vt 0.749375 0.506421
vt 0.745602 0.478945
vt 0.000000 0.000000
vt 1.000000 0.000000
vt 1.000000 1.000000
vt 0.000000 1.000000
vt 0.508257 0.664217
vt 0.508257 0.725410
vt 0.450362 0.725157
vt 0.450362 0.663965
vt 0.651787 0.228390
vt 0.648246 0.231105
vt 0.608806 0.199308
vt 0.612347 0.196592
vt 0.905763 0.109181
vt 0.907017 0.114976
vt 0.902666 0.114984
vt 0.326298 0.375572
vt 0.324957 0.379860
vt 0.319737 0.376472
vt 0.606476 0.193437
vt 0.327078 0.276724
vt 0.329009 0.280003
vt 0.322362 0.279808
vt 0.934356 0.115003
vt 0.934356 0.176204
vt 0.907017 0.176177
vt 0.634147 0.155856
vt 0.628276 0.152700
vt 0.511764 0.664163
vt 0.511764 0.725355
vt 0.327378 0.316286
vt 0.320732 0.316090
vt 0.933102 0.109207
vt 0.508427 0.731161
vt 0.451620 0.730913
vt 0.375125 0.378261
vt 0.373784 0.382548
vt 0.902666 0.176185
vt 0.377836 0.282691
vt 0.376795 0.310484
vt 0.327968 0.307795
vt 0.297113 0.345375
vt 0.294442 0.338095
vt 0.287480 0.292393
vt 0.318960 0.307638
vt 0.303009 0.381535
vt 0.000000 0.000000
vt 1.000000 0.000000
vt 1.000000 1.000000
vt 0.000000 1.000000
vt 0.000000 0.000000
vt 1.000000 0.000000
vt 1.000000 1.000000
vt 0.000000 1.000000
vt 0.000000 0.000000
vt 1.000000 0.000000
vt 1.000000 1.000000
vt 0.000000 1.000000
vt 0.000000 0.000000
vt 1.000000 0.000000
vt 1.000000 1.000000
vt 0.000000 1.000000
vt 0.905763 0.182003
vt 0.377836 0.379671
vt 0.653405 0.231272
vt 0.508427 0.658349
vt 0.529833 0.429275
vt 0.533172 0.429729
vt 0.529088 0.477467
vt 0.525749 0.477013
vt 0.582577 0.441467
vt 0.579330 0.442124
vt 0.568177 0.382693
vt 0.571458 0.383151
vt 0.933102 0.182030
vt 0.451620 0.658101
vt 0.536359 0.421566
vt 0.540219 0.383657
vt 0.577789 0.451126
vt 0.587708 0.477467
vt 0.000000 0.000000
vt 1.000000 0.000000
vt 1.000000 1.000000
vt 0.000000 1.000000
vt 0.293357 0.588171
vt 0.354525 0.587417
vt 0.354526 0.657445
vt 0.293358 0.658198
vt 0.199339 0.733203
vt 0.195548 0.736022
vt 0.165865 0.694962
vt 0.169657 0.692143
vt 0.000000 0.428556
vt 0.005802 0.426130
vt 0.005792 0.430854
vt 0.057011 0.196154
vt 0.059695 0.192265
vt 0.063317 0.197688
vt 0.164123 0.688613
vt 0.354439 0.583099
vt 0.360264 0.586147
vt 0.005965 0.394864
vt 0.067146 0.394975
vt 0.066983 0.426241
vt 0.187947 0.651459
vt 0.182412 0.647929
vt 0.293271 0.583852
vt 0.039687 0.239248
vt 0.045676 0.242082
vt 0.092372 0.189437
vt 0.088749 0.184014
vt 0.360264 0.654935
vt 0.017324 0.167575
vt 0.020008 0.163686
vt 0.066973 0.430965
vt 0.000000 0.000000
vt 1.000000 0.000000
vt 1.000000 1.000000
vt 0.000000 1.000000
vt 0.090991 0.216334
vt 0.092372 0.222439
vt 0.089540 0.267563
vt 0.027140 0.283529
vt 0.044708 0.249730
vt 0.000000 0.000000
vt 1.000000 0.000000
vt 1.000000 1.000000
vt 0.000000 1.000000
vt 0.000000 0.210669
vt 0.000000 0.000000
vt 1.000000 0.000000
vt 1.000000 1.000000
vt 0.000000 1.000000
vt 0.000000 0.000000
vt 1.000000 0.000000
vt 1.000000 1.000000
vt 0.000000 1.000000
vt 0.072799 0.428688
vt 0.016094 0.163682
vt 0.199442 0.737470
vt 0.287480 0.587043
vt 0.067036 0.463004
vt 0.072862 0.460727
vt 0.072962 0.500708
vt 0.067137 0.502985
vt 0.452144 0.325802
vt 0.448938 0.326635
vt 0.437592 0.277726
vt 0.440843 0.278387
vt 0.072962 0.397422
vt 0.287480 0.655831
vt 0.072856 0.453115
vt 0.067021 0.456794
vt 0.391670 0.309235
vt 0.398429 0.276724
vt 0.447915 0.335710
vt 0.462500 0.371649
vt 0.377836 0.371649
vt 0.388011 0.317197
vt 0.000000 0.000000
vt 1.000000 0.000000
vt 1.000000 1.000000
vt 0.000000 1.000000
vt 0.158351 0.619616
vt 0.110095 0.635023
vt 0.110095 0.549714
vt 0.158351 0.534307
vt 0.155863 0.530775
vt 0.107607 0.546182
vt 0.550510 0.204806
vt 0.544702 0.208023
vt 0.544718 0.203920
vt 0.146969 0.166018
vt 0.149819 0.162750
vt 0.152339 0.168893
vt 0.103521 0.550863
vt 0.457516 0.476417
vt 0.452794 0.476414
vt 0.455071 0.470647
vt 0.125466 0.120331
vt 0.171630 0.112898
vt 0.195982 0.155317
vt 0.544718 0.176638
vt 0.544707 0.115329
vt 0.550499 0.116215
vt 0.550510 0.177524
vt 0.457516 0.537609
vt 0.452794 0.537606
vt 0.131576 0.197388
vt 0.138332 0.201249
vt 0.198502 0.161460
vt 0.103520 0.634706
vt 0.122617 0.123599
vt 0.483521 0.207938
vt 0.483537 0.203835
vt 0.000000 0.000000
vt 1.000000 0.000000
vt 1.000000 1.000000
vt 0.000000 1.000000
vt 0.197038 0.175147
vt 0.199442 0.179837
vt 0.199442 0.222349
vt 0.116452 0.239062
vt 0.136287 0.207796
vt 0.000000 0.000000
vt 1.000000 0.000000
vt 1.000000 1.000000
vt 0.000000 1.000000
vt 0.872891 0.763887
vt 0.873826 0.702702
vt 0.906319 0.702702
vt 0.905384 0.763887
vt 0.000000 0.000000
vt 1.000000 0.000000
vt 1.000000 1.000000
vt 0.000000 1.000000
vt 0.000000 0.000000
vt 1.000000 0.000000
vt 1.000000 1.000000
vt 0.000000 1.000000
vt 0.477711 0.204705
vt 0.905535 0.696823
vt 0.908671 0.702668
vt 0.483526 0.115244
vt 0.477700 0.116114
vt 0.483511 0.112898
vt 0.455071 0.543459
vt 0.483537 0.176553
vt 0.477711 0.177423
vt 0.870470 0.696772
vt 0.121639 0.245085
vt 0.122426 0.241863
vt 0.174026 0.239062
vt 0.173240 0.242283
vt 0.196216 0.336889
vt 0.196999 0.340156
vt 0.103520 0.340156
vt 0.104343 0.336890
vt 0.119695 0.265214
vt 0.180885 0.286677
vt 0.179736 0.295737
vt 0.115658 0.272991
vt 0.000000 0.000000
vt 1.000000 0.000000
vt 1.000000 1.000000
vt 0.000000 1.000000
vt 0.256406 0.696578
vt 0.206105 0.702557
vt 0.206105 0.623570
vt 0.256406 0.617591
vt 0.528985 0.480866
vt 0.528964 0.477589
vt 0.590145 0.477467
vt 0.590167 0.480744
vt 0.388200 0.055162
vt 0.387439 0.048402
vt 0.391397 0.049149
vt 0.333398 0.051170
vt 0.336870 0.048708
vt 0.337598 0.055320
vt 0.203891 0.620376
vt 0.199460 0.624267
vt 0.109321 0.435080
vt 0.109269 0.439299
vt 0.103520 0.438234
vt 0.330974 0.000148
vt 0.382973 0.000000
vt 0.373762 0.411273
vt 0.374303 0.477875
vt 0.368511 0.477858
vt 0.367970 0.411256
vt 0.170493 0.435302
vt 0.170441 0.439521
vt 0.109403 0.494619
vt 0.109439 0.527183
vt 0.103695 0.527191
vt 0.103654 0.493554
vt 0.199442 0.702267
vt 0.170611 0.527937
vt 0.170663 0.530775
vt 0.109491 0.530553
vt 0.590167 0.578898
vt 0.529181 0.578721
vt 0.529189 0.575315
vt 0.589581 0.576069
vt 0.170559 0.486746
vt 0.109386 0.486525
vt 0.386283 0.063710
vt 0.388263 0.072194
vt 0.393430 0.111887
vt 0.315275 0.111887
vt 0.331738 0.081917
vt 0.330619 0.076532
vt 0.000000 0.000000
vt 1.000000 0.000000
vt 1.000000 1.000000
vt 0.000000 1.000000
vt 0.000000 0.000000
vt 1.000000 0.000000
vt 1.000000 1.000000
vt 0.000000 1.000000
vt 0.000000 0.000000
vt 1.000000 0.000000
vt 1.000000 1.000000
vt 0.000000 1.000000
vt 0.170575 0.494840
vt 0.523364 0.575391
vt 0.176484 0.527454
vt 0.523160 0.480942
vt 0.176309 0.438498
vt 0.529118 0.547470
vt 0.523292 0.547546
vt 0.176443 0.493818
vt 0.097789 0.081846
vt 0.101101 0.081841
vt 0.111338 0.133485
vt 0.108027 0.133567
vt 0.019123 0.162641
vt 0.015922 0.163682
vt 0.000000 0.085104
vt 0.003369 0.085047
vt 0.523322 0.560325
vt 0.529139 0.556947
vt 0.082726 0.084441
vt 0.074409 0.143089
vt 0.065290 0.142635
vt 0.069951 0.085328
vt 0.491677 0.415553
vt 0.458847 0.415534
vt 0.458847 0.408090
vt 0.491677 0.408109
vt 0.382925 0.821654
vt 0.423999 0.821654
vt 0.423999 0.869129
vt 0.382925 0.869129
vt 0.382911 0.872806
vt 0.423986 0.872806
vt 0.497227 0.474549
vt 0.493884 0.477467
vt 0.491677 0.474549
vt 0.339164 0.761116
vt 0.337104 0.764014
vt 0.333641 0.761111
vt 0.491677 0.374571
vt 0.493884 0.371649
vt 0.497227 0.374570
vt 0.337104 0.658198
vt 0.339164 0.661140
vt 0.333641 0.661135
vt 0.881852 0.893567
vt 0.840783 0.893567
vt 0.840783 0.846092
vt 0.881852 0.846091
vt 0.497227 0.408109
vt 0.382911 0.817981
vt 0.423986 0.817981
vt 0.339164 0.688996
vt 0.333641 0.688990
vt 0.885984 0.846089
vt 0.885984 0.893565
vt 0.428168 0.821656
vt 0.428168 0.869131
vt 0.840733 0.897240
vt 0.881802 0.897239
vt 0.840733 0.842415
vt 0.881802 0.842414
vt 0.373171 0.660973
vt 0.373171 0.681385
vt 0.339164 0.681552
vt 0.498579 0.415551
vt 0.525749 0.374541
vt 0.523578 0.394956
vt 0.525749 0.402397
vt 0.525749 0.474520
vt 0.458847 0.374552
vt 0.373171 0.688828
vt 0.373171 0.760949
vt 0.458847 0.474530
vt 0.835658 0.846090
vt 0.835658 0.893565
vt 0.377836 0.869131
vt 0.377836 0.821656
vt 0.432642 0.610275
vt 0.428994 0.610279
vt 0.428994 0.576741
vt 0.432642 0.576736
vt 0.377836 0.604593
vt 0.381534 0.604597
vt 0.381534 0.676720
vt 0.377836 0.676715
vt 0.426744 0.617723
vt 0.428994 0.676720
vt 0.385146 0.597154
vt 0.381534 0.576741
vt 0.890360 0.674744
vt 0.856722 0.674744
vt 0.856722 0.627269
vt 0.890360 0.627268
vt 0.849248 0.619917
vt 0.856687 0.619915
vt 0.856673 0.623591
vt 0.856673 0.568767
vt 0.856687 0.572439
vt 0.849248 0.572441
vt 0.856672 0.623592
vt 0.849248 0.627267
vt 0.856672 0.678417
vt 0.849248 0.674742
vt 0.890329 0.572439
vt 0.890329 0.619915
vt 0.890310 0.678416
vt 0.784869 0.383414
vt 0.784869 0.373363
vt 0.788957 0.373310
vt 0.788957 0.383362
vt 0.784869 0.476052
vt 0.784869 0.457572
vt 0.788957 0.457519
vt 0.788957 0.475999
vt 0.890310 0.623591
vt 0.757015 0.476189
vt 0.757015 0.457709
vt 0.469433 0.371631
vt 0.465706 0.371625
vt 0.465706 0.285389
vt 0.469433 0.285395
vt 0.756686 0.447085
vt 0.784540 0.446947
vt 0.757015 0.440074
vt 0.784869 0.439936
vt 0.000000 0.000000
vt 1.000000 0.000000
vt 1.000000 1.000000
vt 0.000000 1.000000
vt 0.000000 0.000000
vt 1.000000 0.000000
vt 1.000000 1.000000
vt 0.000000 1.000000
vt 0.653405 0.205538
vt 0.653405 0.202336
vt 0.653405 0.199134
vt 0.653405 0.112898
vt 0.700865 0.112898
vt 0.700865 0.131378
vt 0.696365 0.142000
vt 0.700865 0.149014
vt 0.700865 0.199134
vt 0.698608 0.202336
vt 0.700865 0.205538
vt 0.700865 0.215590
vt 0.653405 0.215590
vt 0.469433 0.268939
vt 0.469433 0.278991
vt 0.465706 0.278985
vt 0.465706 0.268934
vt 0.469433 0.282193
vt 0.465706 0.282187
vt 0.784869 0.389818
vt 0.788957 0.389766
vt 0.788957 0.439884
vt 0.000000 0.000000
vt 1.000000 0.000000
vt 1.000000 1.000000
vt 0.000000 1.000000
vt 0.757015 0.389955
vt 0.757034 0.386754
vt 0.784888 0.386616
vt 0.890316 0.568767
vt 0.890316 0.623591
vt 0.757015 0.383551
vt 0.757015 0.373500
vt 0.899328 0.619917
vt 0.899328 0.572441
vt 0.899322 0.627266
vt 0.899322 0.674742
vt 0.747493 0.383566
vt 0.747493 0.373515
vt 0.747493 0.476204
vt 0.747493 0.457724
vt 0.505734 0.371649
vt 0.496323 0.371647
vt 0.496323 0.285411
vt 0.505734 0.285413
vt 0.505734 0.279008
vt 0.505734 0.268957
vt 0.534257 0.268928
vt 0.534257 0.278979
vt 0.532900 0.282183
vt 0.534257 0.285383
vt 0.534257 0.335503
vt 0.531552 0.342520
vt 0.534257 0.353139
vt 0.534257 0.371619
vt 0.505734 0.282210
vt 0.496323 0.268955
vt 0.496323 0.279006
vt 0.000000 0.000000
vt 1.000000 0.000000
vt 1.000000 1.000000
vt 0.000000 1.000000
vt 0.000000 0.000000
vt 1.000000 0.000000
vt 1.000000 1.000000
vt 0.000000 1.000000
vt 0.000000 0.000000
vt 1.000000 0.000000
vt 1.000000 1.000000
vt 0.000000 1.000000
vt 0.354607 0.112898
vt 0.354607 0.276723
vt 0.287480 0.276724
vt 0.287480 0.112899
vt 0.199442 0.402968
vt 0.199442 0.239145
vt 0.254515 0.239145
vt 0.254515 0.402968
vt 0.000000 0.000000
vt 1.000000 0.000000
vt 1.000000 1.000000
vt 0.000000 1.000000
vt 0.590167 0.690532
vt 0.590166 0.592078
vt 0.645240 0.592134
vt 0.645240 0.690588
vt 0.000000 0.000000
vt 1.000000 0.000000
vt 1.000000 1.000000
vt 0.000000 1.000000
vt 0.000000 0.000000
vt 1.000000 0.000000
vt 1.000000 1.000000
vt 0.000000 1.000000
vt 0.632247 0.817041
vt 0.632247 0.822897
vt 0.590206 0.822897
vt 0.590206 0.817041
vt 0.002138 0.954619
vt 0.031805 0.954619
vt 0.031977 0.989442
vt 0.002310 0.989442
vt 0.326458 0.683650
vt 0.327915 0.710207
vt 0.329339 0.759694
vt 0.289796 0.759694
vt 0.289796 0.678199
vt 0.291358 0.673199
vt 0.289796 0.668199
vt 0.289796 0.658199
vt 0.329339 0.658198
vt 0.329758 0.675439
vt 0.590206 0.849282
vt 0.632247 0.849281
vt 0.632208 0.851576
vt 0.590166 0.851577
vt 0.000000 0.000000
vt 1.000000 0.000000
vt 1.000000 1.000000
vt 0.000000 1.000000
vt 0.525455 0.958689
vt 0.523160 0.955496
vt 0.525455 0.954116
vt 0.557420 0.955496
vt 0.555122 0.958689
vt 0.555123 0.954116
vt 0.034259 0.990730
vt 0.031979 0.994038
vt 0.002312 0.994038
vt 0.000000 0.990730
vt 0.105816 0.948624
vt 0.103520 0.944630
vt 0.105818 0.944590
vt 0.147656 0.944630
vt 0.145360 0.948624
vt 0.145361 0.944591
vt 0.703455 0.219584
vt 0.705752 0.215590
vt 0.705753 0.219595
vt 0.745296 0.219594
vt 0.745295 0.215590
vt 0.747591 0.219584
vt 0.000000 0.000000
vt 1.000000 0.000000
vt 1.000000 1.000000
vt 0.000000 0.000000
vt 1.000000 0.000000
vt 1.000000 1.000000
vt 0.369069 0.612475
vt 0.363198 0.610207
vt 0.370356 0.610192
vt 0.370356 0.580516
vt 0.363198 0.580531
vt 0.369069 0.578205
vt 0.000000 0.000000
vt 1.000000 0.000000
vt 1.000000 1.000000
vt 0.000000 1.000000
vt 0.636200 0.822895
vt 0.636200 0.849279
vt 0.569211 0.781775
vt 0.569221 0.784070
vt 0.527174 0.784070
vt 0.527164 0.781775
vt 0.569221 0.805984
vt 0.573204 0.805986
vt 0.573204 0.844656
vt 0.569221 0.844654
vt 0.461217 0.498187
vt 0.458847 0.496983
vt 0.459405 0.479742
vt 0.461217 0.479746
vt 0.287480 0.678196
vt 0.287480 0.759690
vt 0.000000 0.000000
vt 1.000000 0.000000
vt 1.000000 1.000000
vt 0.000000 1.000000
vt 0.823183 0.184327
vt 0.823193 0.186622
vt 0.790591 0.186622
vt 0.790581 0.184326
vt 0.823193 0.245549
vt 0.830273 0.245550
vt 0.830273 0.253458
vt 0.823193 0.253456
vt 0.000000 1.000000
vt 0.830273 0.186623
vt 0.830273 0.201162
vt 0.823193 0.201160
vt 0.830911 0.338061
vt 0.863508 0.338061
vt 0.863469 0.340356
vt 0.830871 0.340356
vt 0.790591 0.201160
vt 0.863508 0.271226
vt 0.870558 0.271224
vt 0.870558 0.338059
vt 0.823192 0.209516
vt 0.790590 0.209516
vt 0.331615 0.759690
vt 0.330537 0.709404
vt 0.000000 0.000000
vt 1.000000 0.000000
vt 1.000000 1.000000
vt 0.000000 1.000000
vt 0.823193 0.215034
vt 0.790591 0.215034
vt 0.999346 0.517663
vt 0.969678 0.517632
vt 0.969678 0.512880
vt 0.971089 0.511368
vt 0.969678 0.509852
vt 0.969678 0.494542
vt 0.972491 0.491228
vt 0.969678 0.486204
vt 0.969678 0.477467
vt 0.999346 0.477497
vt 0.830273 0.215036
vt 0.830273 0.240512
vt 0.823193 0.240510
vt 0.790591 0.240510
vt 0.823194 0.243030
vt 0.790591 0.243029
vt 0.147656 0.902576
vt 0.145361 0.902536
vt 0.103520 0.902575
vt 0.105818 0.902536
vt 0.826471 0.558959
vt 0.791659 0.559131
vt 0.791659 0.477638
vt 0.826471 0.477467
vt 0.790591 0.253456
vt 0.823183 0.255755
vt 0.790581 0.255755
vt 0.863469 0.268928
vt 0.830911 0.271227
vt 0.830871 0.268928
vt 0.790591 0.245549
vt 0.527174 0.844654
vt 0.569211 0.846953
vt 0.527164 0.846953
vt 0.632208 0.786398
vt 0.632247 0.788697
vt 0.590206 0.788697
vt 0.590167 0.786399
vt 0.569221 0.800128
vt 0.527174 0.800128
vt 0.526878 0.975723
vt 0.555146 0.981929
vt 0.552891 0.985448
vt 0.555159 0.995098
vt 0.525492 0.995098
vt 0.525476 0.979242
vt 0.527174 0.805984
vt 0.494824 0.479765
vt 0.494824 0.498206
vt 0.500636 0.505216
vt 0.499453 0.497006
vt 0.499396 0.479766
vt 0.523160 0.479741
vt 0.523160 0.489742
vt 0.522221 0.494743
vt 0.523160 0.499742
vt 0.523160 0.581237
vt 0.499396 0.581261
vt 0.499768 0.531774
vt 0.745296 0.261655
vt 0.705753 0.261655
vt 0.000000 0.000000
vt 1.000000 0.000000
vt 1.000000 1.000000
vt 0.523171 0.844656
vt 0.000000 0.000000
vt 1.000000 0.000000
vt 1.000000 1.000000
vt 0.523171 0.784072
vt 0.496204 0.583556
vt 0.494824 0.581261
vt 0.790371 0.561414
vt 0.787065 0.559133
vt 0.496204 0.477467
vt 0.224295 0.110284
vt 0.221664 0.110015
vt 0.224295 0.106248
vt 0.000000 0.000000
vt 1.000000 0.000000
vt 1.000000 1.000000
vt 0.783491 0.253458
vt 0.000000 0.000000
vt 1.000000 1.000000
vt 0.783491 0.186623
vt 0.000000 0.000000
vt 1.000000 0.000000
vt 0.000000 1.000000
vt 0.523171 0.805986
vt 1.000000 0.000000
vt 1.000000 1.000000
vt 0.000000 1.000000
vt 0.619834 0.905119
vt 0.590166 0.905119
vt 0.590170 0.902802
vt 0.619838 0.902802
vt 0.747591 0.261645
vt 0.787065 0.477641
vt 0.105816 0.898581
vt 0.145360 0.898582
vt 0.745295 0.265639
vt 0.705752 0.265639
vt 0.783491 0.245550
vt 1.000000 0.000000
vt 1.000000 1.000000
vt 0.000000 1.000000
vt 0.585584 0.678977
vt 0.585584 0.649301
vt 0.590166 0.649258
vt 0.590166 0.678935
vt 0.783491 0.201162
vt 0.000000 0.000000
vt 1.000000 0.000000
vt 0.000000 1.000000
vt 0.496763 0.530972
vt 0.703455 0.261645
vt 0.000000 0.000000
vt 1.000000 0.000000
vt 1.000000 1.000000
vt 0.000000 1.000000
vt 0.460584 0.530951
vt 0.461217 0.581241
vt 0.000000 0.000000
vt 1.000000 0.000000
vt 1.000000 1.000000
vt 0.000000 1.000000
vt 0.454020 0.266692
vt 0.454020 0.231868
vt 0.464017 0.231918
vt 0.464017 0.266741
vt 0.495180 0.503206
vt 0.461573 0.503186
vt 0.919976 0.836429
vt 0.919976 0.769595
vt 0.949644 0.769596
vt 0.949644 0.784134
vt 0.946831 0.792489
vt 0.949644 0.798007
vt 0.949644 0.823484
vt 0.948233 0.826003
vt 0.949644 0.828522
vt 0.949644 0.836429
vt 0.783491 0.240512
vt 0.783491 0.215036
vt 0.000000 0.000000
vt 1.000000 0.000000
vt 1.000000 1.000000
vt 0.591573 0.937359
vt 0.590167 0.931503
vt 0.617576 0.921177
vt 0.619834 0.927033
vt 0.619834 0.965702
vt 0.590167 0.965702
vt 0.319214 0.913530
vt 0.319213 0.919386
vt 0.277172 0.919386
vt 0.277172 0.913530
vt 0.000000 0.000000
vt 1.000000 0.000000
vt 1.000000 1.000000
vt 0.000000 1.000000
vt 0.277172 0.931818
vt 0.319213 0.931818
vt 0.319253 0.934116
vt 0.277211 0.934116
vt 0.000000 0.000000
vt 1.000000 0.000000
vt 1.000000 1.000000
vt 0.000000 1.000000
vt 0.323246 0.885188
vt 0.319214 0.885186
vt 0.319253 0.882891
vt 0.636196 0.900507
vt 0.640200 0.900505
vt 0.636207 0.902802
vt 0.323245 0.931820
vt 0.636207 0.851577
vt 0.640200 0.853874
vt 0.636196 0.853875
vt 0.820585 0.594374
vt 0.813456 0.594373
vt 0.813495 0.592078
vt 0.652353 0.700462
vt 0.645253 0.700464
vt 0.652343 0.698167
vt 0.813456 0.675159
vt 0.820585 0.675161
vt 0.813495 0.677458
vt 0.652343 0.783547
vt 0.645253 0.781250
vt 0.652353 0.781249
vt 0.452500 0.960581
vt 0.482167 0.960581
vt 0.482338 0.995405
vt 0.452672 0.995405
vt 0.323245 0.919388
vt 0.594149 0.853875
vt 0.594160 0.851577
vt 0.636196 0.875789
vt 0.640200 0.875788
vt 0.973575 0.369061
vt 0.973571 0.371378
vt 0.943904 0.371378
vt 0.943907 0.369061
vt 0.943907 0.322430
vt 0.943904 0.320153
vt 0.973571 0.320153
vt 0.973575 0.322430
vt 0.000000 0.000000
vt 1.000000 0.000000
vt 1.000000 1.000000
vt 0.000000 1.000000
vt 0.684955 0.781249
vt 0.684945 0.783547
vt 0.652353 0.708370
vt 0.645253 0.708371
vt 0.443147 0.653122
vt 0.438565 0.653165
vt 0.438565 0.623489
vt 0.443147 0.623446
vt 0.101854 0.695434
vt 0.097567 0.695429
vt 0.097567 0.665752
vt 0.101854 0.665757
vt 0.645253 0.766712
vt 0.652353 0.766710
vt 0.780859 0.675160
vt 0.780898 0.677459
vt 0.684955 0.766710
vt 0.813456 0.607318
vt 0.820585 0.607320
vt 0.652352 0.758355
vt 0.684954 0.758355
vt 0.652353 0.752837
vt 0.684955 0.752837
vt 0.813456 0.602280
vt 0.780859 0.602281
vt 0.780859 0.594373
vt 0.813456 0.604799
vt 0.780859 0.604800
vt 0.102630 0.467742
vt 0.102630 0.475650
vt 0.072962 0.475650
vt 0.072962 0.467742
vt 0.074373 0.465223
vt 0.072962 0.462704
vt 0.072962 0.423276
vt 0.075775 0.417758
vt 0.072962 0.409402
vt 0.072962 0.394864
vt 0.102630 0.394864
vt 0.102630 0.462704
vt 0.102630 0.465223
vt 0.820585 0.602282
vt 0.820585 0.604801
vt 0.645253 0.752838
vt 0.645253 0.713409
vt 0.652353 0.713408
vt 0.780859 0.607319
vt 0.684955 0.713408
vt 0.652353 0.710889
vt 0.684955 0.710889
vt 0.684955 0.700462
vt 0.684945 0.698167
vt 0.000000 0.000000
vt 1.000000 0.000000
vt 1.000000 1.000000
vt 0.000000 1.000000
vt 0.684955 0.708370
vt 0.594149 0.900507
vt 0.594160 0.902802
vt 0.277173 0.885186
vt 0.277212 0.882891
vt 0.636196 0.869933
vt 0.594149 0.869933
vt 0.972169 0.340718
vt 0.943907 0.344344
vt 0.946166 0.338488
vt 0.973575 0.334862
vt 0.594149 0.875789
vt 0.000000 0.000000
vt 1.000000 0.000000
vt 1.000000 1.000000
vt 0.450362 0.996693
vt 0.452674 1.000000
vt 0.000000 0.000000
vt 1.000000 1.000000
vt 0.226260 0.105667
vt 0.223962 0.104287
vt 0.226260 0.101094
vt 0.000000 0.000000
vt 1.000000 0.000000
vt 0.579255 0.610900
vt 0.577967 0.608589
vt 0.585125 0.608574
vt 0.000000 0.000000
vt 1.000000 1.000000
vt 0.692035 0.781250
vt 0.000000 0.000000
vt 1.000000 0.000000
vt 0.000000 1.000000
vt 0.590167 0.900505
vt 0.590167 0.875788
vt 0.482341 1.000000
vt 0.000000 0.000000
vt 1.000000 0.000000
vt 1.000000 1.000000
vt 0.000000 1.000000
vt 0.692035 0.700464
vt 0.692035 0.708371
vt 0.585125 0.578898
vt 0.577967 0.578913
vt 0.000000 0.000000
vt 1.000000 0.000000
vt 1.000000 1.000000
vt 0.000000 1.000000
vt 0.692035 0.766712
vt 0.000000 0.000000
vt 1.000000 0.000000
vt 1.000000 1.000000
vt 0.000000 1.000000
vt 0.980635 0.188850
vt 0.980635 0.190364
vt 0.980635 0.191878
vt 0.980635 0.232648
vt 0.950968 0.232618
vt 0.950968 0.223881
vt 0.953781 0.218862
vt 0.950968 0.215543
vt 0.950968 0.191847
vt 0.952379 0.190335
vt 0.950968 0.188820
vt 0.950968 0.184067
vt 0.980635 0.184098
vt 0.000000 0.000000
vt 1.000000 0.000000
vt 1.000000 1.000000
vt 0.000000 1.000000
vt 0.000000 0.000000
vt 1.000000 0.000000
vt 1.000000 1.000000
vt 0.000000 1.000000
vt 0.000000 0.000000
vt 1.000000 0.000000
vt 1.000000 1.000000
vt 0.000000 1.000000
vt 0.692035 0.713410
vt 0.692035 0.752838
vt 0.764620 0.237351
vt 0.768138 0.235941
vt 0.775606 0.235933
vt 0.775606 0.265610
vt 0.765959 0.263361
vt 0.762441 0.265624
vt 0.747591 0.265639
vt 0.747591 0.235962
vt 0.231312 0.587126
vt 0.230445 0.560570
vt 0.230072 0.511085
vt 0.255408 0.511060
vt 0.255408 0.592554
vt 0.254469 0.597555
vt 0.255408 0.602555
vt 0.255408 0.612555
vt 0.230072 0.612581
vt 0.230129 0.595341
vt 0.225501 0.511085
vt 0.226881 0.508787
vt 0.826055 0.571078
vt 0.821461 0.571080
vt 0.824767 0.568767
vt 0.225501 0.612580
vt 0.226881 0.614876
vt 0.824767 0.674853
vt 0.821461 0.672573
vt 0.826055 0.672570
vt 0.225501 0.594139
vt 0.826055 0.652570
vt 0.821461 0.652573
vt 0.560884 0.951819
vt 0.556901 0.951818
vt 0.556901 0.909647
vt 0.560884 0.909648
vt 0.773169 0.953472
vt 0.769216 0.953473
vt 0.769216 0.911303
vt 0.773169 0.911301
vt 0.227440 0.561373
vt 0.821461 0.662573
vt 0.826055 0.662570
vt 0.527153 0.909867
vt 0.556891 0.907351
vt 0.527164 0.912163
vt 0.556891 0.954116
vt 0.527153 0.954017
vt 0.527164 0.951718
vt 0.849248 0.575966
vt 0.849248 0.657458
vt 0.201812 0.617591
vt 0.201812 0.599151
vt 0.703427 0.502920
vt 0.700127 0.494707
vt 0.700546 0.477467
vt 0.740089 0.477467
vt 0.740089 0.487467
vt 0.738527 0.492467
vt 0.740089 0.497467
vt 0.740089 0.578962
vt 0.700546 0.578962
vt 0.701970 0.529477
vt 0.739592 0.950965
vt 0.739592 0.911409
vt 0.523160 0.951720
vt 0.523160 0.912164
vt 0.739552 0.909111
vt 0.735560 0.911408
vt 0.739552 0.953260
vt 0.735560 0.950963
vt 0.200001 0.617588
vt 0.199442 0.600348
vt 0.769177 0.955769
vt 0.742405 0.497471
vt 0.742405 0.578966
vt 0.698270 0.578966
vt 0.699348 0.528676
vt 0.769177 0.909004
vt 0.848372 0.662449
vt 0.825178 0.657561
vt 0.201179 0.566383
vt 0.201812 0.516096
vt 0.000000 0.000000
vt 1.000000 0.000000
vt 1.000000 1.000000
vt 0.000000 1.000000
vt 0.849248 0.667458
vt 0.849248 0.677459
vt 0.202168 0.594150
vt 0.225857 0.589139
vt 0.743586 0.138353
vt 0.745043 0.164910
vt 0.746467 0.214397
vt 0.706924 0.214397
vt 0.706924 0.132902
vt 0.708487 0.127902
vt 0.706924 0.122902
vt 0.706924 0.112901
vt 0.746467 0.112901
vt 0.746887 0.130142
vt 0.835658 0.949580
vt 0.839651 0.947283
vt 0.839690 0.949582
vt 0.839651 0.991433
vt 0.835658 0.989136
vt 0.839690 0.989138
vt 0.335608 0.991237
vt 0.331615 0.988940
vt 0.335619 0.988939
vt 0.335619 0.949383
vt 0.331615 0.949384
vt 0.335608 0.947087
vt 0.647611 0.612806
vt 0.645240 0.611602
vt 0.645799 0.594362
vt 0.647611 0.594365
vt 0.704609 0.132898
vt 0.704609 0.214393
vt 0.748744 0.214393
vt 0.747665 0.164106
vt 0.704609 0.112898
vt 0.704609 0.122898
vt 0.863696 0.991432
vt 0.863735 0.989137
vt 0.863696 0.947283
vt 0.863735 0.949581
vt 0.287480 0.484041
vt 0.267570 0.484139
vt 0.267570 0.402647
vt 0.287480 0.402549
vt 0.666832 0.594376
vt 0.666832 0.612817
vt 0.672643 0.619826
vt 0.671460 0.611617
vt 0.671403 0.594376
vt 0.695167 0.594352
vt 0.695168 0.604352
vt 0.694228 0.609353
vt 0.695167 0.614353
vt 0.695167 0.695847
vt 0.671403 0.695872
vt 0.671775 0.646385
vt 0.359667 0.949383
vt 0.359667 0.988939
vt 0.668212 0.698167
vt 0.666832 0.695871
vt 0.228541 0.105689
vt 0.226260 0.104400
vt 0.228541 0.101094
vt 0.668212 0.592078
vt 0.219353 0.102381
vt 0.221664 0.101094
vt 0.221664 0.105689
vt 0.359656 0.947087
vt 0.000000 0.000000
vt 1.000000 0.000000
vt 1.000000 1.000000
vt 0.000000 1.000000
vt 0.867688 0.949580
vt 0.867688 0.989135
vt 0.363650 0.949384
vt 0.363650 0.988940
vt 0.668770 0.645583
vt 0.359656 0.991237
vt 0.266693 0.397637
vt 0.286604 0.397539
vt 0.646978 0.645571
vt 0.647610 0.695860
vt 0.000000 0.000000
vt 1.000000 0.000000
vt 1.000000 1.000000
vt 0.000000 1.000000
vt 0.287480 0.392548
vt 0.267570 0.392647
vt 0.267570 0.382647
vt 0.287480 0.382548
vt 0.667187 0.617817
vt 0.647966 0.617805
vt 0.046097 0.812292
vt 0.046097 0.818148
vt 0.004056 0.818148
vt 0.004056 0.812292
vt 0.000000 0.000000
vt 1.000000 0.000000
vt 1.000000 1.000000
vt 0.000000 1.000000
vt 0.004056 0.844532
vt 0.046097 0.844532
vt 0.046057 0.846828
vt 0.004016 0.846828
vt 0.000000 0.000000
vt 1.000000 0.000000
vt 1.000000 1.000000
vt 0.000000 1.000000
vt 0.243205 0.955582
vt 0.240910 0.952389
vt 0.243205 0.951009
vt 0.275170 0.952389
vt 0.272872 0.955582
vt 0.272872 0.951009
vt 0.643432 0.268928
vt 0.640126 0.266647
vt 0.644720 0.266644
vt 0.644720 0.236968
vt 0.640126 0.236971
vt 0.643432 0.234658
vt 0.832369 0.700464
vt 0.825319 0.700466
vt 0.825280 0.698167
vt 0.000000 0.000000
vt 1.000000 0.000000
vt 1.000000 1.000000
vt 0.371644 0.578205
vt 0.377514 0.580473
vt 0.370356 0.580489
vt 0.370356 0.610165
vt 0.377514 0.610150
vt 0.371644 0.612475
vt 0.000000 0.000000
vt 1.000000 0.000000
vt 1.000000 1.000000
vt 0.000000 1.000000
vt 0.050050 0.818146
vt 0.050050 0.844531
vt 0.000000 0.000000
vt 1.000000 0.000000
vt 1.000000 1.000000
vt 0.000000 1.000000
vt 0.872349 0.221765
vt 0.876332 0.221767
vt 0.876332 0.260437
vt 0.872349 0.260436
vt 0.000000 0.000000
vt 1.000000 0.000000
vt 1.000000 1.000000
vt 0.000000 1.000000
vt 0.192329 0.822851
vt 0.192339 0.825146
vt 0.159737 0.825146
vt 0.159727 0.822851
vt 0.192339 0.884073
vt 0.199419 0.884075
vt 0.199419 0.891982
vt 0.192339 0.891981
vt 0.000000 0.000000
vt 0.000000 1.000000
vt 0.199419 0.825148
vt 0.199419 0.839687
vt 0.192339 0.839685
vt 0.792721 0.767300
vt 0.825319 0.767300
vt 0.825280 0.769595
vt 0.792682 0.769595
vt 0.159737 0.839685
vt 0.832369 0.767298
vt 0.192337 0.848041
vt 0.159735 0.848041
vt 0.192339 0.853559
vt 0.159737 0.853559
vt 1.000000 0.736967
vt 0.970333 0.736937
vt 0.970333 0.732185
vt 0.971743 0.730672
vt 0.970333 0.729157
vt 0.970333 0.713846
vt 0.973145 0.710533
vt 0.970333 0.705509
vt 0.970333 0.696772
vt 1.000000 0.696802
vt 0.199419 0.853560
vt 0.199419 0.879037
vt 0.192339 0.879035
vt 0.159737 0.879035
vt 0.192339 0.881554
vt 0.159737 0.881554
vt 0.000000 0.000000
vt 1.000000 0.000000
vt 0.792722 0.700466
vt 0.792682 0.698167
vt 0.159737 0.891981
vt 0.159737 0.884073
vt 0.000000 0.000000
vt 1.000000 0.000000
vt 1.000000 1.000000
vt 0.046058 0.781650
vt 0.046098 0.783948
vt 0.004056 0.783948
vt 0.004017 0.781650
vt 0.872349 0.199852
vt 0.872349 0.215910
vt 0.830302 0.215910
vt 0.830302 0.199851
vt 0.244628 0.972616
vt 0.272896 0.978821
vt 0.270641 0.982341
vt 0.272909 0.991991
vt 0.243242 0.991991
vt 0.243226 0.976135
vt 0.830302 0.260435
vt 0.830302 0.221765
vt 0.000024 0.783947
vt 1.000000 0.000000
vt 1.000000 1.000000
vt 0.000024 0.844531
vt 1.000000 0.000000
vt 1.000000 1.000000
vt 0.785593 0.700464
vt 1.000000 0.000000
vt 1.000000 1.000000
vt 0.785593 0.767299
vt 1.000000 0.000000
vt 1.000000 1.000000
vt 0.000024 0.818146
vt 0.000000 0.000000
vt 1.000000 0.000000
vt 0.000000 1.000000
vt 0.964027 0.111458
vt 0.934359 0.111458
vt 0.934356 0.109181
vt 0.964023 0.109181
vt 0.934359 0.172041
vt 0.964027 0.172042
vt 0.964023 0.174358
vt 0.934356 0.174358
vt 0.000000 0.000000
vt 1.000000 0.000000
vt 0.000000 1.000000
vt 0.000000 0.000000
vt 1.000000 0.000000
vt 1.000000 1.000000
vt 0.000000 1.000000
vt 0.445779 0.653917
vt 0.445779 0.624241
vt 0.450362 0.624198
vt 0.450362 0.653874
vt 0.000000 0.000000
vt 1.000000 0.000000
vt 1.000000 1.000000
vt 0.000000 1.000000
vt 0.245503 0.951009
vt 0.245503 0.884175
vt 0.275170 0.884175
vt 0.275170 0.898714
vt 0.272357 0.907069
vt 0.275170 0.912587
vt 0.275170 0.938063
vt 0.273759 0.940582
vt 0.275170 0.943101
vt 0.275170 0.951009
vt 0.000000 0.000000
vt 1.000000 0.000000
vt 1.000000 1.000000
vt 0.000000 1.000000
vt 0.962621 0.139802
vt 0.964027 0.145658
vt 0.936618 0.155983
vt 0.934359 0.150128
vt 0.657461 0.236176
vt 0.657461 0.230320
vt 0.699502 0.230320
vt 0.699502 0.236176
vt 0.000000 0.000000
vt 1.000000 0.000000
vt 1.000000 1.000000
vt 0.000000 1.000000
vt 0.699502 0.217888
vt 0.657461 0.217889
vt 0.657422 0.215590
vt 0.699463 0.215590
vt 0.000000 0.000000
vt 1.000000 0.000000
vt 1.000000 1.000000
vt 0.000000 1.000000
vt 0.653428 0.264518
vt 0.657460 0.264520
vt 0.657421 0.266815
vt 0.241489 0.933105
vt 0.245492 0.933104
vt 0.241499 0.935401
vt 0.653429 0.217887
vt 0.241499 0.884175
vt 0.245492 0.886472
vt 0.241489 0.886474
vt 0.785593 0.700464
vt 0.778464 0.700462
vt 0.778504 0.698167
vt 0.166840 0.739766
vt 0.159739 0.739767
vt 0.166829 0.737470
vt 0.778464 0.781249
vt 0.785593 0.781250
vt 0.778504 0.783547
vt 0.166829 0.822851
vt 0.159739 0.820554
vt 0.166840 0.820552
vt 0.286476 0.381392
vt 0.256810 0.381261
vt 0.256792 0.346437
vt 0.286458 0.346568
vt 0.653429 0.230319
vt 0.199442 0.886474
vt 0.199452 0.884175
vt 0.241489 0.908388
vt 0.245492 0.908386
vt 0.973575 0.317836
vt 0.973571 0.320153
vt 0.943904 0.320153
vt 0.943907 0.317836
vt 0.943907 0.271205
vt 0.943904 0.268928
vt 0.973571 0.268928
vt 0.973575 0.271205
vt 0.000000 0.000000
vt 1.000000 0.000000
vt 1.000000 1.000000
vt 0.000000 1.000000
vt 0.199442 0.820552
vt 0.199431 0.822851
vt 0.166840 0.747673
vt 0.159739 0.747675
vt 0.649302 0.264334
vt 0.644720 0.264377
vt 0.644720 0.234700
vt 0.649302 0.234658
vt 0.585584 0.678977
vt 0.589871 0.678982
vt 0.589871 0.708659
vt 0.585584 0.708654
vt 0.159739 0.806015
vt 0.166840 0.806014
vt 0.745867 0.781249
vt 0.745906 0.783548
vt 0.199442 0.806014
vt 0.778464 0.713408
vt 0.785593 0.713409
vt 0.166838 0.797659
vt 0.199440 0.797659
vt 0.166840 0.792140
vt 0.199442 0.792140
vt 0.778464 0.708369
vt 0.745867 0.708370
vt 0.745867 0.700462
vt 0.778464 0.710889
vt 0.745867 0.710889
vt 0.931067 0.446189
vt 0.931067 0.454096
vt 0.901400 0.454096
vt 0.901400 0.446188
vt 0.902811 0.443669
vt 0.901400 0.441150
vt 0.901400 0.401722
vt 0.904213 0.396204
vt 0.901400 0.387848
vt 0.901400 0.373310
vt 0.931067 0.373310
vt 0.931067 0.441150
vt 0.931067 0.443669
vt 0.785593 0.708371
vt 0.785593 0.710890
vt 0.159739 0.792142
vt 0.159739 0.752713
vt 0.166840 0.752711
vt 0.745867 0.713408
vt 0.199442 0.752712
vt 0.166840 0.750192
vt 0.199442 0.750192
vt 0.000000 0.000000
vt 1.000000 0.000000
vt 1.000000 1.000000
vt 0.745906 0.698167
vt 0.199442 0.739766
vt 0.199442 0.747673
vt 0.199442 0.933105
vt 0.199452 0.935401
vt 0.699502 0.264520
vt 0.699462 0.266815
vt 0.241489 0.902532
vt 0.199442 0.902532
vt 0.972169 0.289493
vt 0.943907 0.293119
vt 0.946166 0.287263
vt 0.973575 0.283637
vt 0.199442 0.908388
vt 0.256810 0.341842
vt 0.254515 0.345139
vt 0.000000 0.000000
vt 1.000000 0.000000
vt 1.000000 1.000000
vt 0.226964 0.110180
vt 0.224295 0.109961
vt 0.226964 0.106248
vt 1.000000 0.000000
vt 1.000000 1.000000
vt 0.585125 0.613168
vt 0.577967 0.613183
vt 0.579255 0.610900
vt 1.000000 0.000000
vt 1.000000 1.000000
vt 0.738817 0.781251
vt 1.000000 0.000000
vt 1.000000 1.000000
vt 0.703455 0.217887
vt 0.703455 0.230319
vt 0.000000 0.000000
vt 1.000000 0.000000
vt 0.000000 1.000000
vt 0.286476 0.341973
vt 0.000000 0.000000
vt 1.000000 0.000000
vt 1.000000 1.000000
vt 0.000000 1.000000
vt 0.000000 0.000000
vt 1.000000 0.000000
vt 0.000000 1.000000
vt 0.585125 0.642844
vt 0.577967 0.642859
vt 0.968402 0.648098
vt 0.938735 0.648072
vt 0.938743 0.641023
vt 0.968410 0.641049
vt 0.000000 0.000000
vt 1.000000 0.000000
vt 1.000000 1.000000
vt 0.000000 1.000000
vt 0.738817 0.713410
vt 0.938742 0.691871
vt 0.938742 0.690357
vt 0.938741 0.688843
vt 0.968403 0.656835
vt 0.965592 0.661854
vt 0.968405 0.665173
vt 0.968409 0.688868
vt 0.966998 0.690381
vt 0.968409 0.691896
vt 0.968410 0.696648
vt 0.938743 0.696623
vt 0.738817 0.708372
vt 0.738817 0.700464
vt 0.738817 0.710891
vt 0.000000 0.000000
vt 1.000000 0.000000
vt 1.000000 1.000000
vt 0.000000 1.000000
vt 0.801117 0.341774
vt 0.804635 0.340363
vt 0.812104 0.340356
vt 0.812104 0.370033
vt 0.802457 0.367784
vt 0.798939 0.370046
vt 0.784089 0.370061
vt 0.784089 0.340384
vt 0.000000 0.000000
vt 1.000000 0.000000
vt 1.000000 1.000000
vt 0.000000 1.000000
vt 0.832410 0.702599
vt 0.870470 0.702600
vt 0.870470 0.763801
vt 0.832410 0.763799
vt 0.644591 0.274639
vt 0.600744 0.300012
vt 0.595381 0.294301
vt 0.639228 0.268928
vt 0.639160 0.383441
vt 0.645004 0.380201
vt 0.644934 0.383958
vt 0.430148 0.467299
vt 0.436798 0.467238
vt 0.432183 0.470647
vt 0.592832 0.299635
vt 0.431348 0.371649
vt 0.436016 0.374923
vt 0.429430 0.379151
vt 0.371556 0.831075
vt 0.335046 0.831126
vt 0.335046 0.769934
vt 0.371556 0.769882
vt 0.619266 0.333616
vt 0.613484 0.336966
vt 0.380534 0.379862
vt 0.382452 0.372359
vt 0.429689 0.411035
vt 0.437818 0.413599
vt 0.334955 0.836877
vt 0.371520 0.836826
vt 0.832369 0.769594
vt 0.870374 0.769595
vt 0.374861 0.769825
vt 0.374861 0.831017
vt 0.331615 0.831070
vt 0.331615 0.769878
vt 0.000000 0.000000
vt 1.000000 0.000000
vt 1.000000 1.000000
vt 0.000000 1.000000
vt 0.457696 0.431458
vt 0.458813 0.469909
vt 0.436957 0.402481
vt 0.458847 0.374123
vt 0.458847 0.416798
vt 0.000000 0.000000
vt 1.000000 0.000000
vt 1.000000 1.000000
vt 0.000000 1.000000
vt 0.381252 0.468009
vt 0.380794 0.411746
vt 0.000000 0.000000
vt 1.000000 0.000000
vt 1.000000 1.000000
vt 0.000000 1.000000
vt 0.000000 0.000000
vt 1.000000 0.000000
vt 1.000000 1.000000
vt 0.000000 1.000000
vt 0.334955 0.764065
vt 0.371520 0.764014
vt 0.645004 0.269443
vt 0.377836 0.375768
vt 0.634702 0.743836
vt 0.634831 0.782227
vt 0.631359 0.786398
vt 0.631332 0.743841
vt 0.590581 0.748946
vt 0.591312 0.692683
vt 0.594625 0.692721
vt 0.593893 0.748984
vt 0.832369 0.696772
vt 0.870374 0.696773
vt 0.629416 0.728899
vt 0.593377 0.785033
vt 0.597068 0.757546
vt 0.631250 0.690593
vt 0.000000 0.000000
vt 1.000000 0.000000
vt 1.000000 1.000000
vt 0.000000 1.000000
vt 0.435733 0.743715
vt 0.377836 0.743781
vt 0.377836 0.682581
vt 0.435733 0.682514
vt 0.536948 0.371155
vt 0.586175 0.359211
vt 0.588187 0.363219
vt 0.538960 0.375163
vt 0.258505 0.581700
vt 0.255408 0.575913
vt 0.259758 0.575945
vt 0.433199 0.140024
vt 0.426911 0.142105
vt 0.430109 0.136767
vt 0.592832 0.358916
vt 0.477412 0.228440
vt 0.471818 0.227744
vt 0.477700 0.224643
vt 0.287098 0.575843
vt 0.259758 0.514753
vt 0.287098 0.514651
vt 0.584096 0.288528
vt 0.590753 0.288233
vt 0.439239 0.682529
vt 0.439239 0.743729
vt 0.454888 0.181776
vt 0.449005 0.184878
vt 0.285845 0.581599
vt 0.435902 0.676720
vt 0.379093 0.676785
vt 0.475883 0.116155
vt 0.472792 0.112898
vt 0.255408 0.514721
vt 0.000000 0.000000
vt 1.000000 0.000000
vt 1.000000 1.000000
vt 0.000000 1.000000
vt 0.413810 0.152835
vt 0.409680 0.144956
vt 0.451137 0.193251
vt 0.434994 0.231868
vt 0.414460 0.163806
vt 0.534869 0.300472
vt 0.000000 0.000000
vt 1.000000 0.000000
vt 1.000000 1.000000
vt 0.000000 1.000000
vt 0.000000 0.000000
vt 1.000000 0.000000
vt 1.000000 1.000000
vt 0.000000 1.000000
vt 0.000000 0.000000
vt 1.000000 0.000000
vt 1.000000 1.000000
vt 0.000000 1.000000
vt 0.258505 0.508888
vt 0.477700 0.113703
vt 0.534257 0.373129
vt 0.435902 0.749542
vt 0.057575 0.523767
vt 0.065206 0.597315
vt 0.061870 0.597758
vt 0.054239 0.524211
vt 0.008379 0.561768
vt 0.019498 0.503452
vt 0.022781 0.502985
vt 0.011628 0.562416
vt 0.285845 0.508787
vt 0.379094 0.749607
vt 0.048944 0.512667
vt 0.003249 0.597758
vt 0.013169 0.571417
vt 0.050739 0.503948
vt 0.000000 0.000000
vt 1.000000 0.000000
vt 1.000000 1.000000
vt 0.000000 1.000000
vt 0.517332 0.588073
vt 0.517332 0.658101
vt 0.456151 0.657902
vt 0.456151 0.587875
vt 0.783446 0.117209
vt 0.754254 0.158620
vt 0.750458 0.155810
vt 0.779650 0.114399
vt 0.287480 0.457318
vt 0.293229 0.454990
vt 0.293264 0.459714
vt 0.167977 0.092298
vt 0.174460 0.092616
vt 0.169449 0.096788
vt 0.748744 0.162172
vt 0.450362 0.586657
vt 0.456174 0.583556
vt 0.293885 0.490979
vt 0.354436 0.459292
vt 0.355056 0.490557
vt 0.772235 0.198986
vt 0.766725 0.202539
vt 0.517355 0.583755
vt 0.165767 0.069168
vt 0.175369 0.069659
vt 0.199975 0.108725
vt 0.194964 0.112898
vt 0.450362 0.655445
vt 0.121804 0.108408
vt 0.123276 0.112898
vt 0.354401 0.454568
vt 0.157511 0.001020
vt 0.162664 0.037922
vt 0.116491 0.054031
vt 0.111338 0.017129
vt 0.783478 0.229076
vt 0.777968 0.232629
vt 0.767532 0.208484
vt 0.774928 0.205186
vt 0.206257 0.082511
vt 0.170104 0.045019
vt 0.171339 0.037403
vt 0.164058 0.000000
vt 0.219353 0.032913
vt 0.209307 0.077038
vt 0.000000 0.000000
vt 1.000000 0.000000
vt 1.000000 1.000000
vt 0.000000 1.000000
vt 0.119594 0.085278
vt 0.293411 0.429161
vt 0.354582 0.428739
vt 0.000000 0.000000
vt 1.000000 0.000000
vt 1.000000 1.000000
vt 0.000000 1.000000
vt 0.360267 0.456816
vt 0.119519 0.111785
vt 0.783478 0.112898
vt 0.523160 0.586893
vt 0.354640 0.422529
vt 0.355021 0.382548
vt 0.360888 0.384796
vt 0.360506 0.424777
vt 0.122733 0.365535
vt 0.128383 0.341828
vt 0.131641 0.341158
vt 0.125968 0.365613
vt 0.360888 0.488081
vt 0.523160 0.655681
vt 0.177563 0.372667
vt 0.181222 0.380629
vt 0.191397 0.435080
vt 0.106732 0.435080
vt 0.121317 0.399142
vt 0.120295 0.390067
vt 0.170803 0.340156
vt 0.000000 0.000000
vt 1.000000 0.000000
vt 1.000000 1.000000
vt 0.000000 1.000000
vt 0.605956 0.079212
vt 0.605956 0.100670
vt 0.557522 0.085832
vt 0.557522 0.064374
vt 0.603483 0.104180
vt 0.555049 0.089342
vt 0.474440 0.092167
vt 0.480187 0.091258
vt 0.480249 0.095361
vt 0.235041 0.186030
vt 0.240419 0.183166
vt 0.237889 0.189304
vt 0.550943 0.084704
vt 0.452794 0.537670
vt 0.450349 0.543469
vt 0.448072 0.537671
vt 0.284011 0.196791
vt 0.259544 0.239145
vt 0.213422 0.231657
vt 0.480187 0.063976
vt 0.474440 0.064886
vt 0.474482 0.003578
vt 0.480229 0.002668
vt 0.448072 0.476470
vt 0.452794 0.476470
vt 0.219661 0.154617
vt 0.226425 0.150766
vt 0.286542 0.190653
vt 0.550943 0.063614
vt 0.210574 0.228384
vt 0.541359 0.090936
vt 0.541421 0.095039
vt 0.000000 0.000000
vt 1.000000 0.000000
vt 1.000000 1.000000
vt 0.000000 1.000000
vt 0.285079 0.176952
vt 0.224381 0.144212
vt 0.204564 0.112898
vt 0.225293 0.117101
vt 0.248022 0.125714
vt 0.266751 0.125507
vt 0.287480 0.129711
vt 0.287480 0.172261
vt 0.541401 0.002346
vt 0.541359 0.063654
vt 0.000000 0.000000
vt 1.000000 0.000000
vt 1.000000 1.000000
vt 0.000000 1.000000
vt 0.000000 0.000000
vt 1.000000 0.000000
vt 1.000000 1.000000
vt 0.000000 1.000000
vt 0.000000 0.000000
vt 1.000000 0.000000
vt 1.000000 1.000000
vt 0.000000 1.000000
vt 0.547228 0.091784
vt 0.097579 0.600110
vt 0.097589 0.597758
vt 0.103407 0.600963
vt 0.541459 0.000000
vt 0.547270 0.003194
vt 0.450349 0.470647
vt 0.547228 0.064502
vt 0.097567 0.632607
vt 0.103407 0.636034
vt 0.297165 0.006017
vt 0.245564 0.003216
vt 0.244769 0.000000
vt 0.296369 0.002801
vt 0.291493 0.097822
vt 0.314461 0.097822
vt 0.315275 0.101094
vt 0.291906 0.101094
vt 0.299109 0.026147
vt 0.303146 0.033923
vt 0.269676 0.091809
vt 0.245556 0.097822
vt 0.222588 0.097821
vt 0.239068 0.056670
vt 0.237919 0.047610
vt 0.000000 0.000000
vt 1.000000 0.000000
vt 0.000000 1.000000
vt 0.159963 0.640491
vt 0.159963 0.719668
vt 0.109605 0.714200
vt 0.109605 0.635023
vt 0.879237 0.205174
vt 0.908478 0.258922
vt 0.905573 0.260437
vt 0.876332 0.206689
vt 0.007980 0.338447
vt 0.005152 0.332054
vt 0.009014 0.329472
vt 0.059843 0.334693
vt 0.055705 0.338282
vt 0.056367 0.332230
vt 0.107396 0.717355
vt 0.103538 0.713575
vt 0.354483 0.490979
vt 0.359585 0.494146
vt 0.354498 0.495198
vt 0.010334 0.283529
vt 0.062320 0.283677
vt 0.366753 0.433668
vt 0.361724 0.432092
vt 0.362686 0.382548
vt 0.367731 0.382580
vt 0.293317 0.495288
vt 0.293301 0.491069
vt 0.354492 0.550515
vt 0.359579 0.549463
vt 0.359585 0.583099
vt 0.354499 0.583078
vt 0.103520 0.635387
vt 0.829277 0.506239
vt 0.863595 0.556908
vt 0.860781 0.558760
vt 0.826906 0.507796
vt 0.934801 0.000567
vt 0.937957 0.000000
vt 0.912364 0.053506
vt 0.909297 0.052024
vt 0.000000 0.000000
vt 1.000000 0.000000
vt 1.000000 1.000000
vt 0.000000 1.000000
vt 0.367731 0.478235
vt 0.360888 0.477327
vt 0.361239 0.458305
vt 0.366269 0.458647
vt 0.005828 0.349702
vt 0.062726 0.359500
vt 0.065621 0.365376
vt 0.009703 0.357813
vt 0.000000 0.000000
vt 1.000000 0.000000
vt 1.000000 1.000000
vt 0.000000 1.000000
vt 0.000000 0.000000
vt 1.000000 0.000000
vt 1.000000 1.000000
vt 0.000000 1.000000
vt 0.000000 0.000000
vt 1.000000 0.000000
vt 1.000000 1.000000
vt 0.000000 1.000000
vt 0.361564 0.445696
vt 0.366456 0.449172
vt 0.000000 0.000000
vt 1.000000 0.000000
vt 1.000000 1.000000
vt 0.000000 1.000000
vt 0.909669 0.058718
vt 0.826471 0.501106
vt 0.876490 0.199988
vt 0.287491 0.494252
vt 0.908478 0.189254
vt 0.905731 0.184067
vt 0.856851 0.487949
vt 0.854495 0.482519
vt 0.108027 0.030125
vt 0.111338 0.030196
vt 0.019123 0.001052
vt 0.003369 0.078646
vt 0.000000 0.078578
vt 0.015922 0.000000
vt 0.863595 0.483477
vt 0.862087 0.477467
vt 0.042207 0.011054
vt 0.036660 0.078505
vt 0.043739 0.006314
vt 0.067337 0.014756
vt 0.065290 0.021057
vt 0.233514 0.446868
vt 0.233514 0.439424
vt 0.266344 0.439443
vt 0.266344 0.446887
vt 0.204567 0.880503
vt 0.204567 0.833027
vt 0.245636 0.833027
vt 0.245636 0.880502
vt 0.204517 0.829351
vt 0.245586 0.829350
vt 0.227964 0.505865
vt 0.233514 0.505865
vt 0.231307 0.508787
vt 0.746851 0.595019
vt 0.741329 0.595014
vt 0.744791 0.592078
vt 0.233514 0.405886
vt 0.227964 0.405886
vt 0.231307 0.402968
vt 0.744791 0.697893
vt 0.741329 0.694990
vt 0.746851 0.694995
vt 0.323336 0.831739
vt 0.323336 0.879214
vt 0.282261 0.879214
vt 0.282261 0.831739
vt 0.227964 0.439425
vt 0.245586 0.884175
vt 0.204517 0.884175
vt 0.746851 0.640508
vt 0.741329 0.640503
vt 0.327504 0.879216
vt 0.327504 0.831741
vt 0.249767 0.880500
vt 0.249767 0.833025
vt 0.282248 0.828066
vt 0.323323 0.828066
vt 0.323323 0.882891
vt 0.282248 0.882891
vt 0.746851 0.649616
vt 0.780859 0.674416
vt 0.780859 0.694828
vt 0.226612 0.446870
vt 0.199442 0.505894
vt 0.199442 0.460404
vt 0.201613 0.451294
vt 0.199442 0.405915
vt 0.266344 0.405905
vt 0.780859 0.594852
vt 0.780859 0.666973
vt 0.266344 0.505884
vt 0.277172 0.879216
vt 0.277172 0.831741
vt 0.199442 0.833025
vt 0.199442 0.880501
vt 0.577967 0.645338
vt 0.577967 0.678876
vt 0.574318 0.678881
vt 0.574318 0.645343
vt 0.523160 0.651021
vt 0.523160 0.578898
vt 0.526858 0.578902
vt 0.526859 0.651025
vt 0.572069 0.637899
vt 0.526858 0.678881
vt 0.530471 0.658469
vt 0.574318 0.578902
vt 0.144601 0.847429
vt 0.144601 0.894905
vt 0.110959 0.894905
vt 0.110959 0.847429
vt 0.000000 0.850503
vt 0.007425 0.846828
vt 0.007475 0.850505
vt 0.007424 0.901653
vt 0.000000 0.897978
vt 0.007475 0.897980
vt 0.110946 0.898581
vt 0.103520 0.894907
vt 0.103520 0.847431
vt 0.110946 0.843757
vt 0.041112 0.850504
vt 0.041112 0.897980
vt 0.144588 0.843757
vt 0.561802 0.771571
vt 0.565890 0.771519
vt 0.565890 0.781570
vt 0.561802 0.781623
vt 0.561802 0.678934
vt 0.565890 0.678881
vt 0.565890 0.697361
vt 0.561802 0.697414
vt 0.144588 0.898581
vt 0.533948 0.697551
vt 0.533948 0.679071
vt 0.258243 0.239150
vt 0.258243 0.325386
vt 0.254515 0.325381
vt 0.254515 0.239145
vt 0.565772 0.707981
vt 0.561473 0.708031
vt 0.533619 0.708168
vt 0.565890 0.714996
vt 0.561802 0.715049
vt 0.533948 0.715186
vt 0.000000 0.000000
vt 1.000000 0.000000
vt 1.000000 1.000000
vt 0.000000 1.000000
vt 0.000000 0.000000
vt 1.000000 0.000000
vt 1.000000 1.000000
vt 0.000000 1.000000
vt 0.707220 0.092640
vt 0.707220 0.102692
vt 0.659760 0.102692
vt 0.659760 0.092640
vt 0.662017 0.089438
vt 0.659760 0.080057
vt 0.659760 0.036116
vt 0.659970 0.029102
vt 0.659760 0.018481
vt 0.659760 0.000000
vt 0.707220 0.000000
vt 0.707220 0.086236
vt 0.707220 0.089438
vt 0.258243 0.341842
vt 0.254515 0.341836
vt 0.254515 0.331785
vt 0.258243 0.331791
vt 0.254515 0.328583
vt 0.258243 0.328588
vt 0.565890 0.758936
vt 0.561802 0.760123
vt 0.000000 0.000000
vt 1.000000 0.000000
vt 1.000000 1.000000
vt 0.000000 1.000000
vt 0.533948 0.765305
vt 0.561821 0.768370
vt 0.533967 0.768507
vt 0.041062 0.901652
vt 0.041062 0.846828
vt 0.533948 0.781760
vt 0.533948 0.771709
vt 0.050074 0.850502
vt 0.050074 0.897978
vt 0.153601 0.894907
vt 0.153601 0.847431
vt 0.524426 0.781775
vt 0.524426 0.771723
vt 0.524426 0.697566
vt 0.524426 0.679086
vt 0.000000 0.000000
vt 1.000000 0.000000
vt 0.000000 1.000000
vt 0.285133 0.239166
vt 0.285133 0.325402
vt 0.760766 0.092669
vt 0.760766 0.089467
vt 0.760766 0.086265
vt 0.760766 0.000029
vt 0.789289 0.000000
vt 0.789289 0.018481
vt 0.786585 0.029105
vt 0.789289 0.036116
vt 0.789289 0.086236
vt 0.787932 0.089439
vt 0.789289 0.092640
vt 0.789289 0.102692
vt 0.760766 0.102721
vt 0.751355 0.102719
vt 0.751355 0.092667
vt 0.751355 0.089465
vt 0.751355 0.086263
vt 0.000000 0.000000
vt 1.000000 0.000000
vt 1.000000 1.000000
vt 0.000000 1.000000
vt 0.000000 0.000000
vt 1.000000 0.000000
vt 1.000000 1.000000
vt 0.000000 1.000000
vt 0.409680 0.276722
vt 0.354607 0.276721
vt 0.354607 0.112898
vt 0.409680 0.112898
vt 0.000000 0.000000
vt 1.000000 0.000000
vt 1.000000 1.000000
vt 0.000000 1.000000
vt 0.055074 0.696269
vt 0.000000 0.696212
vt 0.000000 0.597758
vt 0.055074 0.597814
vt 0.000000 0.000000
vt 1.000000 0.000000
vt 1.000000 1.000000
vt 0.000000 1.000000
vt 0.000000 0.000000
vt 1.000000 0.000000
vt 1.000000 1.000000
vt 0.000000 1.000000
vt 0.002906 0.365217
vt 0.071878 0.380120
vt 0.078135 0.394864
vt 0.000000 0.394864
vt 0.586184 0.578898
vt 0.590167 0.578899
vt 0.590167 0.619539
vt 0.586184 0.619538
vt 0.652063 0.109275
vt 0.610022 0.109276
vt 0.610022 0.041960
vt 0.652063 0.041960
vt 0.960735 0.462919
vt 0.961684 0.451060
vt 0.960735 0.437946
vt 0.960735 0.420574
vt 0.985151 0.420549
vt 0.985151 0.462894
vt 0.000000 0.000000
vt 1.000000 0.000000
vt 1.000000 1.000000
vt 0.000000 1.000000
vt 0.000000 0.000000
vt 1.000000 0.000000
vt 1.000000 1.000000
vt 0.000000 1.000000
vt 0.610021 0.034754
vt 0.652063 0.034754
vt 0.697261 0.268928
vt 0.739751 0.268947
vt 0.739716 0.302565
vt 0.697227 0.302546
vt 0.969923 0.042839
vt 0.969923 0.002987
vt 0.978423 0.002987
vt 0.978423 0.042839
vt 0.987824 0.002987
vt 0.987824 0.042840
vt 0.993528 0.002987
vt 0.993528 0.042840
vt 0.000000 0.000000
vt 1.000000 0.000000
vt 1.000000 1.000000
vt 0.000000 1.000000
vt 0.487065 0.958303
vt 0.491659 0.958298
vt 0.490372 0.960581
vt 0.000000 0.000000
vt 1.000000 0.000000
vt 1.000000 1.000000
vt 0.988342 0.465193
vt 0.989722 0.462894
vt 1.000000 0.000000
vt 1.000000 1.000000
vt 0.000000 0.000000
vt 1.000000 0.000000
vt 1.000000 1.000000
vt 0.899328 0.651866
vt 0.902635 0.649553
vt 0.903922 0.651863
vt 0.902634 0.696648
vt 0.899328 0.694368
vt 0.903922 0.694365
vt 0.000000 0.000000
vt 1.000000 0.000000
vt 1.000000 1.000000
vt 0.697224 0.307119
vt 0.694931 0.303925
vt 0.373771 0.493274
vt 0.376127 0.490979
vt 0.377507 0.493274
vt 0.376127 0.537689
vt 0.373771 0.535391
vt 0.377507 0.535391
vt 0.443504 0.623446
vt 0.441065 0.621161
vt 0.444792 0.621163
vt 0.444792 0.579047
vt 0.441065 0.579045
vt 0.443504 0.576736
vt 0.000000 0.000000
vt 1.000000 0.000000
vt 1.000000 1.000000
vt 0.000000 1.000000
vt 0.000000 0.000000
vt 1.000000 0.000000
vt 1.000000 1.000000
vt 0.000000 1.000000
vt 0.000000 0.000000
vt 1.000000 0.000000
vt 1.000000 1.000000
vt 0.814977 0.962185
vt 0.787139 0.938418
vt 0.788659 0.936697
vt 0.816496 0.960464
vt 0.450362 0.624196
vt 0.446409 0.624198
vt 0.446409 0.583558
vt 0.450362 0.583556
vt 0.418993 0.276478
vt 0.412152 0.276478
vt 0.411963 0.238011
vt 0.418804 0.238011
vt 0.420097 0.231868
vt 0.411960 0.233415
vt 0.000000 0.000000
vt 1.000000 0.000000
vt 0.000000 1.000000
vt 0.000000 0.000000
vt 1.000000 0.000000
vt 0.000000 1.000000
vt 0.428295 0.768858
vt 0.432278 0.768860
vt 0.432278 0.817981
vt 0.428295 0.817980
vt 0.739542 0.846310
vt 0.781590 0.846307
vt 0.781600 0.848602
vt 0.739553 0.848605
vt 0.000000 0.000000
vt 1.000000 0.000000
vt 1.000000 1.000000
vt 0.000000 1.000000
vt 0.652024 0.111570
vt 0.609982 0.111571
vt 0.656016 0.041958
vt 0.656016 0.109273
vt 0.739714 0.307138
vt 0.000000 0.000000
vt 1.000000 0.000000
vt 1.000000 1.000000
vt 0.000000 1.000000
vt 0.000000 0.000000
vt 1.000000 0.000000
vt 1.000000 1.000000
vt 0.000000 1.000000
vt 0.966322 0.112118
vt 0.966323 0.109181
vt 0.989929 0.109181
vt 0.989927 0.112118
vt 0.967628 0.042800
vt 0.967628 0.002947
vt 0.441065 0.612714
vt 0.444792 0.612716
vt 0.643543 0.928297
vt 0.671392 0.904536
vt 0.672889 0.906275
vt 0.645040 0.930037
vt 0.000000 0.000000
vt 1.000000 1.000000
vt 0.000000 1.000000
vt 0.451708 0.233415
vt 0.451710 0.238011
vt 0.451900 0.276478
vt 0.154033 0.719668
vt 0.157962 0.720876
vt 0.157945 0.768786
vt 0.154019 0.768789
vt 0.200607 0.961385
vt 0.199442 0.935401
vt 0.228953 0.935401
vt 0.233438 0.937481
vt 0.239139 0.935401
vt 0.237450 0.967039
vt 0.239099 0.975162
vt 0.233399 0.975162
vt 0.228915 0.972810
vt 0.200122 0.974255
vt 0.000000 0.000000
vt 1.000000 0.000000
vt 1.000000 1.000000
vt 0.000000 1.000000
vt 0.154032 0.776258
vt 0.107592 0.776258
vt 0.107578 0.768789
vt 0.107593 0.719668
vt 0.381849 0.768858
vt 0.381843 0.761390
vt 0.428290 0.761391
vt 0.491636 0.915954
vt 0.521942 0.915789
vt 0.521964 0.927647
vt 0.491659 0.927812
vt 0.487056 0.940931
vt 0.491650 0.940926
vt 0.989722 0.420550
vt 0.521955 0.940761
vt 0.444792 0.602853
vt 0.438565 0.600571
vt 0.000000 0.000000
vt 1.000000 0.000000
vt 1.000000 1.000000
vt 0.000000 1.000000
vt 0.359585 0.535406
vt 0.361922 0.513853
vt 0.361346 0.506666
vt 0.359585 0.501736
vt 0.359585 0.493289
vt 0.364694 0.495304
vt 0.370343 0.493278
vt 0.372793 0.509402
vt 0.371784 0.517863
vt 0.655983 0.034750
vt 0.735560 0.846309
vt 0.735560 0.783551
vt 0.739539 0.783553
vt 0.781586 0.783550
vt 0.610022 0.002299
vt 0.652063 0.002299
vt 0.738687 0.333712
vt 0.739751 0.371427
vt 0.697261 0.371408
vt 0.697238 0.330954
vt 0.699189 0.326624
vt 0.739727 0.329382
vt 1.000000 0.000000
vt 1.000000 1.000000
vt 0.000000 1.000000
vt 0.656016 0.002297
vt 0.000000 0.000000
vt 1.000000 0.000000
vt 1.000000 1.000000
vt 0.000000 1.000000
vt 0.521964 0.958132
vt 0.000000 0.000000
vt 1.000000 0.000000
vt 1.000000 1.000000
vt 0.000000 1.000000
vt 0.000000 0.000000
vt 1.000000 0.000000
vt 0.000000 1.000000
vt 1.000000 0.000000
vt 1.000000 1.000000
vt 0.000000 0.000000
vt 1.000000 0.000000
vt 0.000000 1.000000
vt 1.000000 0.000000
vt 1.000000 1.000000
vt 0.000000 1.000000
vt 0.381848 0.751903
vt 0.428295 0.751903
vt 1.000000 0.000000
vt 1.000000 1.000000
vt 0.000000 1.000000
vt 0.107592 0.785745
vt 0.154032 0.785745
vt 0.153993 0.788040
vt 0.107553 0.788040
vt 0.381838 0.749607
vt 0.428285 0.749608
vt 0.000000 0.000000
vt 1.000000 0.000000
vt 1.000000 1.000000
vt 0.000000 1.000000
vt 0.000000 0.000000
vt 1.000000 0.000000
vt 1.000000 1.000000
vt 0.000000 0.000000
vt 1.000000 0.000000
vt 1.000000 1.000000
vt 0.000000 1.000000
vt 0.000000 0.000000
vt 1.000000 0.000000
vt 1.000000 1.000000
vt 0.000000 1.000000
vt 0.995826 0.002948
vt 0.995826 0.042800
vt 0.989927 0.151976
vt 0.966322 0.151976
vt 0.377507 0.514333
vt 0.708301 0.860338
vt 0.708301 0.905302
vt 0.691641 0.905302
vt 0.691641 0.860338
vt 0.938735 0.651692
vt 0.938735 0.694194
vt 0.993530 0.045748
vt 0.987826 0.045747
vt 0.257503 0.702557
vt 0.255930 0.709683
vt 0.257518 0.717564
vt 0.257528 0.727580
vt 0.201740 0.727580
vt 0.201714 0.702557
vt 0.245428 0.702557
vt 0.251838 0.703865
vt 0.259823 0.730772
vt 0.257528 0.732153
vt 0.199442 0.730772
vt 0.201739 0.732153
vt 0.528975 0.849264
vt 0.524381 0.849266
vt 0.527687 0.846953
vt 0.566196 0.849080
vt 0.566196 0.892807
vt 0.528975 0.892991
vt 0.257507 0.768097
vt 0.201719 0.768097
vt 0.876054 0.773579
vt 0.876054 0.818550
vt 0.873759 0.818560
vt 0.873759 0.773590
vt 0.689343 0.905341
vt 0.689343 0.860377
vt 0.733265 0.905303
vt 0.733265 0.860338
vt 0.735560 0.860378
vt 0.735560 0.905342
vt 0.721411 0.905302
vt 0.721411 0.860338
vt 0.691639 0.856383
vt 0.708299 0.856384
vt 0.876056 0.769595
vt 0.917680 0.769595
vt 0.917679 0.773579
vt 0.000000 0.000000
vt 1.000000 0.000000
vt 1.000000 1.000000
vt 0.000000 1.000000
vt 0.917679 0.818550
vt 0.566196 0.899217
vt 0.528975 0.899401
vt 0.455849 0.940926
vt 0.486154 0.940761
vt 0.486163 0.958132
vt 0.455858 0.958298
vt 0.524381 0.892993
vt 0.566196 0.904885
vt 0.528975 0.905068
vt 0.160140 0.651100
vt 0.164123 0.651102
vt 0.164123 0.684609
vt 0.160140 0.684607
vt 0.196614 0.435080
vt 0.195664 0.446939
vt 0.196614 0.460053
vt 0.196614 0.477425
vt 0.176484 0.477445
vt 0.176484 0.435101
vt 0.451264 0.958303
vt 0.454571 0.960581
vt 0.000000 0.000000
vt 1.000000 0.000000
vt 1.000000 1.000000
vt 0.000000 0.000000
vt 1.000000 0.000000
vt 1.000000 1.000000
vt 0.000000 0.000000
vt 1.000000 0.000000
vt 1.000000 1.000000
vt 0.000000 1.000000
vt 0.000000 0.000000
vt 1.000000 0.000000
vt 1.000000 1.000000
vt 0.000000 1.000000
vt 0.000000 0.000000
vt 1.000000 0.000000
vt 1.000000 1.000000
vt 0.191075 0.942071
vt 0.191076 0.978681
vt 0.188781 0.978642
vt 0.188781 0.942032
vt 0.446409 0.687424
vt 0.442455 0.687426
vt 0.442455 0.653919
vt 0.446409 0.653917
vt 0.285133 0.316390
vt 0.285134 0.279775
vt 0.287429 0.279764
vt 0.287427 0.316379
vt 0.455835 0.915954
vt 0.486141 0.915789
vt 0.486163 0.927647
vt 0.455858 0.927812
vt 0.451255 0.940931
vt 1.000000 1.000000
vt 0.000000 1.000000
vt 0.000000 0.000000
vt 1.000000 0.000000
vt 0.000000 1.000000
vt 1.000000 0.000000
vt 1.000000 1.000000
vt 0.000000 1.000000
vt 0.000000 0.000000
vt 1.000000 0.000000
vt 1.000000 1.000000
vt 0.000000 1.000000
vt 0.000000 0.000000
vt 1.000000 0.000000
vt 1.000000 1.000000
vt 0.000000 1.000000
vt 0.000000 0.000000
vt 1.000000 0.000000
vt 1.000000 1.000000
vt 0.000000 1.000000
vt 0.000000 0.000000
vt 1.000000 0.000000
vt 1.000000 1.000000
vt 0.000000 1.000000
vt 0.443353 0.528604
vt 0.447947 0.528625
vt 0.446647 0.530902
vt 0.000000 0.000000
vt 1.000000 0.000000
vt 1.000000 1.000000
vt 1.000000 0.000000
vt 1.000000 1.000000
vt 0.000000 0.000000
vt 1.000000 0.000000
vt 1.000000 1.000000
vt 0.000000 1.000000
vt 1.000000 0.000000
vt 1.000000 1.000000
vt 0.000000 1.000000
vt 0.000000 0.000000
vt 1.000000 0.000000
vt 1.000000 1.000000
vt 0.000000 1.000000
vt 0.000000 0.000000
vt 1.000000 0.000000
vt 0.000000 1.000000
vt 0.195346 0.383163
vt 0.191398 0.383165
vt 0.191398 0.340158
vt 0.195351 0.340156
vt 0.000000 0.000000
vt 1.000000 0.000000
vt 1.000000 1.000000
vt 0.000000 1.000000
vt 0.000000 0.000000
vt 1.000000 0.000000
vt 0.000000 1.000000
vt 0.000000 0.000000
vt 1.000000 0.000000
vt 0.000000 1.000000
vt 0.195351 0.427422
vt 0.191398 0.427424
vt 0.191398 0.414324
vt 0.195351 0.414323
vt 0.000000 0.000000
vt 1.000000 0.000000
vt 1.000000 1.000000
vt 0.000000 1.000000
vt 0.000000 0.000000
vt 1.000000 0.000000
vt 0.000000 1.000000
vt 0.000000 0.000000
vt 1.000000 0.000000
vt 1.000000 1.000000
vt 0.000000 1.000000
vt 0.000000 0.000000
vt 1.000000 0.000000
vt 1.000000 1.000000
vt 0.443478 0.503673
vt 0.448072 0.503694
vt 0.000000 0.000000
vt 1.000000 0.000000
vt 1.000000 0.000000
vt 1.000000 1.000000
vt 0.000000 1.000000
vt 0.000000 0.000000
vt 1.000000 0.000000
vt 1.000000 1.000000
vt 0.000000 1.000000
vt 1.000000 0.000000
vt 1.000000 1.000000
vt 0.103520 0.843757
vt 0.103520 0.833022
vt 0.104772 0.812801
vt 0.103520 0.788094
vt 0.143736 0.788053
vt 0.148078 0.790665
vt 0.155948 0.788040
vt 0.154480 0.810666
vt 0.155948 0.818771
vt 0.155948 0.843703
vt 0.148078 0.843711
vt 0.143736 0.841454
vt 0.129358 0.843407
vt 1.000000 0.000000
vt 1.000000 1.000000
vt 0.000000 1.000000
vt 0.000000 0.000000
vt 1.000000 0.000000
vt 1.000000 1.000000
vt 0.000000 1.000000
vt 0.000000 0.000000
vt 1.000000 0.000000
vt 1.000000 1.000000
vt 0.000000 1.000000
vt 0.000000 0.000000
vt 1.000000 0.000000
vt 1.000000 1.000000
vt 0.000000 1.000000
vt 0.831024 0.373310
vt 0.859047 0.373310
vt 0.859036 0.375609
vt 0.831014 0.375609
vt 0.515717 0.658101
vt 0.515717 0.691608
vt 0.511764 0.691610
vt 0.511764 0.658103
vt 0.831014 0.415270
vt 0.859036 0.415270
vt 0.859036 0.458941
vt 0.831014 0.458940
vt 0.578597 0.224305
vt 0.598727 0.224284
vt 0.598727 0.266629
vt 0.578597 0.266649
vt 0.578597 0.249277
vt 0.579546 0.236162
vt 0.500870 0.780284
vt 0.454429 0.780285
vt 0.454429 0.731164
vt 0.500870 0.731163
vt 0.000000 0.000000
vt 1.000000 0.000000
vt 1.000000 1.000000
vt 0.000000 1.000000
vt 0.831014 0.408064
vt 0.859036 0.408064
vt 0.000000 0.000000
vt 1.000000 0.000000
vt 1.000000 1.000000
vt 0.000000 1.000000
vt 0.905782 0.518520
vt 0.938838 0.518520
vt 0.938838 0.534156
vt 0.905782 0.534156
vt 0.905782 0.501983
vt 0.938838 0.501983
vt 0.905782 0.479765
vt 0.938838 0.479765
vt 0.000000 0.000000
vt 1.000000 0.000000
vt 1.000000 1.000000
vt 0.000000 1.000000
vt 0.880695 0.925518
vt 0.883998 0.923200
vt 0.885289 0.925509
vt 0.603299 0.266629
vt 0.601919 0.268928
vt 0.601919 0.221989
vt 0.603299 0.224285
vt 0.000000 0.000000
vt 1.000000 0.000000
vt 1.000000 1.000000
vt 0.000000 0.000000
vt 1.000000 0.000000
vt 1.000000 1.000000
vt 0.000000 0.000000
vt 1.000000 0.000000
vt 1.000000 1.000000
vt 0.375591 0.427361
vt 0.374303 0.425050
vt 0.377795 0.425053
vt 0.000000 0.000000
vt 1.000000 0.000000
vt 1.000000 1.000000
vt 0.229574 0.106997
vt 0.232147 0.106248
vt 0.232147 0.109380
vt 0.057371 0.827656
vt 0.057371 0.830990
vt 0.055074 0.829610
vt 0.101769 0.829610
vt 0.099474 0.830990
vt 0.099474 0.827656
vt 0.446784 0.530902
vt 0.448072 0.533212
vt 0.444760 0.533208
vt 0.000000 0.000000
vt 1.000000 0.000000
vt 1.000000 1.000000
vt 0.000000 0.000000
vt 1.000000 0.000000
vt 1.000000 1.000000
vt 0.000000 1.000000
vt 0.000000 0.000000
vt 1.000000 0.000000
vt 1.000000 1.000000
vt 0.000000 1.000000
vt 0.000000 0.000000
vt 1.000000 0.000000
vt 1.000000 1.000000
vt 0.000000 1.000000
vt 0.969678 0.479064
vt 0.944090 0.505246
vt 0.942442 0.503649
vt 0.968030 0.477467
vt 0.160140 0.651099
vt 0.160140 0.617591
vt 0.164123 0.617593
vt 0.164123 0.651100
vt 0.569635 0.268927
vt 0.569446 0.230460
vt 0.576287 0.230460
vt 0.576476 0.268927
vt 0.568181 0.224318
vt 0.576284 0.225865
vt 0.000000 0.000000
vt 1.000000 0.000000
vt 1.000000 1.000000
vt 0.000000 1.000000
vt 0.000000 0.000000
vt 1.000000 0.000000
vt 0.000000 1.000000
vt 0.504823 0.731161
vt 0.504823 0.780282
vt 0.000000 0.000000
vt 1.000000 0.000000
vt 1.000000 1.000000
vt 0.000000 1.000000
vt 0.000000 0.000000
vt 1.000000 0.000000
vt 0.000000 1.000000
vt 0.859047 0.461236
vt 0.831024 0.461236
vt 0.828363 0.458939
vt 0.828363 0.415268
vt 0.377795 0.382551
vt 0.374303 0.382548
vt 0.000000 0.000000
vt 1.000000 0.000000
vt 0.000000 1.000000
vt 0.073492 0.830669
vt 0.073477 0.857099
vt 0.057356 0.857420
vt 1.000000 0.000000
vt 1.000000 1.000000
vt 0.000000 1.000000
vt 0.197037 0.484111
vt 0.197037 0.429721
vt 0.199442 0.429719
vt 0.199442 0.484109
vt 0.938848 0.536452
vt 0.905792 0.536451
vt 0.444760 0.541655
vt 0.448072 0.541659
vt 0.562031 0.935229
vt 0.563700 0.933653
vt 0.589276 0.959840
vt 0.587607 0.961415
vt 0.000000 0.000000
vt 1.000000 0.000000
vt 1.000000 1.000000
vt 0.536536 0.225865
vt 0.536539 0.230460
vt 0.536728 0.268928
vt 0.327633 0.828066
vt 0.327629 0.778945
vt 0.331605 0.778948
vt 0.331603 0.826858
vt 0.278364 0.947933
vt 0.277892 0.935064
vt 0.306683 0.936479
vt 0.311170 0.934122
vt 0.316869 0.934116
vt 0.315212 0.942241
vt 0.316869 0.973878
vt 0.311170 0.971803
vt 0.306683 0.973888
vt 0.277172 0.973918
vt 0.000000 0.000000
vt 1.000000 1.000000
vt 0.281182 0.778945
vt 0.281186 0.771476
vt 0.327633 0.771476
vt 0.281186 0.828066
vt 0.500850 0.787752
vt 0.454410 0.787753
vt 0.885346 0.955995
vt 0.915651 0.955805
vt 0.915651 0.967662
vt 0.885346 0.967853
vt 0.885312 0.942881
vt 0.880719 0.942890
vt 0.915617 0.942690
vt 0.444760 0.575324
vt 0.442288 0.553750
vt 0.448072 0.551522
vt 0.448072 0.575328
vt 0.000000 0.000000
vt 1.000000 0.000000
vt 1.000000 1.000000
vt 0.000000 1.000000
vt 0.081948 0.825684
vt 0.073491 0.826677
vt 0.057357 0.814304
vt 0.059367 0.804365
vt 0.057337 0.794968
vt 0.065782 0.794968
vt 0.070714 0.796730
vt 0.077900 0.797334
vt 0.099441 0.794968
vt 0.828371 0.408061
vt 0.000000 0.000000
vt 1.000000 0.000000
vt 1.000000 1.000000
vt 0.000000 1.000000
vt 1.000000 0.000000
vt 1.000000 1.000000
vt 0.000000 1.000000
vt 0.909520 0.210643
vt 0.908478 0.206312
vt 0.908478 0.184067
vt 0.950968 0.184111
vt 0.949015 0.203613
vt 0.950968 0.207946
vt 0.950968 0.234191
vt 0.908479 0.234147
vt 0.000000 0.000000
vt 1.000000 0.000000
vt 1.000000 1.000000
vt 0.000000 1.000000
vt 0.828363 0.375607
vt 1.000000 0.000000
vt 1.000000 1.000000
vt 0.000000 1.000000
vt 0.915594 0.925319
vt 0.000000 0.000000
vt 1.000000 0.000000
vt 1.000000 1.000000
vt 0.000000 1.000000
vt 0.000000 0.000000
vt 1.000000 0.000000
vt 0.000000 1.000000
vt 1.000000 0.000000
vt 1.000000 1.000000
vt 0.000000 0.000000
vt 1.000000 1.000000
vt 0.000000 1.000000
vt 0.000000 0.000000
vt 1.000000 0.000000
vt 1.000000 1.000000
vt 0.500870 0.797240
vt 0.454429 0.797240
vt 0.000000 0.000000
vt 1.000000 0.000000
vt 1.000000 1.000000
vt 0.000000 1.000000
vt 0.281186 0.761989
vt 0.281176 0.759694
vt 0.327622 0.759694
vt 0.327633 0.761989
vt 0.500830 0.799535
vt 0.454390 0.799535
vt 0.000000 0.000000
vt 1.000000 0.000000
vt 1.000000 1.000000
vt 0.000000 1.000000
vt 0.000000 0.000000
vt 1.000000 0.000000
vt 1.000000 1.000000
vt 0.000000 1.000000
vt 0.078423 0.830990
vt 0.078408 0.857420
vt 0.000000 0.000000
vt 1.000000 1.000000
vt 0.000000 1.000000
vt 0.905792 0.477467
vt 0.938848 0.477467
vt 0.000000 0.000000
vt 1.000000 0.000000
vt 1.000000 1.000000
vt 0.002298 0.950635
vt 0.002298 0.905665
vt 0.011827 0.905665
vt 0.011827 0.950635
vt 0.000000 0.000000
vt 1.000000 0.000000
vt 1.000000 1.000000
vt 0.000000 1.000000
vt 0.903347 0.501981
vt 0.903347 0.479764
vt 0.201719 0.768097
vt 0.207386 0.769405
vt 0.213793 0.768097
vt 0.257507 0.768097
vt 0.257528 0.788833
vt 0.201740 0.788833
vt 0.201734 0.783104
vt 0.203306 0.775223
vt 0.201739 0.793406
vt 0.199442 0.792026
vt 0.259823 0.792026
vt 0.257528 0.793406
vt 0.741374 0.906721
vt 0.740087 0.909004
vt 0.736781 0.906723
vt 0.778595 0.906537
vt 0.741374 0.862994
vt 0.778595 0.862810
vt 0.257507 0.829350
vt 0.201719 0.829350
vt 0.954738 0.846409
vt 0.954738 0.891373
vt 0.952443 0.891334
vt 0.952443 0.846369
vt 0.000000 0.950624
vt 0.000000 0.905654
vt 0.036792 0.905665
vt 0.039086 0.905654
vt 0.039086 0.950624
vt 0.036792 0.950635
vt 0.024938 0.950635
vt 0.024938 0.905665
vt 0.011826 0.954619
vt 0.002296 0.954619
vt 0.917949 0.846369
vt 0.917947 0.842414
vt 0.952441 0.842415
vt 0.917949 0.891333
vt 0.915651 0.891372
vt 0.915651 0.846408
vt 0.741374 0.856584
vt 0.778595 0.856400
vt 0.383274 0.926341
vt 0.413579 0.926150
vt 0.413603 0.943522
vt 0.383298 0.943712
vt 0.736781 0.862996
vt 0.741374 0.850916
vt 0.778595 0.850733
vt 0.450362 0.653917
vt 0.450362 0.687424
vt 0.446409 0.687426
vt 0.446409 0.653919
vt 0.196614 0.519790
vt 0.176484 0.519810
vt 0.176484 0.477466
vt 0.196614 0.477445
vt 0.196614 0.494817
vt 0.195664 0.507933
vt 0.378681 0.926349
vt 0.381983 0.924032
vt 0.000000 0.000000
vt 1.000000 0.000000
vt 1.000000 1.000000
vt 0.000000 0.000000
vt 1.000000 0.000000
vt 1.000000 1.000000
vt 0.000000 0.000000
vt 1.000000 0.000000
vt 1.000000 1.000000
vt 0.000000 1.000000
vt 0.000000 0.000000
vt 1.000000 0.000000
vt 1.000000 1.000000
vt 0.000000 1.000000
vt 1.000000 0.000000
vt 1.000000 1.000000
vt 0.000000 1.000000
vt 0.287429 0.239145
vt 0.287427 0.275760
vt 0.285133 0.275770
vt 0.285134 0.239155
vt 0.649302 0.268165
vt 0.649302 0.234658
vt 0.653285 0.234659
vt 0.653285 0.268166
vt 0.985436 0.806245
vt 0.983142 0.806205
vt 0.983142 0.769595
vt 0.985436 0.769635
vt 0.383332 0.956827
vt 0.413637 0.956636
vt 0.413637 0.968494
vt 0.383332 0.968684
vt 0.378704 0.943721
vt 0.000000 0.000000
vt 1.000000 0.000000
vt 0.000000 1.000000
vt 0.000000 0.000000
vt 1.000000 1.000000
vt 0.000000 1.000000
vt 1.000000 0.000000
vt 1.000000 1.000000
vt 0.780106 0.365622
vt 0.743764 0.365622
vt 0.743764 0.322615
vt 0.780106 0.322615
vt 0.780106 0.291455
vt 0.743764 0.291455
vt 0.743764 0.271223
vt 0.780106 0.271223
vt 0.000000 0.000000
vt 1.000000 0.000000
vt 1.000000 1.000000
vt 0.000000 1.000000
vt 0.000000 0.000000
vt 1.000000 0.000000
vt 1.000000 1.000000
vt 0.000000 1.000000
vt 0.000000 0.000000
vt 1.000000 0.000000
vt 1.000000 1.000000
vt 0.000000 0.000000
vt 1.000000 0.000000
vt 1.000000 1.000000
vt 1.000000 0.000000
vt 1.000000 1.000000
vt 0.000000 0.000000
vt 1.000000 0.000000
vt 0.000000 1.000000
vt 1.000000 0.000000
vt 1.000000 1.000000
vt 0.000000 1.000000
vt 0.000000 0.000000
vt 1.000000 0.000000
vt 1.000000 1.000000
vt 0.000000 1.000000
vt 0.254538 0.401627
vt 0.254515 0.381392
vt 0.258469 0.381395
vt 0.258469 0.401628
vt 0.784087 0.322617
vt 0.784089 0.365623
vt 0.000000 0.000000
vt 1.000000 0.000000
vt 1.000000 1.000000
vt 0.000000 1.000000
vt 0.000000 0.000000
vt 1.000000 0.000000
vt 0.000000 1.000000
vt 0.000000 0.000000
vt 1.000000 0.000000
vt 1.000000 1.000000
vt 0.784089 0.271225
vt 0.784089 0.291457
vt 0.000000 0.000000
vt 1.000000 0.000000
vt 1.000000 1.000000
vt 0.000000 1.000000
vt 0.000000 0.000000
vt 1.000000 0.000000
vt 0.000000 1.000000
vt 0.780106 0.298682
vt 0.743764 0.298682
vt 0.000000 0.000000
vt 1.000000 0.000000
vt 1.000000 1.000000
vt 0.000000 1.000000
vt 0.438440 0.576736
vt 0.438565 0.601668
vt 0.433971 0.601693
vt 0.433846 0.576762
vt 0.000000 0.000000
vt 0.000000 1.000000
vt 1.000000 0.000000
vt 1.000000 1.000000
vt 0.000000 1.000000
vt 0.000000 0.000000
vt 1.000000 0.000000
vt 1.000000 1.000000
vt 0.000000 1.000000
vt 0.000000 0.000000
vt 1.000000 0.000000
vt 1.000000 1.000000
vt 0.000000 1.000000
vt 0.533345 0.208080
vt 0.533022 0.233925
vt 0.531085 0.248306
vt 0.533345 0.252652
vt 0.533345 0.264811
vt 0.508421 0.264785
vt 0.500317 0.263309
vt 0.477700 0.264754
vt 0.480316 0.252598
vt 0.477700 0.248252
vt 0.477700 0.208023
vt 0.502401 0.209301
vt 0.522614 0.208069
vt 1.000000 0.000000
vt 1.000000 1.000000
vt 0.000000 1.000000
vt 0.000000 0.000000
vt 1.000000 0.000000
vt 1.000000 1.000000
vt 0.000000 1.000000
vt 0.000000 0.000000
vt 1.000000 0.000000
vt 1.000000 1.000000
vt 0.668361 0.963557
vt 0.641995 0.932637
vt 0.671406 0.960957
vt 0.871334 0.065228
vt 0.871334 0.105868
vt 0.829003 0.105868
vt 0.829003 0.065228
vt 0.846370 0.065228
vt 0.859480 0.066808
vt 0.785593 0.934078
vt 0.816496 0.904012
vt 0.815034 0.905786
vt 0.811968 0.903166
vt 0.672889 0.962712
vt 1.000000 0.000000
vt 1.000000 1.000000
vt 0.000000 0.000000
vt 1.000000 0.000000
vt 0.785593 0.846305
vt 0.605990 0.109274
vt 1.000000 0.000000
vt 1.000000 1.000000
vt 0.609982 0.000001
vt 0.605990 0.002298
vt 0.993530 0.000000
vt 0.992225 0.151987
vt 0.989929 0.154934
vt 0.969924 0.000000
vt 0.964027 0.151987
vt 0.966323 0.154934
vt 0.871716 0.482543
vt 0.863595 0.479785
vt 0.863599 0.477469
vt 0.870440 0.477468
vt 0.000000 0.000000
vt 1.000000 0.000000
vt 0.000000 1.000000
vt 0.381849 0.817979
vt 0.377845 0.817981
vt 0.377845 0.768860
vt 0.000000 0.000000
vt 0.000000 1.000000
vt 0.605990 0.041959
vt 0.097563 0.600075
vt 0.055074 0.600075
vt 0.055077 0.597758
vt 0.097567 0.597758
vt 0.055074 0.707050
vt 0.097563 0.707050
vt 0.097567 0.709327
vt 0.055077 0.709327
vt 0.994297 0.651765
vt 0.994297 0.643318
vt 0.996607 0.643320
vt 0.996607 0.651767
vt 0.000000 0.000000
vt 1.000000 0.000000
vt 0.000000 1.000000
vt 0.903344 0.479783
vt 0.903347 0.477467
vt 0.103520 0.768786
vt 0.103554 0.720876
vt 0.877372 0.543880
vt 0.864506 0.544651
vt 0.865947 0.496740
vt 0.863596 0.489272
vt 0.901265 0.489270
vt 0.903345 0.496738
vt 0.903347 0.545859
vt 0.829007 0.062911
vt 0.846373 0.062911
vt 0.871338 0.108145
vt 0.829007 0.108145
vt 0.994297 0.685434
vt 0.990138 0.663884
vt 0.996607 0.661631
vt 0.996607 0.685437
vt 0.970692 0.685434
vt 0.973841 0.667904
vt 0.972319 0.659444
vt 0.970692 0.643318
vt 0.976396 0.643318
vt 0.985796 0.645338
vt 0.991367 0.656696
vt 0.605956 0.034751
vt 0.785593 0.783548
vt 0.096521 0.662831
vt 0.097563 0.670037
vt 0.057027 0.674595
vt 0.055074 0.667389
vt 0.000000 0.000000
vt 1.000000 1.000000
vt 0.000000 1.000000
vt 0.968410 0.685437
vt 0.968410 0.664379
vt 0.987826 0.000000
vt 0.685896 0.848725
vt 0.683719 0.854393
vt 0.685896 0.860804
vt 0.685896 0.904532
vt 0.644272 0.904532
vt 0.644272 0.848726
vt 0.660932 0.848726
vt 0.674042 0.850306
vt 0.691639 0.909335
vt 0.919976 0.818560
vt 0.917680 0.822554
vt 0.876055 0.822554
vt 0.641995 0.904536
vt 0.641995 0.848729
vt 0.708299 0.909335
vt 0.688212 0.860807
vt 0.688212 0.904535
vt 0.000000 0.000000
vt 1.000000 0.000000
vt 1.000000 1.000000
vt 0.000000 1.000000
vt 0.947667 0.895370
vt 0.981163 0.895370
vt 0.981163 0.937715
vt 0.947667 0.937715
vt 0.947667 0.920343
vt 0.949247 0.907228
vt 0.188779 0.982675
vt 1.000000 0.000000
vt 1.000000 1.000000
vt 1.000000 1.000000
vt 0.155283 0.982675
vt 0.155285 0.978642
vt 0.945351 0.937711
vt 0.945351 0.920339
vt 0.000000 0.000000
vt 0.000000 1.000000
vt 0.000000 0.000000
vt 1.000000 0.000000
vt 1.000000 1.000000
vt 0.000000 1.000000
vt 0.195410 0.427422
vt 0.199442 0.427424
vt 0.199402 0.429719
vt 1.000000 0.000000
vt 1.000000 1.000000
vt 1.000000 0.000000
vt 0.000000 0.000000
vt 0.000000 1.000000
vt 0.000000 0.000000
vt 1.000000 0.000000
vt 1.000000 1.000000
vt 0.000000 1.000000
vt 0.195404 0.383163
vt 0.195410 0.340156
vt 0.199442 0.340158
vt 0.199441 0.383165
vt 0.195410 0.414323
vt 0.199442 0.414324
vt 0.000000 0.000000
vt 1.000000 0.000000
vt 1.000000 1.000000
vt 0.000000 1.000000
vt 0.000000 0.000000
vt 1.000000 1.000000
vt 0.000000 1.000000
vt 0.646666 0.477467
vt 0.621741 0.477467
vt 0.621745 0.475150
vt 0.646669 0.475150
vt 0.000000 0.000000
vt 1.000000 1.000000
vt 0.000000 1.000000
vt 0.646669 0.387886
vt 0.646346 0.430892
vt 0.644409 0.454825
vt 0.646669 0.462051
vt 0.613641 0.472708
vt 0.591024 0.475150
vt 0.593640 0.462051
vt 0.591024 0.454825
vt 0.591024 0.387886
vt 0.615724 0.389970
vt 0.635938 0.387886
vt 0.584843 0.907351
vt 0.587660 0.910238
vt 0.560884 0.930767
vt 0.940302 0.107526
vt 0.941881 0.095668
vt 0.940301 0.082553
vt 0.940301 0.065181
vt 0.973798 0.065181
vt 0.973798 0.107526
vt 0.941293 0.508111
vt 0.969678 0.530284
vt 0.965245 0.531534
vt 0.968042 0.528669
vt 0.589276 0.908603
vt 1.000000 0.000000
vt 1.000000 1.000000
vt 0.000000 0.000000
vt 1.000000 1.000000
vt 0.231337 0.112896
vt 0.229574 0.110850
vt 0.231337 0.109380
vt 0.861708 0.458939
vt 1.000000 0.000000
vt 1.000000 1.000000
vt 0.861708 0.375607
vt 0.941293 0.479764
vt 0.376787 0.429660
vt 0.374303 0.429658
vt 0.376748 0.427361
vt 0.941293 0.534155
vt 0.376748 0.486346
vt 0.374303 0.484049
vt 0.376787 0.484050
vt 0.793717 0.898091
vt 0.792434 0.903166
vt 0.785593 0.903166
vt 0.785597 0.900850
vt 0.000000 0.000000
vt 0.000000 1.000000
vt 0.450397 0.780283
vt 0.450397 0.731162
vt 0.000000 0.000000
vt 1.000000 0.000000
vt 1.000000 1.000000
vt 0.000000 1.000000
vt 0.861708 0.415268
vt 0.099862 0.792658
vt 0.099859 0.794968
vt 0.057370 0.794968
vt 0.057372 0.792658
vt 0.000000 0.000000
vt 1.000000 0.000000
vt 0.000000 1.000000
vt 0.342358 0.893553
vt 0.342356 0.895861
vt 0.333911 0.895861
vt 0.333914 0.893552
vt 0.000000 0.000000
vt 0.000000 1.000000
vt 0.825345 0.900850
vt 0.825342 0.903166
vt 0.277187 0.826858
vt 0.277172 0.778948
vt 0.799370 0.836754
vt 0.825345 0.834774
vt 0.825345 0.883895
vt 0.823266 0.891363
vt 0.785597 0.891363
vt 0.787948 0.883895
vt 0.786504 0.835984
vt 0.937986 0.065178
vt 0.937986 0.082550
vt 0.976074 0.107522
vt 0.976074 0.065177
vt 0.376017 0.893553
vt 0.376015 0.895862
vt 0.352216 0.895862
vt 0.354474 0.889392
vt 0.376017 0.839163
vt 0.347288 0.890622
vt 0.335933 0.877916
vt 0.333914 0.861380
vt 0.333914 0.839162
vt 0.350035 0.840791
vt 0.358493 0.842313
vt 0.055095 0.741795
vt 0.059325 0.741782
vt 0.057372 0.748988
vt 0.055074 0.749001
vt 0.000000 0.000000
vt 1.000000 0.000000
vt 1.000000 1.000000
vt 0.000000 1.000000
vt 0.098820 0.753547
vt 0.057372 0.709327
vt 0.099862 0.709328
vt 0.099862 0.746341
vt 0.055074 0.709340
vt 0.000000 0.000000
vt 1.000000 0.000000
vt 1.000000 1.000000
vt 0.000000 1.000000
vt 0.354963 0.836878
vt 0.376015 0.836878
vt 0.941293 0.501981
vt 0.941588 0.324734
vt 0.929734 0.323153
vt 0.916624 0.324734
vt 0.907094 0.324734
vt 0.907094 0.268928
vt 0.941588 0.268928
vt 0.941588 0.312656
vt 0.939411 0.319066
vt 0.002296 0.901660
vt 0.917947 0.895366
vt 0.952441 0.895367
vt 0.904818 0.324738
vt 0.904818 0.268931
vt 0.011826 0.901660
vt 0.943904 0.268931
vt 0.943904 0.312659
vt 0.949644 0.810239
vt 0.949646 0.806205
vt 0.983140 0.810239
vt 0.947667 0.980063
vt 0.949246 0.968205
vt 0.947667 0.955091
vt 0.947667 0.937719
vt 0.981163 0.937718
vt 0.981163 0.980063
vt 0.287429 0.279764
vt 1.000000 0.000000
vt 1.000000 1.000000
vt 1.000000 0.000000
vt 0.000000 0.000000
vt 1.000000 0.000000
vt 0.000000 1.000000
vt 0.945351 0.937715
vt 0.945351 0.955087
vt 0.000000 0.000000
vt 1.000000 1.000000
vt 0.000000 1.000000
vt 0.000000 0.000000
vt 1.000000 1.000000
vt 0.000000 1.000000
vt 0.739761 0.271224
vt 0.743754 0.268928
vt 1.000000 0.000000
vt 1.000000 1.000000
vt 1.000000 1.000000
vt 0.000000 0.000000
vt 1.000000 0.000000
vt 1.000000 1.000000
vt 0.000000 1.000000
vt 0.072962 0.475650
vt 0.077017 0.475657
vt 0.077017 0.495890
vt 0.072985 0.495884
vt 0.739760 0.322617
vt 0.739761 0.365623
vt 0.739761 0.291457
vt 0.000000 0.000000
vt 1.000000 0.000000
vt 1.000000 1.000000
vt 0.000000 1.000000
vt 0.000000 0.000000
vt 1.000000 0.000000
vt 1.000000 1.000000
vt 0.000000 1.000000
vt 0.642559 0.574181
vt 0.642563 0.571865
vt 0.667487 0.571865
vt 0.667484 0.574181
vt 0.000000 0.000000
vt 1.000000 0.000000
vt 1.000000 1.000000
vt 0.000000 1.000000
vt 0.642562 0.477467
vt 0.653293 0.477467
vt 0.673507 0.479551
vt 0.698207 0.477467
vt 0.698208 0.544406
vt 0.695592 0.551632
vt 0.698208 0.571865
vt 0.675591 0.569422
vt 0.642563 0.551632
vt 0.644823 0.544406
vt 0.642885 0.520473
vt 0.652024 0.000000
vt 0.117082 0.389242
vt 0.000000 0.000000
vt 1.000000 0.000000
vt 1.000000 1.000000
vt 0.000000 1.000000
vt 0.163558 0.046038
vt 0.293314 0.518900
vt 0.287480 0.517350
vt 0.081334 0.080210
vt 0.066043 0.073699
vt 0.074409 0.020604
vt 1.000000 0.000000
vt 1.000000 1.000000
vt 0.000000 1.000000
vt 0.000000 0.000000
vt 1.000000 0.000000
vt 1.000000 1.000000
vt 0.000000 1.000000
vt 0.245166 0.101094
vt 0.221797 0.101094
vt 0.269688 0.095081
vt 0.111005 0.231367
vt 0.095153 0.230769
vt 0.092372 0.224828
vt 0.108419 0.225433
vt 0.550942 0.000346
vt 0.557522 0.000000
vt 0.557522 0.021458
vt 0.550942 0.021435
vt 0.553849 0.045862
vt 0.547270 0.045471
vt 0.605956 0.014838
vt 0.605956 0.036296
vt 0.602284 0.060700
vt 0.094958 0.163682
vt 0.111005 0.164287
vt 0.519486 0.692532
vt 0.516550 0.692440
vt 0.515717 0.658101
vt 0.519486 0.658258
vt 0.000000 0.000000
vt 1.000000 0.000000
vt 1.000000 1.000000
vt 0.000000 1.000000
vt 0.101463 0.564276
vt 0.101614 0.569209
vt 0.071443 0.569358
vt 0.071292 0.564425
vt 0.000000 0.000000
vt 1.000000 0.000000
vt 1.000000 1.000000
vt 0.000000 1.000000
vt 0.101614 0.592065
vt 0.071443 0.592214
vt 0.000000 0.000000
vt 1.000000 0.000000
vt 1.000000 1.000000
vt 0.070155 0.594497
vt 0.066849 0.592216
vt 0.000000 0.000000
vt 1.000000 0.000000
vt 1.000000 1.000000
vt 0.000000 1.000000
vt 0.375220 0.574138
vt 0.375220 0.537689
vt 0.377514 0.537729
vt 0.377514 0.574177
vt 0.066849 0.569360
vt 0.000000 0.000000
vt 1.000000 0.000000
vt 1.000000 1.000000
vt 0.000000 1.000000
vt 0.862979 0.156358
vt 0.830302 0.156391
vt 0.832063 0.140718
vt 0.830302 0.135788
vt 0.830302 0.112931
vt 0.839696 0.114942
vt 0.849631 0.112911
vt 0.862979 0.112898
vt 0.862001 0.129026
vt 0.862979 0.133956
vt 0.101614 0.548606
vt 0.071443 0.548755
vt 0.000000 0.000000
vt 1.000000 0.000000
vt 1.000000 1.000000
vt 0.000000 1.000000
vt 0.000000 0.000000
vt 1.000000 0.000000
vt 1.000000 1.000000
vt 0.000000 1.000000
vt 0.000000 0.000000
vt 1.000000 0.000000
vt 1.000000 1.000000
vt 0.000000 1.000000
vt 0.000000 0.000000
vt 1.000000 0.000000
vt 1.000000 1.000000
vt 0.000000 1.000000
vt 0.000000 0.000000
vt 1.000000 0.000000
vt 1.000000 1.000000
vt 0.000000 1.000000
vt 1.000000 0.000000
vt 1.000000 1.000000
vt 0.101463 0.532933
vt 0.071292 0.533082
vt 0.071443 0.528152
vt 0.101614 0.528003
vt 0.000000 0.000000
vt 1.000000 0.000000
vt 1.000000 1.000000
vt 0.000000 1.000000
vt 0.071443 0.505296
vt 0.101614 0.505147
vt 0.000000 0.000000
vt 1.000000 0.000000
vt 1.000000 1.000000
vt 0.070155 0.502985
vt 0.066849 0.505298
vt 0.000000 0.000000
vt 1.000000 0.000000
vt 1.000000 1.000000
vt 0.000000 1.000000
vt 0.581524 0.682895
vt 0.583819 0.682885
vt 0.583819 0.719338
vt 0.581524 0.719348
vt 0.066849 0.528154
vt 0.000000 0.000000
vt 1.000000 0.000000
vt 1.000000 1.000000
vt 0.000000 1.000000
vt 0.862979 0.178760
vt 0.862001 0.183692
vt 0.862979 0.199818
vt 0.849631 0.199832
vt 0.839696 0.197822
vt 0.830302 0.199851
vt 0.830302 0.176995
vt 0.832063 0.172061
vt 0.000000 0.000000
vt 1.000000 0.000000
vt 1.000000 1.000000
vt 0.000000 1.000000
vt 0.000000 0.000000
vt 1.000000 0.000000
vt 1.000000 1.000000
vt 0.000000 1.000000
vt 0.000000 0.000000
vt 1.000000 0.000000
vt 1.000000 1.000000
vt 0.000000 1.000000
vt 0.000000 0.000000
vt 1.000000 0.000000
vt 0.000000 0.000000
vt 1.000000 0.000000
vt 1.000000 1.000000
vt 0.000000 1.000000
vt 1.000000 0.000000
vt 1.000000 1.000000
vt 0.000000 1.000000
vt 0.000000 0.000000
vt 0.375218 0.578171
vt 0.648985 0.451953
vt 0.648985 0.474809
vt 0.646669 0.474806
vt 0.646669 0.451949
vt 0.703358 0.431349
vt 0.703358 0.453751
vt 0.701730 0.458682
vt 0.703358 0.474809
vt 0.681148 0.474809
vt 0.664616 0.472789
vt 0.651915 0.447021
vt 0.648985 0.431349
vt 0.000000 0.000000
vt 1.000000 0.000000
vt 0.000000 1.000000
vt 0.000000 0.000000
vt 1.000000 1.000000
vt 0.000000 1.000000
vt 0.000000 0.000000
vt 0.581522 0.678890
vt 0.648985 0.410746
vt 0.646669 0.410742
vt 0.646669 0.387886
vt 0.648985 0.387889
vt 0.651915 0.415677
vt 0.664616 0.389909
vt 0.681148 0.387889
vt 0.703358 0.387889
vt 0.701730 0.404016
vt 0.703358 0.408947
vt 0.000000 0.000000
vt 0.000000 1.000000
vt 0.000000 0.000000
vt 1.000000 0.000000
vt 1.000000 1.000000
vt 0.000000 1.000000
vt 0.830254 0.159133
vt 1.000000 0.000000
vt 1.000000 1.000000
vt 0.000000 1.000000
vt 0.738711 0.670132
vt 0.739303 0.675132
vt 0.000000 0.000000
vt 1.000000 1.000000
vt 0.000000 1.000000
vt 0.830278 0.125620
vt 0.835619 0.816416
vt 0.496395 0.831778
vt 0.496402 0.860121
vt 0.835658 0.832476
vt 0.783478 0.159133
vt 0.000000 0.000000
vt 1.000000 0.000000
vt 1.000000 1.000000
vt 0.000000 0.000000
vt 1.000000 0.000000
vt 1.000000 1.000000
vt 0.783502 0.125621
vt 0.785593 0.816417
vt 0.000000 0.000000
vt 1.000000 0.000000
vt 1.000000 1.000000
vt 0.000000 1.000000
vt 0.000000 0.000000
vt 1.000000 0.000000
vt 1.000000 1.000000
vt 0.000000 1.000000
vt 0.722342 0.945859
vt 0.722342 0.958291
vt 0.046800 0.766406
vt 0.789289 0.010430
vt 0.000000 0.750832
vt 0.722342 0.940003
vt 0.046776 0.768924
vt 0.450401 0.895291
vt 0.000000 0.000000
vt 1.000000 0.000000
vt 1.000000 1.000000
vt 0.000000 1.000000
vt 0.450362 0.911347
vt 0.000000 0.000000
vt 1.000000 0.000000
vt 1.000000 1.000000
vt 0.000000 1.000000
vt 0.258817 0.603253
vt 0.000000 0.000000
vt 1.000000 0.000000
vt 1.000000 1.000000
vt 0.000000 1.000000
vt 0.750763 0.023437
vt 0.751355 0.018437
vt 0.000000 0.000000
vt 1.000000 0.000000
vt 1.000000 1.000000
vt 0.000000 1.000000
vt 0.745930 0.446165
vt 0.703950 0.396755
vt 0.703358 0.391755
vt 0.000000 0.000000
vt 1.000000 0.000000
vt 1.000000 1.000000
vt 0.000000 1.000000
vt 0.000000 0.000000
vt 1.000000 0.000000
vt 1.000000 1.000000
vt 0.000000 1.000000
vt 0.902618 0.156836
vt 0.902642 0.123323
vt 0.874998 0.046821
vt 0.692029 0.818085
vt 0.692035 0.846428
vt 0.875036 0.062881
vt 0.000000 0.000000
vt 1.000000 0.000000
vt 1.000000 1.000000
vt 0.000000 1.000000
vt 0.000000 0.000000
vt 1.000000 0.000000
vt 1.000000 1.000000
vt 0.000000 1.000000
vt 0.000000 0.000000
vt 1.000000 0.000000
vt 1.000000 1.000000
vt 0.000000 1.000000
vt 0.000000 0.000000
vt 1.000000 0.000000
vt 1.000000 1.000000
vt 0.000000 1.000000
vt 0.000000 0.000000
vt 1.000000 0.000000
vt 1.000000 1.000000
vt 0.000000 1.000000
vt 0.641995 0.818085
vt 0.000000 0.000000
vt 1.000000 1.000000
vt 0.000000 1.000000
vt 0.158351 0.555964
vt 0.158375 0.603431
vt 0.377836 0.891159
vt 0.101769 0.878004
vt 0.000000 0.000000
vt 1.000000 0.000000
vt 1.000000 1.000000
vt 0.000000 1.000000
vt 0.000000 0.000000
vt 1.000000 0.000000
vt 1.000000 1.000000
vt 0.000000 1.000000
vt 0.000000 0.000000
vt 1.000000 0.000000
vt 1.000000 1.000000
vt 0.000000 1.000000
vt 0.000000 0.000000
vt 1.000000 0.000000
vt 1.000000 1.000000
vt 0.000000 1.000000
vt 0.000000 0.000000
vt 1.000000 0.000000
vt 1.000000 1.000000
vt 0.000000 1.000000
vt 0.051730 0.906349
vt 0.051736 0.878004
vt 0.000000 0.000000
vt 1.000000 1.000000
vt 0.000000 1.000000
vt 0.625904 0.511213
vt 0.620827 0.520344
vt 0.613970 0.516562
vt 0.619285 0.507555
vt 0.742778 0.506531
vt 0.787065 0.539000
vt 0.787046 0.528550
vt 0.742405 0.483169
vt 0.653405 0.116053
vt 0.637750 0.148584
vt 0.630576 0.145344
vt 0.647533 0.112898
vt 0.584876 0.449663
vt 0.536880 0.383203
vt 0.530993 0.420834
vt 0.590955 0.476809
vt 0.036534 0.246776
vt 0.199442 0.621121
vt 0.190688 0.645211
vt 0.183284 0.641928
vt 0.193908 0.617591
vt 0.021151 0.280695
vt 0.454300 0.334045
vt 0.465706 0.370815
vt 0.127851 0.203628
vt 0.544717 0.184859
vt 0.550499 0.186283
vt 0.111338 0.235067
vt 0.188644 0.293854
vt 0.185982 0.285602
vt 0.477700 0.186182
vt 0.483536 0.184774
vt 0.199442 0.336110
vt 0.103695 0.484433
vt 0.374303 0.382548
vt 0.373683 0.401797
vt 0.367856 0.396842
vt 0.367731 0.383113
vt 0.176484 0.484697
vt 0.331615 0.681525
vt 0.377836 0.597149
vt 0.432642 0.676715
vt 0.432642 0.617718
vt 0.377836 0.576737
vt 0.000000 0.000000
vt 1.000000 0.000000
vt 1.000000 1.000000
vt 0.000000 1.000000
vt 0.704575 0.131385
vt 0.703988 0.142006
vt 0.704574 0.149021
vt 0.704574 0.199141
vt 0.704609 0.202343
vt 0.704574 0.205545
vt 0.000000 0.000000
vt 1.000000 0.000000
vt 1.000000 1.000000
vt 0.000000 1.000000
vt 0.000000 0.000000
vt 1.000000 0.000000
vt 1.000000 1.000000
vt 0.000000 1.000000
vt 0.000000 0.000000
vt 1.000000 0.000000
vt 1.000000 1.000000
vt 0.000000 1.000000
vt 0.000000 0.000000
vt 1.000000 0.000000
vt 1.000000 1.000000
vt 0.000000 1.000000
vt 0.830260 0.209520
vt 1.000000 0.000000
vt 1.000000 1.000000
vt 0.000000 1.000000
vt 0.331023 0.681636
vt 0.331615 0.676636
vt 0.000000 0.000000
vt 1.000000 0.000000
vt 1.000000 1.000000
vt 0.830267 0.243032
vt 0.573194 0.800132
vt 0.636200 0.788695
vt 0.636176 0.817038
vt 0.573204 0.784072
vt 0.783478 0.209519
vt 0.000000 0.000000
vt 1.000000 1.000000
vt 0.000000 1.000000
vt 0.000000 0.000000
vt 1.000000 1.000000
vt 0.000000 1.000000
vt 0.783485 0.243032
vt 0.523160 0.800131
vt 0.000000 0.000000
vt 1.000000 0.000000
vt 1.000000 1.000000
vt 0.000000 1.000000
vt 0.000000 0.000000
vt 1.000000 0.000000
vt 1.000000 1.000000
vt 0.000000 1.000000
vt 0.645240 0.758358
vt 0.645246 0.710891
vt 0.640210 0.869930
vt 0.323270 0.913533
vt 0.692022 0.758358
vt 0.692029 0.710891
vt 0.590177 0.869930
vt 0.000000 0.000000
vt 1.000000 0.000000
vt 1.000000 1.000000
vt 0.000000 1.000000
vt 0.590166 0.853874
vt 0.000000 0.000000
vt 1.000000 0.000000
vt 1.000000 1.000000
vt 0.000000 1.000000
vt 0.820585 0.657563
vt 0.000000 0.000000
vt 1.000000 0.000000
vt 1.000000 1.000000
vt 0.000000 1.000000
vt 0.698862 0.500912
vt 0.698270 0.495911
vt 0.000000 0.000000
vt 1.000000 0.000000
vt 1.000000 1.000000
vt 0.000000 1.000000
vt 0.706171 0.127898
vt 0.748152 0.136339
vt 0.748744 0.131339
vt 0.000000 0.000000
vt 1.000000 0.000000
vt 1.000000 1.000000
vt 0.000000 1.000000
vt 0.000000 0.000000
vt 1.000000 0.000000
vt 1.000000 1.000000
vt 0.000000 1.000000
vt 0.199406 0.848044
vt 0.199412 0.881557
vt 0.876322 0.215913
vt 0.050051 0.783947
vt 0.050026 0.812289
vt 0.876332 0.199853
vt 0.000000 0.000000
vt 1.000000 0.000000
vt 1.000000 1.000000
vt 0.000000 1.000000
vt 0.000000 0.000000
vt 1.000000 0.000000
vt 1.000000 1.000000
vt 0.000000 1.000000
vt 0.000000 0.000000
vt 1.000000 0.000000
vt 1.000000 1.000000
vt 0.000000 1.000000
vt 0.000000 0.000000
vt 1.000000 0.000000
vt 1.000000 1.000000
vt 0.000000 1.000000
vt 0.000000 0.000000
vt 1.000000 0.000000
vt 1.000000 1.000000
vt 0.000000 1.000000
vt 0.000000 0.812290
vt 0.000000 0.000000
vt 1.000000 0.000000
vt 1.000000 1.000000
vt 0.000000 1.000000
vt 0.159727 0.797662
vt 0.159733 0.750195
vt 0.245503 0.902529
vt 0.653405 0.236173
vt 0.000000 0.000000
vt 1.000000 0.000000
vt 1.000000 1.000000
vt 0.000000 1.000000
vt 0.000000 0.000000
vt 1.000000 0.000000
vt 1.000000 1.000000
vt 0.000000 1.000000
vt 0.000000 0.000000
vt 1.000000 0.000000
vt 1.000000 1.000000
vt 0.000000 1.000000
vt 0.000000 0.000000
vt 1.000000 0.000000
vt 1.000000 1.000000
vt 0.000000 1.000000
vt 0.000000 0.000000
vt 1.000000 0.000000
vt 1.000000 1.000000
vt 0.000000 1.000000
vt 0.703431 0.236173
vt 0.703455 0.264518
vt 0.000000 0.000000
vt 1.000000 0.000000
vt 1.000000 1.000000
vt 0.000000 1.000000
vt 0.429620 0.402515
vt 0.619631 0.350297
vt 0.626568 0.346657
vt 0.590470 0.757466
vt 0.634620 0.690588
vt 0.634831 0.728886
vt 0.590166 0.780830
vt 0.459155 0.189139
vt 0.584344 0.269222
vt 0.591001 0.268928
vt 0.592832 0.277629
vt 0.584009 0.280426
vt 0.006079 0.569964
vt 0.054075 0.503505
vt 0.056439 0.515305
vt 0.000000 0.597111
vt 0.114926 0.397485
vt 0.360484 0.432388
vt 0.103520 0.434255
vt 0.215940 0.148368
vt 0.474482 0.073644
vt 0.480192 0.072197
vt 0.199442 0.116884
vt 0.230151 0.054792
vt 0.232813 0.046540
vt 0.541364 0.071875
vt 0.547270 0.073261
vt 0.219353 0.097048
vt 0.354492 0.542421
vt 0.359581 0.540339
vt 0.354495 0.518810
vt 0.359583 0.517243
vt 0.928743 0.061809
vt 0.924353 0.066143
vt 0.937202 0.066075
vt 0.937957 0.073118
vt 0.739303 0.649589
vt 0.000000 0.000000
vt 1.000000 0.000000
vt 1.000000 1.000000
vt 0.000000 1.000000
vt 0.577967 0.578898
vt 0.577967 0.637894
vt 0.523160 0.678877
vt 0.523160 0.658464
vt 0.000000 0.000000
vt 1.000000 0.000000
vt 1.000000 1.000000
vt 0.000000 1.000000
vt 0.656050 0.081185
vt 0.656016 0.089432
vt 0.656050 0.092634
vt 0.000000 0.000000
vt 1.000000 0.000000
vt 1.000000 1.000000
vt 0.000000 1.000000
vt 0.000000 0.000000
vt 1.000000 0.000000
vt 1.000000 1.000000
vt 0.000000 1.000000
vt 0.523160 0.768508
vt 0.524426 0.765319
vt 0.487043 0.915959
vt 0.490347 0.913644
vt 0.454020 0.236722
vt 0.409680 0.236722
vt 0.486163 0.927808
vt 0.157986 0.776256
vt 0.157986 0.785743
vt 0.978427 0.045713
vt 0.969924 0.045747
vt 0.432268 0.761393
vt 0.432278 0.751905
vt 0.444641 0.607783
vt 0.439422 0.607765
vt 0.377186 0.509401
vt 0.523160 0.899390
vt 0.524381 0.905071
vt 0.527687 0.907351
vt 0.721408 0.856411
vt 0.733264 0.856384
vt 0.451242 0.915959
vt 0.454546 0.913644
vt 0.450362 0.927808
vt 0.448072 0.472896
vt 0.443632 0.472944
vt 0.446950 0.470647
vt 0.447933 0.495650
vt 0.442149 0.495545
vt 0.191397 0.407098
vt 0.195313 0.407094
vt 0.096362 0.266242
vt 0.100280 0.266240
vt 0.100307 0.281878
vt 0.096354 0.281878
vt 0.066849 0.548757
vt 0.065206 0.564411
vt 1.000000 0.000000
vt 1.000000 1.000000
vt 0.000000 1.000000
vt 0.000000 0.000000
vt 1.000000 0.000000
vt 1.000000 1.000000
vt 0.000000 1.000000
vt 1.000000 0.000000
vt 1.000000 1.000000
vt 0.884061 0.970137
vt 0.880752 0.967861
vt 0.534257 0.229172
vt 0.578597 0.229172
vt 0.879850 0.955996
vt 0.331615 0.761991
vt 0.331615 0.771478
vt 0.903347 0.534154
vt 0.903357 0.518517
vt 0.504787 0.787749
vt 0.504823 0.797238
vt 0.443117 0.546569
vt 0.447921 0.546589
vt 0.735560 0.856573
vt 0.736781 0.850918
vt 0.740087 0.848605
vt 0.036790 0.954619
vt 0.024935 0.954612
vt 0.382047 0.970969
vt 0.378738 0.968693
vt 0.377836 0.956827
vt 0.438565 0.632462
vt 0.437442 0.634687
vt 0.434125 0.632423
vt 0.438426 0.609707
vt 0.432642 0.609792
vt 0.784079 0.298685
vt 0.092381 0.281877
vt 0.092372 0.266241
vt 0.096354 0.266240
vt 0.096354 0.281878
vt 0.065206 0.533068
vt 1.000000 0.000000
vt 1.000000 1.000000
vt 0.000000 0.000000
vt 1.000000 0.000000
vt 1.000000 1.000000
vt 1.000000 0.000000
vt 1.000000 1.000000
vt 0.000000 1.000000
vt 0.377845 0.751904
vt 0.103560 0.785743
vt 0.859484 0.062883
vt 0.871338 0.062912
vt 0.103560 0.776257
vt 0.985811 0.641023
vt 0.994311 0.641023
vt 0.377836 0.761393
vt 0.996338 0.656699
vt 0.968944 0.659447
vt 0.968410 0.643320
vt 0.976410 0.641023
vt 0.688212 0.848729
vt 0.688212 0.854397
vt 0.733264 0.909336
vt 0.721408 0.909363
vt 0.287429 0.320384
vt 0.945322 0.907225
vt 0.945351 0.895367
vt 0.228541 0.101103
vt 0.230561 0.101094
vt 0.230561 0.105098
vt 0.613703 0.477148
vt 0.590955 0.477191
vt 0.195371 0.407094
vt 0.199440 0.407098
vt 0.359589 0.574138
vt 0.359585 0.578205
vt 0.646938 0.447017
vt 0.646669 0.431346
vt 1.000000 0.000000
vt 0.000000 1.000000
vt 0.000000 0.000000
vt 1.000000 0.000000
vt 0.000000 1.000000
vt 0.000000 0.000000
vt 1.000000 1.000000
vt 0.000000 1.000000
vt 0.450397 0.797238
vt 0.277183 0.761991
vt 0.937957 0.095664
vt 0.937986 0.107522
vt 0.277183 0.771478
vt 0.331615 0.877928
vt 0.331615 0.893564
vt 0.450362 0.787750
vt 0.347286 0.895592
vt 0.333911 0.836877
vt 0.350033 0.837412
vt 0.331615 0.861392
vt 0.943904 0.319070
vt 0.943904 0.324737
vt 0.036790 0.901660
vt 0.024935 0.901653
vt 0.945322 0.968202
vt 0.945351 0.980059
vt 0.076977 0.497910
vt 0.675522 0.573862
vt 0.698270 0.573906
vt 0.739751 0.298685
vt 0.565893 0.682895
vt 0.565890 0.678881
vt 0.646938 0.415674
vt 0.000000 1.000000
vt 0.000000 0.000000
vt 0.000000 1.000000
vt 0.000000 0.000000
vt 1.000000 0.000000
vt 1.000000 1.000000
vt 0.000000 1.000000
vt 0.069860 0.081841
vt 0.036569 0.081912
vn 1.0000 -0.0000 0.0000
vn 0.0000 1.0000 -0.0000
vn -0.0002 -0.0073 -1.0000
vn 0.7071 0.7071 -0.0000
vn 0.6550 -0.6550 0.3767
vn -0.6550 -0.6550 0.3767
vn 0.6550 0.6550 0.3767
vn -0.6550 0.6550 0.3767
vn 0.6550 -0.6550 -0.3767
vn 0.6550 0.6550 -0.3767
vn -0.6550 -0.6550 -0.3767
vn -0.6550 0.6550 -0.3767
vn 0.6893 -0.6893 0.2232
vn -0.6893 -0.6893 0.2232
vn 0.6893 0.6893 0.2232
vn -0.6893 0.6893 0.2232
vn 0.0000 -1.0000 0.0000
vn 0.8669 0.0000 0.4985
vn -0.7071 0.7071 -0.0000
vn -0.8669 0.0000 0.4985
vn 0.0000 -0.8669 0.4985
vn 0.0000 0.8669 0.4985
vn -0.0153 -0.8957 -0.4445
vn -0.0000 0.8669 -0.4985
vn 0.8669 -0.0000 -0.4985
vn -0.8669 -0.0000 -0.4985
vn -0.9514 -0.0000 0.3081
vn -0.0000 -0.9514 0.3081
vn 0.0000 0.9514 0.3081
vn -1.0000 0.0000 0.0000
vn 0.9514 0.0000 0.3081
vn -0.9990 -0.0439 0.0000
vn -0.0125 -0.7598 -0.6500
vn -0.9978 0.0664 -0.0000
vn 0.0000 -0.0000 1.0000
vn -1.0000 0.0043 -0.0000
vn -1.0000 0.0085 -0.0000
vn 0.7071 -0.7071 0.0000
vn -0.7071 -0.7071 0.0000
vn -1.0000 -0.0043 0.0000
vn -0.0002 -0.0073 1.0000
vn 0.6893 -0.6893 -0.2232
vn -0.6893 -0.6893 -0.2232
vn 0.6893 0.6893 -0.2232
vn -0.6893 0.6893 -0.2232
vn 0.0000 -0.8669 -0.4985
vn -0.0153 -0.8957 0.4445
vn -0.9514 0.0000 -0.3081
vn -0.0000 -0.9514 -0.3081
vn 0.0000 0.9514 -0.3081
vn 0.9514 -0.0000 -0.3081
vn -0.0125 -0.7598 0.6500
vn -0.2984 0.9545 -0.0000
vn -0.0216 -0.9998 0.0000
vn 0.1176 -0.9931 0.0000
vn 0.0178 -0.9998 0.0000
vn 0.0000 -0.0000 -1.0000
vn 0.2984 0.9545 -0.0000
vn -1.0000 -0.0085 0.0000
vn -1.0000 -0.0021 0.0000
vn -1.0000 0.0021 0.0000
vn -0.9104 0.0803 -0.4058
vn 0.7994 -0.0198 -0.6004
vn -0.9130 -0.0294 -0.4070
vn 0.0002 -0.0069 1.0000
vn 0.0153 -0.8957 0.4445
vn 0.0125 -0.7598 0.6500
vn -0.6960 0.6960 -0.1765
vn -0.7019 -0.7019 -0.1211
vn 0.0000 0.9964 -0.0842
vn 0.0000 -1.0000 -0.0034
vn 0.0002 -0.0073 -1.0000
vn 0.9860 0.0000 0.1667
vn -0.9860 -0.0000 -0.1667
vn 0.0153 -0.8957 -0.4445
vn 0.7059 0.7058 0.0597
vn 0.0125 -0.7598 -0.6500
vn 0.7023 -0.7023 0.1163
vn 0.2982 0.9540 -0.0302
vn 0.0216 -0.9998 0.0002
vn -0.1176 -0.9928 -0.0233
vn -0.0178 -0.9998 -0.0061
vn -0.2958 0.9464 -0.1300
vn -0.0002 -0.0074 -1.0000
vn -0.0002 -0.0074 1.0000
vn -0.1542 0.9880 -0.0000
vn 0.1542 0.9880 -0.0000
vn -0.9990 0.0439 -0.0000
vn -0.9978 -0.0664 0.0000
vn -1.0000 -0.0042 0.0000
vn 0.0268 0.9996 0.0000
vn 0.0279 0.9996 0.0000
vn -0.9999 -0.0113 -0.0000
vn -0.3929 0.9196 0.0000
vn 0.6730 0.6364 0.3768
vn 0.6474 -0.6625 0.3768
vn -0.3820 0.8941 0.2340
vn -0.4017 -0.8877 0.2252
vn 0.9966 -0.0826 0.0000
vn 0.0229 0.8629 0.5048
vn -0.4123 -0.9111 -0.0000
vn -0.0100 -0.8667 0.4987
vn 0.8643 -0.0716 0.4979
vn -0.8668 -0.0098 0.4985
vn 0.6989 -0.7152 -0.0000
vn 0.7266 0.6871 0.0000
vn -0.0116 -0.9999 -0.0000
vn 0.0258 0.9997 0.0000
vn 0.6731 0.6365 -0.3767
vn 0.6474 -0.6626 -0.3767
vn -0.3820 0.8941 -0.2339
vn -0.4017 -0.8877 -0.2251
vn 0.0229 0.8630 -0.5046
vn -0.0100 -0.8668 -0.4985
vn 0.8644 -0.0716 -0.4978
vn -0.8669 -0.0098 -0.4983
vn 0.3758 0.9267 -0.0000
vn -0.9694 0.2455 -0.0000
vn -0.3895 0.9210 0.0000
vn 0.8531 0.3608 0.3768
vn 0.3608 -0.8531 0.3768
vn -0.3608 0.8531 0.3768
vn -0.6869 -0.6214 0.3768
vn 0.9771 -0.2126 0.0000
vn 0.2842 0.8192 0.4982
vn -0.7416 -0.6708 -0.0000
vn -0.0537 -0.8707 0.4888
vn 0.8501 -0.1849 0.4932
vn -0.8432 0.2138 0.4932
vn 0.3895 -0.9210 -0.0000
vn 0.9210 0.3895 0.0000
vn -0.0282 -0.9996 0.0000
vn 0.3278 0.9447 0.0000
vn -0.0601 -0.9982 -0.0000
vn 0.3930 0.9195 0.0000
vn 0.0250 -0.9997 -0.0000
vn 0.8532 0.3608 -0.3767
vn 0.3608 -0.8532 -0.3767
vn -0.3608 0.8532 -0.3767
vn -0.6870 -0.6214 -0.3767
vn 0.2843 0.8193 -0.4980
vn -0.0537 -0.8708 -0.4887
vn 0.8501 -0.1849 -0.4930
vn -0.8433 0.2138 -0.4931
vn 0.7294 0.6841 -0.0000
vn 0.7258 0.6879 -0.0000
vn -0.8129 0.5824 -0.0000
vn 0.0320 0.9995 0.0000
vn 0.9258 -0.0296 0.3768
vn -0.0296 -0.9258 0.3768
vn 0.0296 0.9258 0.3768
vn -0.8461 -0.3769 0.3768
vn 0.7974 -0.6034 0.0000
vn 0.6260 0.5995 0.4986
vn -0.9135 -0.4069 -0.0000
vn -0.3342 -0.8102 0.4816
vn 0.6937 -0.5249 0.4933
vn -0.7090 0.5082 0.4889
vn -0.0320 -0.9995 -0.0000
vn 0.9995 -0.0320 0.0000
vn -0.3158 -0.9488 -0.0000
vn 0.7222 0.6917 -0.0000
vn -0.3785 -0.9256 0.0000
vn 0.7763 0.6304 0.0000
vn -0.3582 -0.9337 0.0000
vn 0.9259 -0.0296 -0.3767
vn -0.0296 -0.9259 -0.3767
vn 0.0296 0.9259 -0.3767
vn -0.8462 -0.3770 -0.3767
vn 0.6261 0.5996 -0.4985
vn -0.3342 -0.8103 -0.4814
vn 0.6937 -0.5249 -0.4931
vn -0.7091 0.5083 -0.4888
vn 0.6051 0.5230 -0.6002
vn 0.6459 0.4748 -0.5978
vn 0.9650 0.2622 -0.0000
vn -0.4870 0.8734 -0.0000
vn 0.4970 0.8678 0.0000
vn 0.8038 -0.4603 0.3768
vn -0.4603 -0.8038 0.3768
vn 0.4603 0.8038 0.3768
vn -0.9257 0.0322 0.3768
vn 0.5336 -0.8458 -0.0000
vn 0.8196 0.2837 0.4978
vn -0.9994 0.0348 -0.0000
vn -0.6215 -0.5274 0.5794
vn 0.4675 -0.7411 0.4819
vn -0.4252 0.7626 0.4876
vn -0.4970 -0.8678 -0.0000
vn 0.8678 -0.4970 0.0000
vn -0.7256 -0.6881 0.0000
vn 0.9450 0.3272 -0.0000
vn -0.7458 -0.6661 -0.0000
vn 0.9520 0.3060 0.0000
vn -0.6817 -0.7316 0.0000
vn 0.8039 -0.4604 -0.3767
vn -0.4604 -0.8039 -0.3767
vn 0.4604 0.8039 -0.3767
vn -0.9258 0.0322 -0.3767
vn 0.8197 0.2838 -0.4976
vn -0.6216 -0.5275 -0.5792
vn 0.4676 -0.7411 -0.4818
vn -0.4252 0.7626 -0.4874
vn 0.9994 0.0357 -0.0000
vn -0.1987 0.9801 -0.0000
vn 0.6938 0.7202 -0.0000
vn 0.5832 -0.7071 0.3999
vn -0.6164 -0.6861 0.3864
vn 0.6427 0.6671 0.3768
vn -0.8271 0.4169 0.3768
vn 0.1943 -0.9809 -0.0002
vn 0.8623 -0.0027 0.5063
vn -0.8930 0.4501 -0.0000
vn -0.8290 -0.2323 0.5088
vn 0.1704 -0.8567 0.4869
vn -0.1729 0.8520 0.4943
vn -0.6429 -0.7660 0.0028
vn 0.6588 -0.7523 0.0049
vn -0.9416 -0.3367 0.0000
vn 1.0000 -0.0021 0.0000
vn -0.9638 -0.2666 0.0003
vn 0.9911 0.1327 0.0078
vn -0.9497 -0.3131 0.0000
vn 0.6686 -0.6447 -0.3707
vn -0.5611 -0.7208 -0.4069
vn 0.6427 0.6671 -0.3767
vn -0.8272 0.4170 -0.3767
vn 0.8624 -0.0027 -0.5062
vn -0.8279 -0.2315 -0.5109
vn 0.1692 -0.8540 -0.4921
vn -0.1729 0.8521 -0.4941
vn 0.8550 0.1416 -0.4989
vn 0.8685 0.0478 -0.4934
vn 0.7829 -0.6221 -0.0000
vn -0.6870 -0.5459 0.4795
vn -0.6870 0.5459 0.4795
vn 0.6870 -0.5459 0.4795
vn 0.6870 0.5459 0.4795
vn -0.0000 -0.7513 0.6599
vn 0.7829 0.6221 -0.0000
vn 0.0000 0.7513 0.6599
vn -0.8200 -0.0000 0.5723
vn 0.8200 0.0000 0.5723
vn -0.7829 0.6221 0.0000
vn -0.7829 -0.6221 0.0000
vn -0.7139 -0.5673 -0.4105
vn -0.7139 0.5673 -0.4105
vn 0.7139 -0.5673 -0.4105
vn 0.7139 0.5673 -0.4105
vn -0.0000 -0.8101 -0.5863
vn -0.0000 0.8101 -0.5863
vn 0.7483 -0.5946 -0.2941
vn 0.7483 0.5946 -0.2941
vn -0.7483 -0.5946 -0.2941
vn -0.7483 0.5946 -0.2941
vn 0.0000 0.8963 -0.4434
vn 0.9307 -0.0000 -0.3658
vn -0.9307 -0.0000 -0.3658
vn 0.0000 -0.8963 -0.4434
vn 0.0552 0.9985 0.0000
vn -0.0834 0.9965 0.0000
vn -0.0054 1.0000 0.0000
vn -0.0107 0.9999 0.0000
vn 0.0054 1.0000 0.0000
vn 0.7589 -0.6030 0.2458
vn 0.7589 0.6030 0.2458
vn -0.7589 -0.6030 0.2458
vn -0.7589 0.6030 0.2458
vn 0.0000 0.9260 0.3774
vn 0.0000 -0.9260 0.3774
vn 0.0107 0.9999 0.0000
vn 0.9990 -0.0439 0.0000
vn 0.9978 0.0664 -0.0000
vn 1.0000 0.0043 -0.0000
vn 1.0000 0.0085 -0.0000
vn 1.0000 -0.0043 0.0000
vn 0.0002 -0.0073 1.0000
vn 0.0216 -0.9998 0.0000
vn -0.1176 -0.9931 0.0000
vn -0.0178 -0.9998 0.0000
vn 1.0000 -0.0085 0.0000
vn 0.9990 0.0439 -0.0000
vn 0.9978 -0.0664 0.0000
vn -0.0002 -0.0069 1.0000
vn 0.6960 0.6960 -0.1765
vn 0.7019 -0.7019 -0.1211
vn -0.9860 0.0000 0.1667
vn 0.9860 -0.0000 -0.1667
vn -0.7059 0.7058 0.0597
vn -0.7023 -0.7023 0.1163
vn -0.2982 0.9540 -0.0302
vn -0.0216 -0.9998 0.0002
vn 0.1176 -0.9928 -0.0233
vn 0.0178 -0.9998 -0.0061
vn 0.2958 0.9464 -0.1300
vn 1.0000 -0.0042 0.0000
vn -0.0159 0.9999 0.0000
vn -0.0219 0.9998 0.0000
vn 0.9999 -0.0113 -0.0000
vn 0.3929 0.9196 0.0000
vn -0.6730 0.6364 0.3768
vn -0.6474 -0.6625 0.3768
vn 0.3820 0.8941 0.2340
vn 0.4017 -0.8877 0.2252
vn -0.9966 -0.0826 0.0000
vn -0.0228 0.8630 0.5046
vn 0.4123 -0.9111 -0.0000
vn 0.0264 -0.7847 0.6194
vn -0.8643 -0.0716 0.4979
vn 0.8668 -0.0098 0.4985
vn -0.6989 -0.7152 -0.0000
vn -0.7266 0.6871 0.0000
vn 0.0116 -0.9999 0.0000
vn -0.0279 0.9996 0.0000
vn -0.0301 0.9995 0.0000
vn -0.6731 0.6365 -0.3767
vn -0.6474 -0.6626 -0.3767
vn 0.3820 0.8941 -0.2339
vn 0.4017 -0.8877 -0.2251
vn -0.0229 0.8630 -0.5046
vn 0.0100 -0.8668 -0.4985
vn -0.8644 -0.0716 -0.4978
vn 0.8669 -0.0098 -0.4983
vn -0.3729 0.9279 -0.0000
vn 0.9694 0.2455 -0.0000
vn 0.3895 0.9210 0.0000
vn -0.8531 0.3608 0.3768
vn -0.3608 -0.8531 0.3768
vn 0.3608 0.8531 0.3768
vn 0.6869 -0.6214 0.3768
vn -0.9771 -0.2126 0.0000
vn -0.2989 0.8137 0.4985
vn 0.7416 -0.6708 -0.0000
vn 0.0468 -0.8714 0.4884
vn -0.8501 -0.1849 0.4932
vn 0.8432 0.2138 0.4932
vn -0.3895 -0.9210 -0.0000
vn -0.9210 0.3895 0.0000
vn 0.0399 -0.9992 -0.0053
vn -0.3448 0.9387 0.0000
vn 0.0564 -0.9984 -0.0036
vn -0.4317 0.9020 -0.0000
vn -0.0250 -0.9994 -0.0235
vn -0.8532 0.3608 -0.3767
vn -0.3608 -0.8532 -0.3767
vn 0.3608 0.8532 -0.3767
vn 0.6870 -0.6214 -0.3767
vn -0.2990 0.8138 -0.4983
vn 0.0537 -0.8708 -0.4887
vn -0.8501 -0.1849 -0.4930
vn 0.8433 0.2138 -0.4931
vn -0.7294 0.6841 -0.0000
vn -0.7258 0.6879 -0.0000
vn 0.8129 0.5824 -0.0000
vn -0.0320 0.9995 0.0000
vn -0.9258 -0.0296 0.3768
vn 0.0296 -0.9258 0.3768
vn -0.0296 0.9258 0.3768
vn 0.8461 -0.3769 0.3768
vn -0.7974 -0.6034 0.0000
vn -0.6260 0.5995 0.4986
vn 0.9135 -0.4069 -0.0000
vn 0.3379 -0.6382 0.6917
vn -0.6937 -0.5249 0.4933
vn 0.7090 0.5082 0.4889
vn 0.0320 -0.9995 -0.0000
vn -0.9995 -0.0320 0.0000
vn 0.3158 -0.9488 -0.0000
vn -0.5966 0.5197 0.6116
vn -0.7222 0.6917 -0.0000
vn 0.3785 -0.9256 -0.0000
vn -0.7763 0.6304 0.0000
vn -0.6464 0.4606 0.6083
vn 0.3582 -0.9337 0.0000
vn -0.9259 -0.0296 -0.3767
vn 0.0296 -0.9259 -0.3767
vn -0.0296 0.9259 -0.3767
vn 0.8462 -0.3770 -0.3767
vn -0.6261 0.5996 -0.4985
vn 0.3360 -0.8146 -0.4727
vn -0.6937 -0.5249 -0.4931
vn 0.7091 0.5083 -0.4888
vn -0.9650 0.2622 -0.0000
vn 0.4870 0.8734 0.0000
vn -0.4970 0.8678 -0.0000
vn -0.8038 -0.4603 0.3768
vn 0.4603 -0.8038 0.3768
vn -0.4603 0.8038 0.3768
vn 0.9257 0.0322 0.3768
vn -0.5336 -0.8458 0.0000
vn -0.8196 0.2837 0.4978
vn 0.9994 0.0348 -0.0000
vn 0.6215 -0.5274 0.5794
vn -0.4675 -0.7411 0.4819
vn 0.4252 0.7626 0.4875
vn 0.4970 -0.8678 -0.0000
vn -0.8678 -0.4970 0.0000
vn 0.7256 -0.6881 0.0000
vn -0.9450 0.3272 -0.0000
vn 0.7458 -0.6661 -0.0000
vn -0.9520 0.3060 0.0000
vn 0.6817 -0.7316 0.0000
vn -0.8039 -0.4604 -0.3767
vn 0.4604 -0.8039 -0.3767
vn -0.4604 0.8039 -0.3767
vn 0.9258 0.0322 -0.3767
vn -0.8197 0.2838 -0.4976
vn 0.6216 -0.5275 -0.5792
vn -0.4676 -0.7411 -0.4818
vn 0.4252 0.7627 -0.4874
vn -0.9994 0.0357 -0.0000
vn 0.1987 0.9801 -0.0000
vn -0.6938 0.7202 -0.0000
vn -0.4394 -0.8386 0.3219
vn 0.6032 -0.6714 0.4304
vn -0.6296 0.6535 0.4201
vn 0.8103 0.4085 0.4201
vn -0.1995 -0.9799 0.0044
vn -0.8648 0.0052 0.5021
vn 0.8930 0.4501 -0.0000
vn 0.7990 -0.2239 0.5581
vn -0.2009 -0.8820 0.4262
vn 0.1669 0.8228 0.5433
vn 0.6429 -0.7660 0.0028
vn -0.6531 -0.7564 0.0366
vn 0.9416 -0.3367 0.0000
vn -0.8446 -0.0663 0.5313
vn -1.0000 -0.0018 -0.0003
vn -1.0000 -0.0017 -0.0002
vn -1.0000 -0.0026 -0.0004
vn 0.9638 -0.2666 0.0003
vn -0.9983 0.0469 0.0339
vn -0.6581 0.1537 0.7371
vn 0.9497 -0.3131 0.0000
vn -0.6686 -0.6447 -0.3707
vn 0.5611 -0.7208 -0.4069
vn -0.6427 0.6671 -0.3767
vn 0.8272 0.4170 -0.3767
vn -0.8647 -0.0027 -0.5023
vn 0.8279 -0.2315 -0.5109
vn -0.1692 -0.8540 -0.4921
vn 0.1729 0.8521 -0.4941
vn 0.7586 -0.0976 -0.6442
vn 0.6585 -0.2601 -0.7062
vn -0.0339 0.9047 -0.4246
vn -0.0552 0.9985 0.0000
vn 0.0514 0.9041 -0.4243
vn 0.0834 0.9965 0.0000
vn 0.0057 1.0000 0.0004
vn 0.0003 1.0000 0.0000
vn 0.0060 1.0000 0.0004
vn -1.0000 -0.0015 0.0000
vn 0.0117 -0.9999 0.0000
vn -1.0000 -0.0012 0.0000
vn -0.5567 -0.5567 0.6165
vn -0.6193 -0.6193 0.4826
vn 0.6193 -0.6193 0.4826
vn -0.6193 0.6193 0.4826
vn 0.6193 0.6193 0.4826
vn 0.1363 0.7397 0.6590
vn -0.0317 -0.7785 0.6269
vn 0.0331 -0.9995 0.0000
vn 0.7888 -0.0000 0.6147
vn 0.0000 0.7888 0.6147
vn 0.0254 -0.7250 0.6883
vn -0.0313 0.7329 0.6796
vn -0.7511 0.0174 0.6600
vn -0.0001 0.0000 1.0000
vn -0.0059 -1.0000 0.0000
vn -0.9941 -0.1082 0.0000
vn -0.9999 0.0166 0.0000
vn 0.9884 0.1518 0.0000
vn 0.0024 1.0000 0.0000
vn 0.0001 1.0000 0.0000
vn -0.0011 1.0000 0.0000
vn -0.0479 0.5626 0.8253
vn 0.0005 -0.0017 1.0000
vn -0.7701 -0.1056 0.6291
vn 0.8335 -0.0092 0.5524
vn 1.0000 -0.0054 0.0000
vn -1.0000 0.0007 0.0000
vn 0.9989 0.0474 0.0000
vn -0.7742 0.0236 0.6325
vn 0.8309 0.0798 0.5506
vn 0.0545 0.9985 0.0000
vn 0.9928 -0.1200 0.0000
vn -0.0545 0.9985 0.0000
vn -0.1077 -0.9942 0.0000
vn -0.0465 -0.5992 0.7992
vn -1.0000 -0.0011 0.0000
vn -0.7888 0.0000 0.6147
vn -1.0000 0.0024 0.0000
vn -1.0000 0.0001 0.0000
vn -1.0000 0.0014 0.0000
vn -1.0000 0.0010 0.0000
vn -1.0000 -0.0058 0.0000
vn 0.9953 -0.0966 0.0000
vn -0.6999 -0.5900 0.4025
vn 0.7000 -0.5900 0.4025
vn 0.0000 -0.8261 0.5636
vn 0.7969 -0.1183 0.5924
vn -0.8536 0.0036 0.5209
vn 0.7646 -0.6445 0.0000
vn 0.6714 0.7411 0.0000
vn -0.7646 -0.6445 0.0000
vn 0.7845 0.2110 0.5831
vn 0.9849 0.1733 0.0000
vn -1.0000 -0.0049 0.0000
vn 0.0375 -0.7270 0.6856
vn -0.0307 -0.7272 0.6858
vn 0.0396 0.9992 0.0000
vn -0.0019 1.0000 0.0000
vn 1.0000 -0.0015 0.0000
vn -0.0117 -0.9999 0.0000
vn 1.0000 -0.0012 0.0000
vn 0.5567 -0.5567 0.6165
vn -0.6036 0.6036 0.5208
vn 0.6036 0.6036 0.5208
vn -0.6036 -0.6036 0.5208
vn 0.6036 -0.6036 0.5208
vn 0.5890 -0.5890 0.5533
vn -0.5890 -0.5890 0.5533
vn 0.5890 0.5890 0.5533
vn -0.5890 0.5890 0.5533
vn -0.1363 0.7397 0.6590
vn 0.0317 -0.7785 0.6269
vn -0.7571 0.0000 0.6533
vn 0.7571 0.0000 0.6533
vn -0.0000 0.7571 0.6533
vn -0.0000 -0.7571 0.6533
vn -0.0331 -0.9995 0.0000
vn -0.7289 -0.0000 0.6846
vn 0.0000 0.7289 0.6846
vn -0.0254 -0.7250 0.6883
vn 0.0313 0.7329 0.6796
vn 0.7511 0.0174 0.6600
vn 0.0001 0.0000 1.0000
vn 0.0059 -1.0000 0.0000
vn 0.9941 -0.1082 0.0000
vn 0.9999 0.0166 0.0000
vn -0.9884 0.1518 0.0000
vn -0.0001 1.0000 0.0000
vn -0.0024 1.0000 0.0000
vn 0.0011 1.0000 0.0000
vn 0.0419 0.4918 0.8697
vn -0.0002 -0.0005 1.0000
vn 0.6298 -0.0863 0.7720
vn -0.7091 -0.0125 0.7050
vn -1.0000 -0.0087 0.0000
vn 1.0000 0.0007 0.0000
vn -0.9989 0.0474 0.0000
vn 0.6320 0.0192 0.7747
vn -0.7075 0.0679 0.7035
vn -0.9928 -0.1200 0.0000
vn 0.1077 -0.9942 0.0000
vn 0.0410 -0.5277 0.8484
vn 1.0000 -0.0011 0.0000
vn 0.7289 -0.0000 0.6846
vn 1.0000 0.0001 0.0000
vn 1.0000 0.0024 0.0000
vn 1.0000 0.0010 0.0000
vn 1.0000 0.0014 0.0000
vn 1.0000 -0.0058 0.0000
vn -0.9980 -0.0627 0.0000
vn 0.6999 -0.5900 0.4025
vn -0.7000 -0.5900 0.4025
vn -0.8002 -0.0769 0.5948
vn 0.8536 0.0036 0.5209
vn -0.6714 0.7411 0.0000
vn -0.7845 0.2110 0.5831
vn -0.9849 0.1733 0.0000
vn 1.0000 -0.0049 0.0000
vn -0.0375 -0.7270 0.6856
vn 0.0307 -0.7272 0.6858
vn -0.0396 0.9992 0.0000
vn 0.0019 1.0000 0.0000
vn -0.5567 -0.5567 -0.6165
vn -0.6193 -0.6193 -0.4826
vn 0.6193 -0.6193 -0.4826
vn -0.6193 0.6193 -0.4826
vn 0.6193 0.6193 -0.4826
vn 0.1363 0.7397 -0.6590
vn -0.0317 -0.7785 -0.6269
vn 0.7888 -0.0000 -0.6147
vn 0.0000 0.7888 -0.6147
vn 0.0254 -0.7250 -0.6883
vn -0.0313 0.7329 -0.6796
vn -0.7511 0.0174 -0.6600
vn -0.0001 0.0000 -1.0000
vn -0.0479 0.5626 -0.8253
vn 0.0005 -0.0017 -1.0000
vn -0.7701 -0.1056 -0.6291
vn 0.8335 -0.0092 -0.5524
vn -0.7742 0.0236 -0.6325
vn 0.8309 0.0798 -0.5506
vn -0.0465 -0.5992 -0.7992
vn -0.7888 -0.0000 -0.6147
vn -0.7000 -0.5900 -0.4025
vn 0.7000 -0.5900 -0.4025
vn 0.0000 -0.8261 -0.5636
vn 0.7969 -0.1183 -0.5924
vn -0.8536 0.0036 -0.5209
vn 0.7845 0.2110 -0.5831
vn 0.0375 -0.7270 -0.6856
vn -0.0307 -0.7272 -0.6858
vn 0.5567 -0.5567 -0.6165
vn -0.6036 0.6036 -0.5208
vn 0.6036 0.6036 -0.5208
vn -0.6036 -0.6036 -0.5208
vn 0.6036 -0.6036 -0.5208
vn 0.5890 -0.5890 -0.5533
vn -0.5890 -0.5890 -0.5533
vn 0.5890 0.5890 -0.5533
vn -0.5890 0.5890 -0.5533
vn -0.1363 0.7397 -0.6590
vn 0.0317 -0.7785 -0.6269
vn -0.7571 -0.0000 -0.6533
vn 0.7571 0.0000 -0.6533
vn -0.0000 0.7571 -0.6533
vn -0.0000 -0.7571 -0.6533
vn -0.7289 -0.0000 -0.6846
vn 0.0000 0.7289 -0.6846
vn -0.0254 -0.7250 -0.6883
vn 0.0313 0.7329 -0.6796
vn 0.7511 0.0174 -0.6600
vn 0.0001 0.0000 -1.0000
vn 0.0419 0.4918 -0.8697
vn -0.0002 -0.0005 -1.0000
vn 0.6298 -0.0863 -0.7720
vn -0.7091 -0.0125 -0.7050
vn 0.6320 0.0192 -0.7747
vn -0.7075 0.0679 -0.7035
vn 0.0410 -0.5277 -0.8484
vn 0.7289 0.0000 -0.6846
vn -0.8002 -0.0769 -0.5948
vn 0.8536 0.0036 -0.5209
vn -0.7845 0.2110 -0.5831
vn -0.0375 -0.7270 -0.6856
vn 0.0307 -0.7272 -0.6858
vn 0.3324 -0.8059 -0.4900
vn 0.2099 -0.6895 0.6932
vn 0.7565 -0.2988 -0.5817
vn -1.0000 -0.0029 -0.0004
vn -0.6433 -0.1311 0.7543
vn 0.4252 0.7626 -0.4874
vn 0.2322 0.8511 -0.4708
vn 0.6185 0.6313 -0.4678
vn 0.4251 0.7625 0.4876
vn 0.2321 0.8510 0.4710
vn 0.6185 0.6313 0.4680
vn 0.2650 0.9642 -0.0000
vn 0.6982 0.7159 -0.0000
vn 0.0432 0.9118 -0.4084
vn 0.0257 0.9997 0.0000
vn -0.0172 0.9999 0.0000
vn 0.0172 0.9999 0.0000
vn -0.8830 -0.1681 0.4383
vn -0.8673 0.2499 0.4305
vn -0.2616 0.8367 -0.4811
vn 0.2673 -0.7540 -0.6000
vn -0.0346 -0.5726 -0.8191
vn 0.2616 0.8367 -0.4811
vn -0.8921 -0.2461 0.3790
vn -0.8921 0.2461 0.3790
vn -0.7510 0.1449 0.6442
vn 0.7994 0.0198 0.6004
vn -0.7579 -0.0533 0.6501
vn 0.7959 -0.0956 0.5978
vn -0.8830 -0.1681 -0.4383
vn -0.8673 0.2499 -0.4305
vn -0.2616 0.8367 0.4811
vn 0.2673 -0.7540 0.6000
vn -0.0346 -0.5726 0.8191
vn 0.2616 0.8367 0.4811
vn -0.8921 -0.2461 -0.3790
vn -0.8921 0.2461 -0.3790
vn -0.7510 0.1449 -0.6442
vn 0.7994 0.0198 -0.6004
vn -0.7579 -0.0533 -0.6501
vn 0.7959 -0.0956 -0.5978
vn 0.6754 0.1095 -0.7293
vn 0.8035 -0.4292 -0.4126
vn 0.8035 0.4292 -0.4126
vn -0.9134 0.1229 -0.3881
vn -0.9134 -0.1229 -0.3881
vn 0.6169 -0.1383 -0.7748
vn -0.9817 0.1775 -0.0689
vn -0.7539 -0.1363 0.6426
vn -0.7510 -0.1449 0.6442
vn 0.7994 -0.0198 0.6004
vn -0.7579 0.0533 0.6502
vn 0.7959 0.0956 0.5978
vn -0.2673 -0.7540 0.6000
vn 0.0346 -0.5726 0.8191
vn -0.2673 -0.7540 -0.6000
vn 0.0346 -0.5726 -0.8191
vn -0.2241 0.6896 -0.6886
vn 0.2241 0.6896 -0.6886
vn -0.1340 0.8591 0.4940
vn 0.1340 0.8591 0.4940
vn -0.7510 0.1448 -0.6442
vn -0.8830 0.1681 -0.4383
vn -0.8673 -0.2499 -0.4305
vn -0.7510 -0.1449 -0.6442
vn -0.7579 0.0533 -0.6502
vn 0.7959 0.0956 -0.5978
vn -0.8830 0.1681 0.4383
vn -0.8673 -0.2499 0.4305
vn -0.1535 -0.7491 0.6444
vn 0.0022 0.7484 0.6632
vn 0.0405 -0.7512 0.6588
vn 0.1178 0.7928 0.5980
vn -0.1535 -0.7493 -0.6442
vn -0.1209 0.8439 -0.5227
vn 0.0405 -0.7514 -0.6586
vn 0.1178 0.7929 -0.5978
vn -0.1508 -0.7271 0.6697
vn 0.2943 0.7433 0.6007
vn 0.0311 -0.7391 0.6728
vn 0.3876 0.7015 0.5980
vn -0.1509 -0.7273 -0.6695
vn 0.2944 0.7434 -0.6006
vn 0.0311 -0.7393 -0.6727
vn 0.3877 0.7016 -0.5978
vn -0.4041 -0.6492 0.6444
vn 0.5966 0.5197 0.6116
vn -0.2092 -0.7307 0.6498
vn 0.6464 0.4606 0.6083
vn -0.4042 -0.6493 -0.6442
vn -0.2092 -0.7309 -0.6496
vn -0.5198 -0.4334 0.7362
vn 0.7489 0.2835 0.5989
vn -0.5077 -0.5290 0.6800
vn 0.7930 0.1164 0.5980
vn -0.5231 -0.3547 -0.7750
vn 0.7490 0.2836 -0.5988
vn -0.4640 -0.5020 -0.7299
vn 0.7931 0.1165 -0.5978
vn -0.7585 -0.0976 0.6444
vn 0.7969 0.1077 0.5945
vn -0.7063 -0.2790 0.6506
vn 0.8200 -0.0203 0.5720
vn -0.7586 -0.0976 -0.6442
vn -0.7064 -0.2790 -0.6505
vn 0.1457 0.6002 0.7865
vn 0.0125 -0.6570 0.7538
vn -0.0536 0.6058 0.7938
vn -0.0988 -0.6538 0.7501
vn 0.1628 0.6705 -0.7238
vn 0.0139 -0.7266 -0.6869
vn -0.0600 0.6783 -0.7323
vn -0.1092 -0.7224 -0.6828
vn 0.1875 0.7827 -0.5934
vn -0.2776 0.7655 -0.5804
vn 0.2796 0.8054 -0.5227
vn -0.2796 0.8054 -0.5227
vn 0.1991 0.8312 0.5192
vn -0.2940 0.8107 0.5064
vn 0.2927 0.8432 0.4509
vn -0.2927 0.8432 0.4509
vn 0.8830 -0.1681 0.4383
vn 0.8673 0.2499 0.4305
vn 0.8921 -0.2461 0.3790
vn 0.8921 0.2461 0.3790
vn 0.7510 0.1449 0.6442
vn -0.7994 0.0198 0.6004
vn 0.7579 -0.0533 0.6501
vn -0.7959 -0.0956 0.5978
vn 0.8830 -0.1681 -0.4383
vn 0.8673 0.2499 -0.4305
vn 0.8921 -0.2461 -0.3790
vn 0.8921 0.2461 -0.3790
vn 0.7510 0.1449 -0.6442
vn -0.7994 0.0198 -0.6004
vn 0.7579 -0.0533 -0.6502
vn -0.7959 -0.0956 -0.5978
vn 0.8830 0.1681 -0.4383
vn 0.8673 -0.2499 -0.4305
vn 0.7510 -0.1449 -0.6442
vn -0.7994 -0.0198 -0.6004
vn 0.7579 0.0533 -0.6502
vn -0.7959 0.0956 -0.5978
vn 0.8830 0.1681 0.4383
vn 0.8673 -0.2499 0.4305
vn 0.7510 -0.1449 0.6442
vn -0.7994 -0.0198 0.6004
vn 0.7579 0.0533 0.6502
vn -0.7959 0.0956 0.5978
vn 0.8921 0.2460 0.3790
vn 0.7510 0.1448 -0.6442
vn -0.0406 -0.7549 0.6546
vn -0.0027 0.7995 0.6006
vn -0.0098 -0.8278 0.5610
vn -0.0679 0.7970 0.6001
vn 0.1535 -0.7493 -0.6442
vn -0.0027 0.7997 -0.6004
vn -0.0405 -0.7514 -0.6586
vn -0.0674 0.7972 -0.5999
vn 0.1508 -0.7271 0.6697
vn -0.2006 0.7072 0.6780
vn -0.0007 -0.7389 0.6739
vn -0.4093 0.6533 0.6369
vn 0.1509 -0.7273 -0.6695
vn -0.2006 0.7073 -0.6778
vn -0.0311 -0.7393 -0.6727
vn -0.4094 0.6534 -0.6368
vn 0.4041 -0.6492 0.6444
vn 0.2092 -0.7307 0.6498
vn 0.4042 -0.6493 -0.6442
vn -0.6051 0.5230 -0.6002
vn 0.2092 -0.7309 -0.6496
vn -0.6459 0.4748 -0.5978
vn 0.5198 -0.4334 0.7362
vn -0.7489 0.2835 0.5989
vn 0.5077 -0.5290 0.6800
vn -0.7930 0.1164 0.5980
vn 0.5231 -0.3547 -0.7750
vn -0.7490 0.2836 -0.5988
vn 0.4640 -0.5020 -0.7299
vn -0.7931 0.1165 -0.5978
vn 0.8043 -0.2920 0.5175
vn 0.8167 -0.2873 0.5005
vn -0.8969 0.1179 -0.4263
vn -0.7540 0.2085 -0.6229
vn -0.1195 0.6023 0.7892
vn -0.0125 -0.6570 0.7538
vn 0.0241 0.6065 0.7947
vn 0.0988 -0.6538 0.7501
vn -0.1628 0.6705 -0.7238
vn -0.0139 -0.7266 -0.6869
vn 0.0600 0.6783 -0.7323
vn 0.1092 -0.7224 -0.6828
vn -0.1047 0.8306 -0.5470
vn -0.1991 0.8312 0.5192
vn 0.2940 0.8107 0.5064
vn -0.0516 0.7888 0.6125
vn -0.6633 -0.0788 0.7442
vn -0.7823 -0.1658 0.6005
vn 0.8097 0.1749 0.5602
vn 0.8144 -0.1385 0.5635
vn 0.0467 0.7890 0.6126
vn 0.0229 0.4746 0.8799
vn 0.2004 0.6178 0.7604
vn 0.0482 -0.7188 0.6935
vn 0.0350 -0.5716 0.8198
vn -0.6637 0.0713 0.7446
vn 0.1450 0.7548 0.6398
vn -0.7888 -0.0516 0.6125
vn -0.7890 0.0467 0.6126
vn -0.1285 0.7565 0.6412
vn 0.6264 0.6913 0.3602
vn -0.0426 0.7777 0.6272
vn -0.7571 -0.1228 0.6417
vn 0.1298 0.7594 0.6375
vn -0.7493 0.0310 0.6615
vn -0.7693 -0.0497 0.6369
vn -0.0754 0.7382 0.6704
vn 0.2335 0.7198 0.6537
vn 0.0545 -0.8134 0.5791
vn -0.1758 -0.8019 0.5710
vn -0.7694 0.0470 0.6370
vn 0.0516 0.7888 0.6125
vn 0.5941 -0.0384 0.8035
vn 0.7823 -0.1658 0.6005
vn -0.8097 0.1749 0.5602
vn -0.8144 -0.1385 0.5635
vn -0.0467 0.7890 0.6126
vn -0.0197 0.4083 0.9126
vn -0.1784 0.5500 0.8159
vn -0.0437 -0.6514 0.7575
vn -0.0307 -0.5005 0.8652
vn 0.5942 0.0363 0.8035
vn -0.1450 0.7548 0.6398
vn 0.7888 -0.0516 0.6125
vn 0.7890 0.0467 0.6126
vn 0.1285 0.7565 0.6412
vn -0.6264 0.6913 0.3602
vn 0.0426 0.7777 0.6272
vn 0.7571 -0.1228 0.6417
vn -0.1298 0.7594 0.6375
vn 0.7493 0.0310 0.6615
vn 0.7693 -0.0497 0.6369
vn 0.0754 0.7382 0.6704
vn -0.2335 0.7198 0.6537
vn -0.0545 -0.8134 0.5791
vn 0.1758 -0.8019 0.5710
vn 0.7694 0.0470 0.6370
vn -0.0516 0.7888 -0.6125
vn -0.6633 -0.0788 -0.7442
vn -0.7823 -0.1658 -0.6005
vn 0.8097 0.1749 -0.5602
vn 0.8144 -0.1385 -0.5635
vn 0.0467 0.7890 -0.6126
vn 0.0229 0.4746 -0.8799
vn 0.2004 0.6178 -0.7604
vn 0.0482 -0.7188 -0.6935
vn 0.0350 -0.5716 -0.8198
vn -0.6637 0.0713 -0.7446
vn 0.1450 0.7548 -0.6398
vn -0.7888 -0.0516 -0.6125
vn -0.7890 0.0467 -0.6126
vn -0.1285 0.7565 -0.6412
vn 0.6264 0.6913 -0.3602
vn -0.0426 0.7777 -0.6272
vn -0.7571 -0.1228 -0.6417
vn 0.1298 0.7594 -0.6375
vn -0.7493 0.0310 -0.6615
vn -0.7693 -0.0497 -0.6369
vn -0.0754 0.7382 -0.6704
vn 0.2335 0.7198 -0.6537
vn 0.0545 -0.8134 -0.5791
vn -0.1758 -0.8019 -0.5710
vn -0.7694 0.0470 -0.6370
vn 0.0516 0.7888 -0.6125
vn 0.5941 -0.0384 -0.8035
vn 0.7823 -0.1658 -0.6005
vn -0.8097 0.1749 -0.5602
vn -0.8144 -0.1385 -0.5635
vn -0.0467 0.7890 -0.6126
vn -0.0197 0.4083 -0.9126
vn -0.1784 0.5500 -0.8159
vn -0.0437 -0.6514 -0.7575
vn -0.0307 -0.5005 -0.8652
vn 0.5942 0.0363 -0.8035
vn -0.1450 0.7548 -0.6398
vn 0.7888 -0.0516 -0.6125
vn 0.7890 0.0467 -0.6126
vn 0.1285 0.7565 -0.6412
vn -0.6264 0.6913 -0.3602
vn 0.0426 0.7777 -0.6272
vn 0.7571 -0.1228 -0.6417
vn -0.1298 0.7594 -0.6375
vn 0.7493 0.0310 -0.6615
vn 0.7693 -0.0497 -0.6369
vn 0.0754 0.7382 -0.6704
vn -0.2335 0.7198 -0.6537
vn -0.0545 -0.8134 -0.5791
vn 0.1758 -0.8019 -0.5710
vn 0.7694 0.0470 -0.6370
vn -0.6991 -0.0544 -0.7129
vn 0.7985 -0.2809 0.5325
vn 0.0023 0.8154 0.5790
g Arch_Cube.035_Wall_Dark
usemtl Wall_Dark
s 1
f 61/1/1 129/2/1 133/3/1 65/4/1
f 78/5/2 10/6/2 8/7/2 76/8/2
f 51/9/3 49/10/3 21/11/3 24/12/3 48/13/3 54/14/3 46/15/3 18/16/3 13/17/3 44/18/3
f 75/19/4 76/20/4 8/7/4 7/21/4
f 102/22/2 34/23/2 32/24/2 100/25/2
f 1/26/5 2/27/5 3/28/5
f 4/29/6 5/30/6 6/31/6
f 7/32/7 8/33/7 9/34/7
f 10/35/8 11/36/8 12/37/8
f 13/38/9 14/39/9 15/40/9
f 16/41/10 17/42/10 18/43/10
f 19/44/11 20/45/11 21/46/11
f 22/47/12 23/48/12 24/49/12
f 25/50/13 26/51/13 27/52/13
f 28/53/14 29/54/14 30/55/14
f 31/56/15 32/57/15 33/58/15
f 34/59/16 35/60/16 36/61/16
f 5/30/17 73/62/17 70/63/17 2/27/17
f 65/4/18 7/64/18 9/65/18 67/66/18
f 10/67/19 78/68/19 79/69/19 11/70/19
f 63/71/20 4/72/20 6/73/20 64/74/20
f 1/26/21 6/31/21 5/30/21 2/27/21
f 12/37/22 9/34/22 8/33/22 10/35/22
f 47/75/23 19/76/23 21/77/23 49/78/23
f 45/79/24 16/80/24 18/81/24 46/82/24
f 13/38/25 18/43/25 17/42/25 14/39/25
f 24/49/26 21/46/26 20/45/26 22/47/26
f 29/83/17 97/84/17 94/85/17 26/86/17
f 34/87/19 102/88/19 103/89/19 35/90/19
f 57/91/27 28/92/27 30/93/27 58/94/27
f 25/50/28 30/95/28 29/96/28 26/97/28
f 36/61/29 33/58/29 32/57/29 34/59/29
f 35/90/27 37/98/27 38/99/27 36/100/27
f 99/101/4 100/102/4 32/103/4 31/104/4
f 35/90/30 103/89/30 105/105/30 37/98/30
f 31/104/31 33/106/31 25/107/31 27/108/31
f 37/98/32 105/105/32 107/109/32 39/110/32
f 15/111/33 43/112/33 44/18/33 13/17/33
f 23/113/24 50/114/24 48/13/24 24/12/24
f 39/110/34 107/109/34 109/115/34 41/116/34
f 25/117/35 33/118/35 36/119/35 38/120/35 40/121/35 42/122/35 60/123/35 59/124/35 58/125/35 30/126/35
f 41/116/27 55/127/27 60/128/27 42/129/27
f 41/116/30 109/115/30 123/130/36 55/127/36
f 55/127/36 123/130/36 124/131/37 56/132/37
f 84/133/4 85/134/4 17/42/4 16/41/4
f 15/40/38 14/39/38 82/135/38 83/136/38
f 16/137/2 45/138/2 113/139/2 84/140/2
f 96/141/39 97/142/39 29/143/39 28/92/39
f 26/144/38 94/145/38 95/146/38 27/147/38
f 57/91/40 125/148/40 96/141/30 28/92/30
f 72/149/39 73/150/39 5/151/39 4/72/39
f 2/152/38 70/153/38 71/154/38 3/155/38
f 11/70/30 79/69/30 136/156/30 68/157/30
f 62/158/35 67/159/35 9/160/35 12/161/35 66/162/35 64/163/35 6/31/35 1/26/35
f 65/4/1 133/3/1 75/164/1 7/64/1
f 63/71/30 131/165/30 72/149/30 4/72/30
f 3/155/1 71/154/1 129/2/1 61/1/1
f 68/157/30 136/156/30 131/165/30 63/71/30
f 19/76/17 47/75/17 115/166/17 87/167/17
f 119/168/41 112/169/41 81/170/41 86/171/41 114/172/41 122/173/41 116/174/41 92/175/41 89/176/41 117/177/41
f 90/178/30 22/47/30 20/45/30 88/179/30
f 69/180/9 71/181/9 70/182/9
f 72/149/11 74/183/11 73/150/11
f 75/19/10 77/184/10 76/185/10
f 78/68/12 80/186/12 79/69/12
f 81/170/5 83/187/5 82/188/5
f 84/140/7 86/189/7 85/190/7
f 87/167/6 89/176/6 88/191/6
f 90/192/8 92/193/8 91/194/8
f 93/195/42 95/196/42 94/197/42
f 96/141/43 98/198/43 97/142/43
f 99/199/44 101/200/44 100/201/44
f 102/88/45 104/202/45 103/89/45
f 133/203/25 135/204/25 77/205/25 75/206/25
f 131/165/26 132/207/26 74/183/26 72/149/26
f 69/208/46 70/209/46 73/210/46 74/211/46
f 80/212/24 78/213/24 76/214/24 77/215/24
f 14/39/1 17/42/1 85/134/1 82/135/1
f 115/166/47 117/177/47 89/176/47 87/167/47
f 23/48/19 22/47/19 90/178/19 91/216/19
f 113/139/22 114/217/22 86/189/22 84/140/22
f 81/218/18 82/135/18 85/134/18 86/219/18
f 92/220/20 90/178/20 88/179/20 89/221/20
f 125/148/48 126/222/48 98/198/48 96/141/48
f 93/223/49 94/85/49 97/84/49 98/224/49
f 104/225/50 102/226/50 100/227/50 101/228/50
f 103/89/48 104/202/48 106/229/48 105/105/48
f 101/230/51 99/231/51 95/146/51 93/232/51
f 83/187/52 81/170/52 112/169/52 111/233/52
f 87/234/39 88/179/39 20/45/39 19/44/39
f 45/79/53 52/235/53 120/236/53 113/237/53
f 43/238/54 15/239/54 83/187/54 111/233/54
f 91/240/22 92/241/22 116/242/22 118/243/22
f 50/244/2 23/245/2 91/246/2 118/247/2
f 47/75/55 53/248/55 121/249/55 115/166/55
f 53/248/56 43/238/56 111/233/56 121/249/56
f 93/250/57 98/251/57 126/252/57 127/253/57 128/254/57 110/255/57 108/256/57 106/257/57 104/258/57 101/259/57
f 99/101/1 31/104/1 27/108/1 95/260/1
f 109/115/48 110/261/48 128/262/48 123/130/48
f 52/263/58 50/264/58 118/265/58 120/266/58
f 130/267/57 69/208/57 74/211/57 132/268/57 134/269/57 80/212/57 77/215/57 135/270/57
f 56/132/59 124/131/59 125/148/40 57/91/40
f 173/271/1 217/272/1 221/273/1 177/274/1
f 190/275/17 146/276/17 144/277/17 188/278/17
f 187/279/38 188/280/38 144/281/38 143/282/38
f 202/283/17 158/284/17 156/285/17 200/286/17
f 137/287/10 138/288/10 139/289/10
f 140/290/12 141/291/12 142/292/12
f 143/282/9 144/281/9 145/293/9
f 146/294/11 147/295/11 148/296/11
f 149/297/44 150/298/44 151/299/44
f 152/300/45 153/301/45 154/302/45
f 155/303/42 156/304/42 157/305/42
f 158/306/43 159/307/43 160/308/43
f 141/309/2 185/310/2 182/311/2 138/312/2
f 146/294/39 190/313/39 191/314/39 147/295/39
f 175/315/26 140/290/26 142/292/26 176/316/26
f 137/317/24 142/318/24 141/319/24 138/320/24
f 148/321/46 145/322/46 144/323/46 146/324/46
f 153/325/2 197/326/2 194/327/2 150/328/2
f 158/306/39 202/329/39 203/330/39 159/307/39
f 166/331/48 152/300/48 154/302/48 170/332/48
f 149/333/50 154/334/50 153/335/50 150/336/50
f 160/337/49 157/338/49 156/339/49 158/340/49
f 199/341/38 200/342/38 156/304/38 155/303/38
f 155/303/51 157/305/51 161/343/51 169/344/51
f 159/307/48 164/345/48 172/346/48 160/308/48
f 151/347/1 195/348/1 211/349/1 167/350/1
f 167/350/1 211/349/1 212/351/1 168/352/1
f 163/353/57 162/354/57 161/355/57 157/356/57 160/357/57 172/358/57 171/359/57 170/360/57 154/361/57 149/362/57
f 151/347/51 167/350/51 163/363/51 149/364/51
f 168/352/1 212/351/1 213/365/1 169/344/1
f 164/345/60 208/366/60 209/367/30 165/368/30
f 196/369/19 197/370/19 153/301/19 152/300/19
f 150/371/4 194/372/4 195/373/4 151/374/4
f 166/331/61 210/375/61 196/369/30 152/300/30
f 184/376/19 185/377/19 141/291/19 140/290/19
f 138/288/4 182/378/4 183/379/4 139/289/4
f 147/295/30 191/314/30 224/380/30 180/381/30
f 180/381/62 175/315/62 176/316/62 178/382/62
f 139/289/63 173/271/63 174/383/63 137/287/63
f 174/384/57 179/385/57 145/322/57 148/321/57 178/386/57 176/387/57 142/318/57 137/317/57
f 177/274/1 221/273/1 187/279/1 143/282/1
f 175/315/30 219/388/30 184/376/30 140/290/30
f 139/289/1 183/379/1 217/272/1 173/271/1
f 147/295/64 180/381/64 178/382/64 148/296/64
f 180/381/30 224/380/30 219/388/30 175/315/30
f 181/389/7 183/390/7 182/391/7
f 184/392/8 186/393/8 185/310/8
f 187/394/5 189/395/5 188/396/5
f 190/275/6 192/397/6 191/398/6
f 193/399/15 195/400/15 194/327/15
f 196/401/16 198/402/16 197/403/16
f 199/404/13 201/405/13 200/406/13
f 202/329/14 204/407/14 203/330/14
f 221/408/18 223/409/18 189/410/18 187/411/18
f 219/388/20 220/412/20 186/413/20 184/376/20
f 181/414/22 182/311/22 185/310/22 186/393/22
f 192/397/21 190/275/21 188/278/21 189/415/21
f 210/375/27 214/416/27 198/417/27 196/369/27
f 193/418/29 194/419/29 197/403/29 198/402/29
f 204/420/28 202/421/28 200/422/28 201/423/28
f 201/424/31 199/425/31 213/426/31 205/427/31
f 199/341/1 155/303/1 169/344/1 213/365/1
f 207/428/35 193/429/35 198/430/35 214/431/35 215/432/35 216/433/35 204/420/35 201/423/35 205/434/35 206/435/35
f 195/436/31 193/437/31 207/438/31 211/439/31
f 211/440/31 207/441/31 206/442/31 212/443/31
f 212/444/31 206/445/31 205/446/31 213/447/31
f 203/330/30 208/366/60 164/345/60 159/307/30
f 218/448/35 181/449/35 186/450/35 220/451/35 222/452/35 192/397/35 189/415/35 223/453/35
f 165/368/30 209/367/30 210/375/61 166/331/61
f 245/454/65 243/455/65 233/456/65 236/457/65 242/458/65 248/459/65 240/460/65 230/461/65 225/462/65 238/463/65
f 225/462/6 226/464/6 227/465/6
f 228/466/8 229/467/8 230/468/8
f 231/469/5 232/470/5 233/456/5
f 234/471/7 235/472/7 236/473/7
f 241/474/66 231/469/66 233/456/66 243/455/66
f 239/475/22 228/466/22 230/468/22 240/476/22
f 225/477/20 230/478/20 229/479/20 226/480/20
f 236/481/18 233/482/18 232/483/18 234/484/18
f 227/465/67 237/485/67 238/463/67 225/462/67
f 235/472/22 244/486/22 242/487/22 236/473/22
f 252/488/68 253/489/68 229/479/68 228/490/68
f 227/491/69 226/480/69 250/492/69 251/493/69
f 228/466/70 239/475/70 263/494/70 252/495/70
f 231/469/71 241/474/71 265/496/71 255/497/71
f 269/498/72 262/499/72 249/500/72 254/501/72 264/502/72 272/503/72 266/504/72 260/505/72 257/506/72 267/507/72
f 258/508/73 234/484/73 232/483/73 256/509/73
f 249/510/11 251/493/11 250/492/11
f 252/488/12 254/511/12 253/489/12
f 255/512/9 257/513/9 256/509/9
f 258/508/10 260/514/10 259/515/10
f 226/480/74 229/479/74 253/489/74 250/492/74
f 265/496/75 267/516/75 257/517/75 255/497/75
f 235/518/76 234/484/76 258/508/76 259/515/76
f 263/519/24 264/502/24 254/501/24 252/520/24
f 249/510/26 250/492/26 253/489/26 254/511/26
f 260/514/25 258/508/25 256/509/25 257/513/25
f 251/521/77 249/500/77 262/499/77 261/522/77
f 255/512/78 256/509/78 232/483/78 231/523/78
f 239/475/79 246/524/79 270/525/79 263/494/79
f 237/485/80 227/465/80 251/526/80 261/527/80
f 259/528/24 260/529/24 266/530/24 268/531/24
f 244/486/70 235/472/70 259/532/70 268/533/70
f 241/474/81 247/534/81 271/535/81 265/496/81
f 247/534/82 237/485/82 261/527/82 271/535/82
f 246/524/83 244/486/83 268/533/83 270/525/83
f 293/536/84 291/537/84 281/538/84 284/539/84 290/540/84 296/541/84 288/542/84 278/543/84 273/544/84 286/545/84
f 273/546/9 274/547/9 275/548/9
f 276/549/10 277/550/10 278/551/10
f 279/552/11 280/553/11 281/554/11
f 282/555/12 283/556/12 284/557/12
f 289/558/23 279/559/23 281/560/23 291/561/23
f 287/562/24 276/563/24 278/543/24 288/542/24
f 273/546/25 278/551/25 277/550/25 274/547/25
f 284/557/26 281/554/26 280/553/26 282/555/26
f 275/564/33 285/565/33 286/545/33 273/544/33
f 283/566/24 292/567/24 290/540/24 284/539/24
f 300/568/4 301/569/4 277/550/4 276/549/4
f 275/548/38 274/547/38 298/570/38 299/571/38
f 276/572/2 287/573/2 311/574/2 300/575/2
f 279/559/17 289/558/17 313/576/17 303/577/17
f 317/578/85 310/579/85 297/580/85 302/581/85 312/582/85 320/583/85 314/584/85 308/585/85 305/586/85 315/587/85
f 306/588/30 282/555/30 280/553/30 304/589/30
f 297/580/5 299/590/5 298/591/5
f 300/592/7 302/593/7 301/594/7
f 303/577/6 305/586/6 304/595/6
f 306/596/8 308/597/8 307/598/8
f 274/547/1 277/550/1 301/569/1 298/570/1
f 313/576/47 315/587/47 305/586/47 303/577/47
f 283/556/19 282/555/19 306/588/19 307/599/19
f 311/600/22 312/601/22 302/602/22 300/603/22
f 297/604/18 298/570/18 301/569/18 302/605/18
f 308/606/20 306/588/20 304/589/20 305/607/20
f 299/590/52 297/580/52 310/579/52 309/608/52
f 303/609/39 304/589/39 280/553/39 279/552/39
f 287/573/86 294/610/86 318/611/86 311/574/86
f 285/612/54 275/613/54 299/590/54 309/608/54
f 307/598/22 308/597/22 314/614/22 316/615/22
f 292/616/2 283/617/2 307/598/2 316/615/2
f 289/558/55 295/618/55 319/619/55 313/576/55
f 295/618/56 285/612/56 309/608/56 319/619/56
f 294/610/87 292/616/87 316/615/87 318/611/87
f 357/620/1 401/621/1 405/622/1 361/623/1
f 374/624/2 330/625/2 328/626/2 372/627/2
f 371/628/4 372/629/4 328/630/4 327/631/4
f 386/632/2 342/633/2 340/634/2 384/635/2
f 321/636/5 322/637/5 323/638/5
f 324/639/6 325/640/6 326/641/6
f 327/642/7 328/643/7 329/644/7
f 330/645/8 331/646/8 332/647/8
f 333/648/13 334/649/13 335/650/13
f 336/651/14 337/652/14 338/653/14
f 339/654/15 340/655/15 341/656/15
f 342/657/16 343/658/16 344/659/16
f 325/640/17 369/660/17 366/661/17 322/637/17
f 361/623/18 327/631/18 329/662/18 363/663/18
f 330/664/19 374/665/19 375/666/19 331/667/19
f 359/668/20 324/669/20 326/670/20 360/671/20
f 321/636/21 326/641/21 325/640/21 322/637/21
f 332/647/22 329/644/22 328/643/22 330/645/22
f 337/672/17 381/673/17 378/674/17 334/675/17
f 342/676/19 386/677/19 387/678/19 343/679/19
f 353/680/27 336/681/27 338/682/27 354/683/27
f 333/684/28 338/685/28 337/686/28 334/687/28
f 344/659/29 341/656/29 340/655/29 342/657/29
f 343/679/27 345/688/27 346/689/27 344/690/27
f 383/691/4 384/692/4 340/693/4 339/694/4
f 343/679/30 387/678/30 389/695/30 345/688/30
f 339/694/31 341/696/31 333/648/31 335/650/31
f 345/688/32 389/695/32 391/697/32 347/698/32
f 347/698/34 391/697/34 393/699/34 349/700/34
f 333/684/35 341/701/35 344/702/35 346/703/35 348/704/35 350/705/35 356/706/35 355/707/35 354/708/35 338/685/35
f 349/700/27 351/709/27 356/710/27 350/711/27
f 349/700/30 393/699/30 395/712/36 351/709/36
f 351/709/36 395/712/36 396/713/37 352/714/37
f 380/715/39 381/673/39 337/716/39 336/717/39
f 334/649/38 378/718/38 379/719/38 335/650/38
f 353/680/40 397/720/40 380/721/30 336/681/30
f 368/722/39 369/723/39 325/724/39 324/669/39
f 322/725/38 366/726/38 367/727/38 323/728/38
f 331/729/30 375/730/30 408/731/30 364/732/30
f 358/733/35 363/734/35 329/735/35 332/736/35 362/737/35 360/738/35 326/641/35 321/636/35
f 361/623/1 405/622/1 371/628/1 327/631/1
f 359/668/30 403/739/30 368/722/30 324/669/30
f 323/728/1 367/727/1 401/621/1 357/620/1
f 364/732/30 408/731/30 403/739/30 359/668/30
f 365/740/9 367/727/9 366/726/9
f 368/741/11 370/742/11 369/743/11
f 371/628/10 373/744/10 372/629/10
f 374/624/12 376/745/12 375/666/12
f 377/746/42 379/719/42 378/718/42
f 380/715/43 382/747/43 381/748/43
f 383/691/44 385/749/44 384/692/44
f 386/632/45 388/750/45 387/751/45
f 405/622/25 407/752/25 373/744/25 371/628/25
f 403/753/26 404/754/26 370/755/26 368/756/26
f 365/757/46 366/758/46 369/759/46 370/760/46
f 376/761/24 374/762/24 372/763/24 373/764/24
f 397/765/48 398/766/48 382/767/48 380/768/48
f 377/769/49 378/770/49 381/748/49 382/771/49
f 388/772/50 386/773/50 384/774/50 385/775/50
f 387/776/48 388/750/48 390/777/48 389/778/48
f 385/749/51 383/691/51 379/719/51 377/746/51
f 377/779/57 382/780/57 398/781/57 399/782/57 400/783/57 394/784/57 392/785/57 390/786/57 388/787/57 385/788/57
f 383/691/1 339/694/1 335/650/1 379/719/1
f 393/789/48 394/790/48 400/791/48 395/792/48
f 402/793/57 365/757/57 370/760/57 404/794/57 406/795/57 376/761/57 373/764/57 407/796/57
f 352/714/59 396/713/59 397/720/40 353/680/40
f 445/797/1 489/798/1 493/799/1 449/800/1
f 462/801/17 418/802/17 416/803/17 460/804/17
f 459/805/38 460/806/38 416/807/38 415/808/38
f 474/809/17 430/810/17 428/811/17 472/812/17
f 409/813/10 410/814/10 411/815/10
f 412/816/12 413/817/12 414/818/12
f 415/808/9 416/807/9 417/819/9
f 418/820/11 419/821/11 420/822/11
f 421/823/44 422/824/44 423/825/44
f 424/826/45 425/827/45 426/828/45
f 427/829/42 428/830/42 429/831/42
f 430/832/43 431/833/43 432/834/43
f 413/835/2 457/836/2 454/837/2 410/838/2
f 449/800/25 415/808/25 417/819/25 451/839/25
f 418/840/39 462/841/39 463/842/39 419/843/39
f 447/844/26 412/816/26 414/818/26 448/845/26
f 409/846/24 414/847/24 413/848/24 410/849/24
f 420/850/46 417/851/46 416/852/46 418/853/46
f 425/854/2 469/855/2 466/856/2 422/857/2
f 430/858/39 474/859/39 475/860/39 431/861/39
f 441/862/48 424/826/48 426/828/48 442/863/48
f 421/864/50 426/865/50 425/866/50 422/867/50
f 432/868/49 429/869/49 428/870/49 430/871/49
f 431/833/48 433/872/48 434/873/48 432/834/48
f 471/874/38 472/875/38 428/830/38 427/829/38
f 431/833/30 475/876/30 477/877/30 433/872/30
f 433/872/88 477/877/88 479/878/88 435/879/88
f 435/879/89 479/878/89 481/880/89 437/881/89
f 421/882/57 429/883/57 432/884/57 434/885/57 436/886/57 438/887/57 444/888/57 443/889/57 442/890/57 426/891/57
f 423/825/51 427/829/51 429/831/51 421/823/51
f 437/881/48 439/892/48 444/893/48 438/894/48
f 467/895/1 471/874/1 427/829/1 423/825/1
f 437/881/30 481/880/30 483/896/90 439/892/90
f 439/892/90 483/896/90 484/897/59 440/898/59
f 468/899/19 469/855/19 425/900/19 424/901/19
f 422/824/4 466/902/4 467/895/4 423/825/4
f 441/862/36 485/903/36 468/904/30 424/826/30
f 456/905/19 457/906/19 413/817/19 412/816/19
f 410/814/4 454/907/4 455/908/4 411/815/4
f 419/821/30 463/909/30 496/910/30 452/911/30
f 446/912/57 451/913/57 417/851/57 420/850/57 450/914/57 448/915/57 414/847/57 409/846/57
f 449/800/1 493/799/1 459/805/1 415/808/1
f 447/844/30 491/916/30 456/905/30 412/816/30
f 411/815/1 455/908/1 489/798/1 445/797/1
f 452/911/30 496/910/30 491/916/30 447/844/30
f 453/917/7 455/918/7 454/837/7
f 456/919/8 458/920/8 457/921/8
f 459/922/5 461/923/5 460/924/5
f 462/801/6 464/925/6 463/842/6
f 465/926/15 467/927/15 466/928/15
f 468/899/16 470/929/16 469/930/16
f 471/874/13 473/931/13 472/875/13
f 474/809/14 476/932/14 475/860/14
f 493/799/18 495/933/18 461/934/18 459/805/18
f 491/935/20 492/936/20 458/937/20 456/938/20
f 453/917/22 454/837/22 457/836/22 458/939/22
f 464/940/21 462/841/21 460/941/21 461/942/21
f 485/943/27 486/944/27 470/945/27 468/946/27
f 465/926/29 466/928/29 469/947/29 470/948/29
f 476/949/28 474/859/28 472/950/28 473/951/28
f 475/952/27 476/932/27 478/953/27 477/954/27
f 465/955/35 470/956/35 486/957/35 487/958/35 488/959/35 482/960/35 480/961/35 478/962/35 476/963/35 473/964/35
f 465/965/31 473/931/31 471/874/31 467/895/31
f 481/966/27 482/967/27 488/968/27 483/969/27
f 490/970/35 453/971/35 458/972/35 492/973/35 494/974/35 464/975/35 461/976/35 495/977/35
f 440/898/37 484/897/37 485/903/36 441/862/36
f 509/978/91 529/979/91 533/980/92 513/981/92
f 526/982/93 506/983/93 504/984/93 524/985/93
f 523/986/94 524/987/94 504/988/94 503/989/94
f 497/990/95 498/991/95 499/992/95
f 500/993/96 501/994/96 502/995/96
f 503/989/97 504/988/97 505/996/97
f 506/997/98 507/998/98 508/999/98
f 501/1000/99 521/1001/99 518/1002/99 498/1003/99
f 513/1004/100 503/989/100 505/996/100 515/1005/100
f 506/997/101 526/1006/101 527/1007/101 507/998/101
f 511/1008/102 500/993/102 502/995/102 512/1009/102
f 497/1010/103 502/1011/103 501/1000/103 498/1003/103
f 508/1012/104 505/1013/104 504/984/104 506/983/104
f 520/1014/105 521/1001/105 501/1000/105 500/1015/105
f 498/1003/106 518/1002/106 519/1016/106 499/1017/106
f 507/998/107 527/1007/107 536/1018/107 516/1019/107
f 510/1020/35 515/1021/35 505/1022/35 508/999/35 514/1023/35 512/1009/35 502/995/35 497/1024/35 2341/1025/35
f 513/1026/92 533/1027/92 523/1028/92 503/1029/92
f 511/1008/107 531/1030/107 520/1031/107 500/993/107
f 2342/1032/108 2344/1033/108 529/1034/91 509/1035/91
f 516/1019/107 536/1018/107 531/1030/107 511/1008/107
f 517/1036/109 519/1016/109 518/1002/109
f 520/1014/110 522/1037/110 521/1001/110
f 523/986/111 525/1038/111 524/987/111
f 526/1006/112 528/1039/112 527/1007/112
f 533/1040/113 535/1041/113 525/1042/113 523/1043/113
f 531/1044/114 532/1045/114 522/1046/114 520/1047/114
f 517/1036/115 518/1002/115 521/1001/115 522/1037/115
f 528/1048/116 526/982/116 524/985/116 525/1049/116
f 530/1050/57 2343/1051/57 517/1052/57 522/1046/57 532/1045/57 534/1053/57 528/1054/57 525/1042/57 535/1041/57
f 549/1055/117 569/1056/117 573/1057/117 553/1058/117
f 566/1059/118 546/1060/118 544/1061/118 564/1062/118
f 563/1063/119 564/1064/119 544/1065/119 543/1066/119
f 537/1067/120 538/1068/120 539/1069/120
f 540/1070/121 541/1071/121 542/1072/121
f 543/1066/122 544/1065/122 545/1073/122
f 546/1074/123 547/1075/123 548/1076/123
f 541/1077/124 561/1078/124 558/1079/124 538/1068/124
f 553/1080/125 543/1066/125 545/1073/125 555/1081/125
f 546/1060/126 566/1059/126 567/1082/126 547/1083/126
f 551/1084/127 540/1070/127 542/1072/127 552/1085/127
f 537/1067/128 542/1086/128 541/1077/128 538/1068/128
f 548/1087/129 545/1088/129 544/1061/129 546/1060/129
f 560/1089/130 561/1090/130 541/1071/130 540/1070/130
f 538/1068/131 558/1079/131 559/1091/131 539/1069/131
f 547/1075/132 567/1092/132 576/1093/132 556/1094/132
f 550/1095/35 555/1096/35 545/1097/35 548/1076/35 554/1098/35 552/1085/35 542/1072/35 537/1099/35
f 553/1100/133 573/1101/133 563/1102/133 543/1103/133
f 551/1104/134 571/1105/134 560/1106/134 540/1107/134
f 539/1108/135 559/1109/135 569/1110/135 549/1111/135
f 556/1112/136 576/1113/136 571/1114/136 551/1115/136
f 557/1116/137 559/1091/137 558/1079/137
f 560/1089/138 562/1117/138 561/1090/138
f 563/1063/139 565/1118/139 564/1064/139
f 566/1059/140 568/1119/140 567/1082/140
f 573/1120/141 575/1121/141 565/1122/141 563/1123/141
f 571/1124/142 572/1125/142 562/1126/142 560/1127/142
f 557/1116/143 558/1079/143 561/1078/143 562/1128/143
f 568/1119/144 566/1059/144 564/1062/144 565/1129/144
f 570/1130/57 557/1131/57 562/1126/57 572/1125/57 574/1132/57 568/1133/57 565/1122/57 575/1121/57
f 589/1134/145 609/1135/145 613/1136/146 593/1137/146
f 606/1138/147 586/1139/147 584/1140/147 604/1141/147
f 603/1142/148 604/1143/148 584/1144/148 583/1145/148
f 577/1146/149 578/1147/149 579/1148/149
f 580/1149/150 581/1150/150 582/1151/150
f 583/1145/151 584/1144/151 585/1152/151
f 586/1139/152 587/1153/152 588/1154/152
f 581/1155/153 601/1156/153 598/1157/153 578/1147/153
f 593/1158/154 583/1145/154 585/1152/154 595/1159/154
f 586/1139/155 606/1138/155 607/1160/155 587/1153/155
f 591/1161/156 580/1149/156 582/1151/156 592/1162/156
f 577/1163/157 582/1151/157 581/1150/157 578/1164/157
f 588/1154/158 585/1165/158 584/1140/158 586/1139/158
f 600/1166/159 601/1167/159 581/1150/159 580/1149/159
f 578/1147/160 598/1157/160 599/1168/160 579/1148/160
f 587/1169/161 607/1170/161 616/1171/161 596/1172/161
f 590/1173/35 595/1174/35 585/1175/35 588/1176/35 594/1177/35 592/1162/35 582/1151/35 577/1163/35
f 593/1178/146 613/1179/146 603/1180/162 583/1181/162
f 591/1161/163 611/1182/163 600/1166/163 580/1149/163
f 579/1183/164 599/1184/164 609/1185/164 589/1186/164
f 596/1187/165 616/1188/165 611/1189/165 591/1190/165
f 597/1191/166 599/1168/166 598/1157/166
f 600/1166/167 602/1192/167 601/1167/167
f 603/1142/168 605/1193/168 604/1143/168
f 606/1138/169 608/1194/169 607/1160/169
f 613/1195/170 615/1196/170 605/1197/170 603/1198/170
f 611/1199/171 612/1200/171 602/1201/171 600/1202/171
f 597/1191/172 598/1157/172 601/1156/172 602/1203/172
f 608/1194/173 606/1138/173 604/1141/173 605/1204/173
f 599/1168/174 597/1191/174 610/1205/174 609/1206/174
f 610/1207/57 597/1208/57 602/1201/57 612/1200/57 614/1209/57 608/1210/57 605/1211/57 615/1212/57
f 609/1206/175 610/1205/175 615/1196/175 613/1195/175
f 629/1213/176 649/1214/176 653/1215/176 633/1216/176
f 646/1217/177 626/1218/177 624/1219/177 644/1220/177
f 643/1221/178 644/1220/178 624/1219/178 623/1222/178
f 617/1223/179 618/1224/179 619/1225/179
f 620/1226/180 621/1227/180 622/1228/180
f 623/1222/181 624/1219/181 625/1229/181
f 626/1230/182 627/1231/182 628/1232/182
f 621/1227/183 641/1233/183 638/1234/183 618/1235/183
f 633/1236/184 623/1237/184 625/1238/184 635/1239/184
f 626/1230/185 646/1240/185 647/1241/185 627/1231/185
f 631/1242/186 620/1226/186 622/1228/186 632/1243/186
f 617/1244/187 622/1228/187 621/1227/187 618/1235/187
f 628/1245/188 625/1229/188 624/1219/188 626/1218/188
f 640/1246/189 641/1233/189 621/1227/189 620/1226/189
f 618/1224/190 638/1247/190 639/1248/190 619/1225/190
f 627/1249/191 647/1250/191 656/1251/191 636/1252/191
f 630/1253/35 635/1254/35 625/1255/35 628/1256/35 634/1257/35 632/1243/35 622/1228/35 617/1244/35
f 633/1258/192 653/1259/192 643/1260/192 623/1261/192
f 631/1262/193 651/1263/193 640/1264/193 620/1265/193
f 619/1266/194 639/1267/194 649/1268/194 629/1269/194
f 636/1270/195 656/1271/195 651/1272/195 631/1273/195
f 637/1274/196 639/1248/196 638/1247/196
f 640/1264/197 642/1275/197 641/1276/197
f 643/1277/198 645/1278/198 644/1279/198
f 646/1240/199 648/1280/199 647/1241/199
f 653/1281/200 655/1282/200 645/1278/200 643/1277/200
f 651/1263/201 652/1283/201 642/1275/201 640/1264/201
f 637/1284/202 638/1285/202 641/1286/202 642/1287/202
f 648/1288/203 646/1289/203 644/1290/203 645/1291/203
f 650/1292/57 637/1284/57 642/1287/57 652/1293/57 654/1294/57 648/1288/57 645/1291/57 655/1295/57
f 669/1296/204 686/1297/204 1517/1298/204 1497/1299/204
f 683/1300/205 666/1301/205 664/1302/205 681/1303/205
f 680/1304/206 681/1305/206 664/1306/206 663/1307/206
f 657/1308/207 658/1309/207 659/1310/207
f 660/1311/208 661/1312/208 662/1313/208
f 663/1314/209 664/1302/209 665/1315/209
f 666/1316/210 667/1317/210 668/1318/210
f 661/1312/211 678/1319/211 1502/1320/211 658/1309/211
f 1497/1321/212 663/1322/212 665/1323/212 674/1324/212
f 666/1316/213 683/1325/213 684/1326/213 667/1317/213
f 671/1327/214 660/1328/214 662/1329/214 672/1330/214
f 657/1308/215 662/1313/215 661/1312/215 658/1309/215
f 668/1331/216 665/1315/216 664/1302/216 666/1301/216
f 677/1332/217 678/1333/217 661/1334/217 660/1328/217
f 658/1335/218 1502/1336/218 676/1337/218 659/1338/218
f 667/1317/219 684/1326/219 692/1339/219 675/1340/219
f 670/1341/35 674/1342/35 665/1343/35 668/1344/35 673/1345/35 672/1346/35 662/1313/35 657/1308/35
f 1497/1347/220 1517/1348/220 680/1349/220 663/1350/220
f 671/1351/221 688/1352/221 677/1353/221 660/1354/221
f 659/1355/222 676/1356/222 686/1357/222 669/1358/222
f 675/1340/223 692/1339/223 688/1359/223 671/1327/223
f 1501/1360/224 676/1337/224 1502/1336/224
f 677/1332/225 679/1361/225 678/1333/225
f 680/1304/226 682/1362/226 681/1305/226
f 683/1325/227 685/1363/227 684/1326/227
f 1517/1364/228 691/1365/228 682/1362/228 680/1304/228
f 688/1359/229 689/1366/229 679/1361/229 677/1332/229
f 1501/1367/230 1502/1368/230 678/1369/230 679/1370/230
f 685/1371/231 683/1372/231 681/1373/231 682/1374/231
f 676/1337/232 1501/1360/232 687/1375/232 686/1376/232
f 687/1377/57 1501/1367/57 679/1370/57 689/1378/57 690/1379/57 685/1371/57 682/1374/57 691/1380/57
f 686/1376/233 687/1375/233 691/1365/233 1517/1364/233
f 705/1381/17 725/1382/17 729/1383/17 709/1384/17
f 722/1385/1 702/1386/1 700/1387/1 720/1388/1
f 719/1389/234 720/1388/234 700/1387/234 699/1390/234
f 693/1391/235 694/1392/235 695/1393/235
f 696/1394/236 697/1395/236 698/1396/236
f 699/1397/237 700/1398/237 701/1399/237
f 702/1400/238 703/1401/238 704/1402/238
f 697/1403/30 717/1404/30 714/1405/30 694/1406/30
f 709/1384/239 699/1397/239 701/1399/239 711/1407/239
f 702/1386/240 722/1385/240 723/1408/240 703/1409/240
f 707/1410/241 696/1394/241 698/1396/241 708/1411/241
f 693/1412/242 698/1413/242 697/1403/242 694/1406/242
f 704/1414/243 701/1415/243 700/1387/243 702/1386/243
f 716/1416/244 717/1404/244 697/1403/244 696/1417/244
f 694/1406/245 714/1405/245 715/1418/245 695/1419/245
f 703/1401/2 723/1420/2 732/1421/2 712/1422/2
f 706/1423/35 711/1407/35 701/1399/35 704/1424/35 710/1425/35 708/1426/35 698/1427/35 693/1391/35
f 709/1384/17 729/1383/17 719/1428/17 699/1397/17
f 707/1410/2 727/1429/2 716/1430/2 696/1394/2
f 695/1393/17 715/1431/17 725/1382/17 705/1381/17
f 712/1422/2 732/1421/2 727/1429/2 707/1410/2
f 713/1432/246 715/1418/246 714/1405/246
f 716/1416/247 718/1433/247 717/1404/247
f 719/1389/248 721/1434/248 720/1388/248
f 722/1385/249 724/1435/249 723/1408/249
f 729/1436/250 731/1437/250 721/1438/250 719/1439/250
f 727/1440/251 728/1441/251 718/1442/251 716/1443/251
f 713/1432/26 714/1405/26 717/1404/26 718/1433/26
f 724/1435/25 722/1385/25 720/1388/25 721/1434/25
f 726/1444/57 713/1445/57 718/1442/57 728/1441/57 730/1446/57 724/1447/57 721/1438/57 731/1437/57
f 772/1448/30 742/1449/30 740/1450/30 770/1451/30
f 733/1452/252 734/1453/252 735/1454/252
f 736/1455/253 737/1456/253 738/1457/253
f 739/1458/254 740/1450/254 741/1459/254
f 742/1449/255 743/1460/255 744/1461/255
f 737/1456/1 767/1462/1 764/1463/1 734/1453/1
f 742/1449/244 772/1448/244 773/1464/244 743/1460/244
f 756/1465/256 736/1466/256 738/1467/256 760/1468/256
f 733/1452/257 738/1457/257 737/1456/257 734/1453/257
f 744/1461/258 741/1459/258 740/1450/258 742/1449/258
f 743/1469/256 745/1470/256 746/1471/256 744/1472/256
f 769/1473/245 770/1451/245 740/1450/245 739/1458/245
f 743/1469/2 773/1474/2 775/1475/2 745/1470/2
f 739/1476/259 741/1477/259 751/1478/259 759/1479/259
f 745/1470/260 775/1475/260 777/1480/260 747/1481/260
f 747/1481/261 777/1480/261 779/1482/261 749/1483/261
f 735/1484/17 765/1485/17 787/1486/17 757/1487/17
f 757/1488/17 787/1489/17 788/1490/17 758/1491/17
f 753/1492/57 752/1493/57 751/1494/57 741/1495/57 744/1496/57 746/1497/57 748/1498/57 750/1499/57 762/1500/57 761/1501/57 760/1502/57 738/1503/57 733/1504/57
f 735/1505/259 757/1506/259 753/1507/259 733/1508/259
f 757/1506/259 758/1509/259 752/1510/259 753/1507/259
f 758/1509/259 759/1479/259 751/1478/259 752/1510/259
f 749/1483/256 754/1511/256 762/1512/256 750/1513/256
f 758/1514/17 788/1515/17 789/1516/17 759/1517/17
f 749/1483/2 779/1482/2 784/1518/262 754/1511/262
f 754/1511/262 784/1518/262 785/1519/263 755/1520/263
f 766/1521/240 767/1462/240 737/1456/240 736/1455/240
f 734/1453/234 764/1463/234 765/1522/234 735/1454/234
f 756/1465/264 786/1523/264 766/1524/2 736/1466/2
f 763/1525/265 765/1522/265 764/1463/265
f 766/1521/266 768/1526/266 767/1462/266
f 769/1473/267 771/1527/267 770/1451/267
f 772/1448/268 774/1528/268 773/1464/268
f 786/1523/269 790/1529/269 768/1530/269 766/1524/269
f 763/1525/31 764/1463/31 767/1462/31 768/1526/31
f 774/1528/27 772/1448/27 770/1451/27 771/1527/27
f 773/1474/269 774/1531/269 776/1532/269 775/1475/269
f 771/1533/270 769/1534/270 789/1535/270 781/1536/270
f 769/1534/17 739/1476/17 759/1479/17 789/1535/17
f 783/1537/35 763/1538/35 768/1539/35 790/1540/35 791/1541/35 792/1542/35 780/1543/35 778/1544/35 776/1545/35 774/1546/35 771/1533/35 781/1536/35 782/1547/35
f 765/1548/270 763/1538/270 783/1537/270 787/1549/270
f 787/1550/270 783/1551/270 782/1552/270 788/1553/270
f 788/1554/270 782/1555/270 781/1556/270 789/1557/270
f 779/1558/269 780/1559/269 792/1560/269 784/1561/269
f 755/1520/271 785/1519/271 786/1523/264 756/1465/264
f 793/1562/30 794/1563/30 796/1564/30 795/1565/30
f 795/1566/57 796/1567/57 800/1568/57 799/1569/57
f 799/1570/1 800/1571/1 798/1572/1 797/1573/1
f 797/1574/35 798/1575/35 794/1576/35 793/1577/35
f 795/1578/17 799/1579/17 797/1580/17 793/1581/17
f 800/1582/2 796/1583/2 794/1584/2 798/1585/2
f 861/1586/30 865/1587/30 933/1588/30 929/1589/30
f 878/1590/2 876/1591/2 808/1592/2 810/1593/2
f 851/1594/72 844/1595/72 813/1596/72 818/1597/72 846/1598/72 854/1599/72 848/1600/72 824/1601/72 821/1602/72 849/1603/72
f 875/1604/19 807/1605/19 808/1606/19 876/1607/19
f 902/1608/2 900/1609/2 832/1610/2 834/1611/2
f 801/1612/6 803/1613/6 802/1614/6
f 804/1615/5 806/1616/5 805/1617/5
f 807/1618/8 809/1619/8 808/1592/8
f 810/1593/7 812/1620/7 811/1621/7
f 813/1622/11 815/1623/11 814/1624/11
f 816/1625/12 818/1626/12 817/1627/12
f 819/1628/9 821/1629/9 820/1630/9
f 822/1631/10 824/1632/10 823/1633/10
f 825/1634/14 827/1635/14 826/1636/14
f 828/1637/13 830/1638/13 829/1639/13
f 831/1640/16 833/1641/16 832/1642/16
f 834/1643/15 836/1644/15 835/1645/15
f 805/1646/17 802/1647/17 870/1648/17 873/1649/17
f 865/1587/20 867/1650/20 809/1651/20 807/1605/20
f 810/1652/4 811/1653/4 879/1654/4 878/1655/4
f 863/1656/18 864/1657/18 806/1658/18 804/1659/18
f 801/1612/21 802/1614/21 805/1617/21 806/1616/21
f 812/1620/22 810/1593/22 808/1592/22 809/1619/22
f 847/1660/75 849/1661/75 821/1662/75 819/1663/75
f 845/1664/24 846/1598/24 818/1597/24 816/1665/24
f 813/1622/26 814/1624/26 817/1627/26 818/1626/26
f 824/1632/25 822/1631/25 820/1630/25 821/1629/25
f 829/1666/17 826/1667/17 894/1668/17 897/1669/17
f 834/1670/4 835/1671/4 903/1672/4 902/1673/4
f 857/1674/31 858/1675/31 830/1676/31 828/1677/31
f 825/1634/28 826/1667/28 829/1639/28 830/1678/28
f 836/1644/29 834/1643/29 832/1642/29 833/1641/29
f 835/1671/31 836/1679/31 838/1680/31 837/1681/31
f 899/1682/19 831/1683/19 832/1684/19 900/1685/19
f 835/1671/1 837/1681/1 905/1686/1 903/1672/1
f 831/1683/27 827/1687/27 825/1688/27 833/1689/27
f 837/1681/272 839/1690/272 907/1691/272 905/1686/272
f 815/1692/77 813/1596/77 844/1595/77 843/1693/77
f 823/1694/24 824/1695/24 848/1696/24 850/1697/24
f 839/1690/273 841/1698/273 909/1699/273 907/1691/273
f 825/1700/35 830/1701/35 858/1702/35 859/1703/35 860/1704/35 842/1705/35 840/1706/35 838/1707/35 836/1708/35 833/1709/35
f 841/1698/31 842/1710/31 860/1711/31 855/1712/31
f 841/1698/1 855/1712/274 923/1713/274 909/1699/1
f 855/1712/274 856/1714/275 924/1715/275 923/1713/274
f 884/1716/19 816/1625/19 817/1627/19 885/1717/19
f 815/1623/39 883/1718/39 882/1719/39 814/1624/39
f 816/1720/2 884/1721/2 913/1722/2 845/1723/2
f 896/1724/38 828/1677/38 829/1725/38 897/1726/38
f 826/1727/39 827/1687/39 895/1728/39 894/1729/39
f 857/1674/276 828/1677/1 896/1724/1 925/1730/276
f 872/1731/38 804/1659/38 805/1732/38 873/1733/38
f 802/1734/39 803/1735/39 871/1736/39 870/1737/39
f 811/1653/1 868/1738/1 936/1739/1 879/1654/1
f 862/1740/35 801/1612/35 806/1616/35 864/1741/35 866/1742/35 812/1743/35 809/1744/35 867/1745/35
f 865/1587/30 807/1605/30 875/1604/30 933/1588/30
f 863/1656/1 804/1659/1 872/1731/1 931/1746/1
f 803/1735/30 861/1586/30 929/1589/30 871/1736/30
f 868/1738/1 863/1656/1 931/1746/1 936/1739/1
f 819/1663/17 887/1747/17 915/1748/17 847/1660/17
f 919/1749/277 917/1750/277 889/1751/277 892/1752/277 916/1753/277 922/1754/277 914/1755/277 886/1756/277 881/1757/277 912/1758/277
f 890/1759/1 888/1760/1 820/1630/1 822/1631/1
f 869/1761/11 870/1762/11 871/1763/11
f 872/1731/9 873/1733/9 874/1764/9
f 875/1765/12 876/1766/12 877/1767/12
f 878/1655/10 879/1654/10 880/1768/10
f 881/1757/6 882/1769/6 883/1770/6
f 884/1721/8 885/1771/8 886/1772/8
f 887/1747/5 888/1773/5 889/1751/5
f 890/1774/7 891/1775/7 892/1776/7
f 893/1777/43 894/1778/43 895/1779/43
f 896/1724/42 897/1726/42 898/1780/42
f 899/1781/45 900/1609/45 901/1782/45
f 902/1673/44 903/1672/44 904/1783/44
f 933/1784/26 875/1785/26 877/1767/26 935/1786/26
f 931/1746/25 872/1731/25 874/1764/25 932/1787/25
f 869/1761/46 874/1788/46 873/1789/46 870/1790/46
f 880/1791/24 877/1792/24 876/1793/24 878/1794/24
f 814/1624/30 882/1719/30 885/1717/30 817/1627/30
f 915/1748/66 887/1747/66 889/1751/66 917/1750/66
f 823/1633/4 891/1795/4 890/1759/4 822/1631/4
f 913/1722/22 884/1721/22 886/1772/22 914/1796/22
f 881/1797/20 886/1798/20 885/1717/20 882/1719/20
f 892/1799/18 889/1800/18 888/1760/18 890/1759/18
f 925/1730/51 896/1724/51 898/1780/51 926/1801/51
f 893/1777/49 898/1802/49 897/1803/49 894/1804/49
f 904/1805/50 901/1806/50 900/1807/50 902/1808/50
f 903/1672/51 905/1686/51 906/1809/51 904/1783/51
f 901/1810/48 893/1811/48 895/1779/48 899/1812/48
f 883/1770/67 911/1813/67 912/1758/67 881/1757/67
f 887/1814/38 819/1628/38 820/1630/38 888/1760/38
f 845/1815/58 913/1816/58 920/1817/58 852/1818/58
f 843/1819/278 911/1813/278 883/1770/278 815/1820/278
f 891/1821/22 918/1822/22 916/1823/22 892/1824/22
f 850/1825/2 918/1826/2 891/1827/2 823/1828/2
f 847/1660/279 915/1748/279 921/1829/279 853/1830/279
f 853/1830/280 921/1829/280 911/1813/280 843/1819/280
f 893/1831/57 901/1832/57 904/1833/57 906/1834/57 908/1835/57 910/1836/57 928/1837/57 927/1838/57 926/1839/57 898/1840/57
f 899/1682/30 895/1728/30 827/1687/30 831/1683/30
f 909/1699/51 923/1713/51 928/1841/51 910/1842/51
f 852/1843/53 920/1844/53 918/1845/53 850/1697/53
f 930/1846/57 935/1847/57 877/1792/57 880/1791/57 934/1848/57 932/1849/57 874/1850/57 869/1851/57
f 856/1714/281 857/1674/276 925/1730/276 924/1715/281
f 979/1852/30 983/1853/30 1033/1854/30 1029/1855/30
f 996/1856/17 994/1857/17 944/1858/17 946/1859/17
f 993/1860/39 943/1861/39 944/1862/39 994/1863/39
f 1008/1864/17 1006/1865/17 956/1866/17 958/1867/17
f 937/1868/12 939/1869/12 938/1870/12
f 940/1871/10 942/1872/10 941/1873/10
f 943/1861/11 945/1874/11 944/1862/11
f 946/1875/9 948/1876/9 947/1877/9
f 949/1878/45 951/1879/45 950/1880/45
f 952/1881/44 954/1882/44 953/1883/44
f 955/1884/43 957/1885/43 956/1886/43
f 958/1887/42 960/1888/42 959/1889/42
f 941/1890/2 938/1891/2 988/1892/2 991/1893/2
f 983/1853/26 985/1894/26 945/1874/26 943/1861/26
f 946/1875/38 947/1877/38 997/1895/38 996/1896/38
f 981/1897/25 982/1898/25 942/1872/25 940/1871/25
f 937/1899/24 938/1900/24 941/1901/24 942/1902/24
f 948/1903/46 946/1904/46 944/1905/46 945/1906/46
f 953/1907/2 950/1908/2 1000/1909/2 1003/1910/2
f 958/1887/38 959/1889/38 1009/1911/38 1008/1912/38
f 972/1913/51 976/1914/51 954/1882/51 952/1881/51
f 949/1915/50 950/1916/50 953/1917/50 954/1918/50
f 960/1919/49 958/1920/49 956/1921/49 957/1922/49
f 959/1889/51 960/1888/51 962/1923/51 961/1924/51
f 1005/1925/39 955/1884/39 956/1886/39 1006/1926/39
f 959/1889/1 961/1924/1 1011/1927/1 1009/1911/1
f 955/1884/48 975/1928/48 967/1929/48 957/1885/48
f 961/1924/282 963/1930/282 1013/1931/282 1011/1927/282
f 963/1930/283 965/1932/283 1015/1933/283 1013/1931/283
f 951/1879/30 973/1934/30 1023/1935/30 1001/1936/30
f 973/1934/30 974/1937/30 1024/1938/30 1023/1935/30
f 969/1939/57 949/1940/57 954/1941/57 976/1942/57 977/1943/57 978/1944/57 966/1945/57 964/1946/57 962/1947/57 960/1948/57 957/1949/57 967/1950/57 968/1951/57
f 951/1879/48 949/1878/48 969/1952/48 973/1934/48
f 973/1934/48 969/1952/48 968/1953/48 974/1937/48
f 974/1937/48 968/1953/48 967/1929/48 975/1928/48
f 965/1932/51 966/1954/51 978/1955/51 970/1956/51
f 974/1937/30 975/1928/30 1025/1957/30 1024/1938/30
f 965/1932/1 970/1956/276 1020/1958/276 1015/1933/1
f 970/1956/276 971/1959/281 1021/1960/281 1020/1958/276
f 1002/1961/4 952/1881/4 953/1883/4 1003/1962/4
f 950/1963/19 951/1964/19 1001/1965/19 1000/1966/19
f 972/1913/274 952/1881/1 1002/1961/1 1022/1967/274
f 990/1968/4 940/1871/4 941/1873/4 991/1969/4
f 938/1870/19 939/1869/19 989/1970/19 988/1971/19
f 947/1877/1 986/1972/1 1036/1973/1 997/1895/1
f 980/1974/57 937/1899/57 942/1902/57 982/1975/57 984/1976/57 948/1903/57 945/1906/57 985/1977/57
f 983/1853/30 943/1861/30 993/1860/30 1033/1854/30
f 981/1897/1 940/1871/1 990/1968/1 1031/1978/1
f 939/1869/30 979/1852/30 1029/1855/30 989/1970/30
f 986/1972/1 981/1897/1 1031/1978/1 1036/1973/1
f 987/1979/8 988/1980/8 989/1981/8
f 990/1982/7 991/1893/7 992/1983/7
f 993/1984/6 994/1857/6 995/1985/6
f 996/1986/5 997/1987/5 998/1988/5
f 999/1989/16 1000/1990/16 1001/1965/16
f 1002/1991/15 1003/1992/15 1004/1993/15
f 1005/1994/14 1006/1865/14 1007/1995/14
f 1008/1912/13 1009/1911/13 1010/1996/13
f 1033/1997/20 993/1998/20 995/1985/20 1035/1999/20
f 1031/1978/18 990/1968/18 992/2000/18 1032/2001/18
f 987/2002/22 992/1983/22 991/1893/22 988/1892/22
f 998/2003/21 995/2004/21 994/2005/21 996/2006/21
f 1022/1967/31 1002/1961/31 1004/2007/31 1026/2008/31
f 999/2009/29 1004/1993/29 1003/1992/29 1000/2010/29
f 1010/2011/28 1007/2012/28 1006/2013/28 1008/2014/28
f 1009/1911/31 1011/1927/31 1012/2015/31 1010/1996/31
f 1007/2016/27 1017/2017/27 1025/2018/27 1005/2019/27
f 1005/1925/30 1025/1957/30 975/1928/30 955/1884/30
f 1019/2020/35 1018/2021/35 1017/2022/35 1007/2023/35 1010/2024/35 1012/2025/35 1014/2026/35 1016/2027/35 1028/2028/35 1027/2029/35 1026/2030/35 1004/2031/35 999/2032/35
f 1001/2033/27 1023/2034/27 1019/2035/27 999/2036/27
f 1023/2037/27 1024/2038/27 1018/2039/27 1019/2040/27
f 1024/2041/27 1025/2042/27 1017/2043/27 1018/2044/27
f 1015/1933/31 1020/1958/31 1028/2045/31 1016/2046/31
f 1030/2047/35 1035/2048/35 995/2049/35 998/2050/35 1034/2051/35 1032/2052/35 992/2053/35 987/2054/35
f 971/1959/275 972/1913/274 1022/1967/274 1021/1960/275
f 1057/2055/284 1050/2056/284 1037/2057/284 1042/2058/284 1052/2059/284 1060/2060/284 1054/2061/284 1048/2062/284 1045/2063/284 1055/2064/284
f 1037/2057/5 1039/2065/5 1038/2066/5
f 1040/2067/7 1042/2068/7 1041/2069/7
f 1043/2070/6 1045/2063/6 1044/2071/6
f 1046/2072/8 1048/2073/8 1047/2074/8
f 1053/2075/47 1055/2064/47 1045/2063/47 1043/2070/47
f 1051/2076/22 1052/2077/22 1042/2068/22 1040/2067/22
f 1037/2078/18 1038/2079/18 1041/2080/18 1042/2081/18
f 1048/2082/20 1046/2083/20 1044/2084/20 1045/2085/20
f 1039/2065/52 1037/2057/52 1050/2056/52 1049/2086/52
f 1047/2074/22 1048/2073/22 1054/2087/22 1056/2088/22
f 1064/2089/285 1040/2090/285 1041/2080/285 1065/2091/285
f 1039/2092/286 1063/2093/286 1062/2094/286 1038/2079/286
f 1040/2067/70 1064/2095/70 1075/2096/70 1051/2076/70
f 1043/2070/71 1067/2097/71 1077/2098/71 1053/2075/71
f 1081/2099/3 1079/2100/3 1069/2101/3 1072/2102/3 1078/2103/3 1084/2104/3 1076/2105/3 1066/2106/3 1061/2107/3 1074/2108/3
f 1070/2109/287 1068/2110/287 1044/2084/287 1046/2083/287
f 1061/2111/9 1062/2094/9 1063/2093/9
f 1064/2089/10 1065/2091/10 1066/2112/10
f 1067/2113/11 1068/2110/11 1069/2114/11
f 1070/2109/12 1071/2115/12 1072/2116/12
f 1038/2079/288 1062/2094/288 1065/2091/288 1041/2080/288
f 1077/2098/23 1067/2097/23 1069/2117/23 1079/2118/23
f 1047/2119/289 1071/2115/289 1070/2109/289 1046/2083/289
f 1075/2120/24 1064/2121/24 1066/2106/24 1076/2105/24
f 1061/2111/25 1066/2112/25 1065/2091/25 1062/2094/25
f 1072/2116/26 1069/2114/26 1068/2110/26 1070/2109/26
f 1063/2122/33 1073/2123/33 1074/2108/33 1061/2107/33
f 1067/2113/290 1043/2124/290 1044/2084/290 1068/2110/290
f 1051/2076/291 1075/2096/291 1082/2125/291 1058/2126/291
f 1049/2086/292 1073/2127/292 1063/2128/292 1039/2065/292
f 1071/2129/24 1080/2130/24 1078/2131/24 1072/2132/24
f 1056/2088/70 1080/2133/70 1071/2134/70 1047/2074/70
f 1053/2075/293 1077/2098/293 1083/2135/293 1059/2136/293
f 1059/2136/294 1083/2135/294 1073/2127/294 1049/2086/294
f 1058/2126/295 1082/2125/295 1080/2133/295 1056/2088/295
f 1105/2137/72 1098/2138/72 1085/2139/72 1090/2140/72 1100/2141/72 1108/2142/72 1102/2143/72 1096/2144/72 1093/2145/72 1103/2146/72
f 1085/2147/11 1087/2148/11 1086/2149/11
f 1088/2150/12 1090/2151/12 1089/2152/12
f 1091/2153/9 1093/2154/9 1092/2155/9
f 1094/2156/10 1096/2157/10 1095/2158/10
f 1101/2159/75 1103/2160/75 1093/2161/75 1091/2162/75
f 1099/2163/24 1100/2141/24 1090/2140/24 1088/2164/24
f 1085/2147/26 1086/2149/26 1089/2152/26 1090/2151/26
f 1096/2157/25 1094/2156/25 1092/2155/25 1093/2154/25
f 1087/2165/77 1085/2139/77 1098/2138/77 1097/2166/77
f 1095/2167/24 1096/2144/24 1102/2143/24 1104/2168/24
f 1112/2169/19 1088/2150/19 1089/2152/19 1113/2170/19
f 1087/2148/39 1111/2171/39 1110/2172/39 1086/2149/39
f 1088/2173/2 1112/2174/2 1123/2175/2 1099/2176/2
f 1091/2162/17 1115/2177/17 1125/2178/17 1101/2159/17
f 1129/2179/277 1127/2180/277 1117/2181/277 1120/2182/277 1126/2183/277 1132/2184/277 1124/2185/277 1114/2186/277 1109/2187/277 1122/2188/277
f 1118/2189/1 1116/2190/1 1092/2155/1 1094/2156/1
f 1109/2187/6 1110/2191/6 1111/2192/6
f 1112/2193/8 1113/2194/8 1114/2195/8
f 1115/2177/5 1116/2196/5 1117/2181/5
f 1118/2197/7 1119/2198/7 1120/2199/7
f 1086/2149/30 1110/2172/30 1113/2170/30 1089/2152/30
f 1125/2178/66 1115/2177/66 1117/2181/66 1127/2180/66
f 1095/2158/4 1119/2200/4 1118/2189/4 1094/2156/4
f 1123/2201/22 1112/2202/22 1114/2203/22 1124/2204/22
f 1109/2205/20 1114/2206/20 1113/2170/20 1110/2172/20
f 1120/2207/18 1117/2208/18 1116/2190/18 1118/2189/18
f 1111/2192/67 1121/2209/67 1122/2188/67 1109/2187/67
f 1115/2210/38 1091/2153/38 1092/2155/38 1116/2190/38
f 1099/2176/58 1123/2175/58 1130/2211/58 1106/2212/58
f 1097/2213/278 1121/2209/278 1111/2192/278 1087/2214/278
f 1119/2215/22 1128/2216/22 1126/2217/22 1120/2218/22
f 1104/2219/2 1128/2220/2 1119/2221/2 1095/2222/2
f 1101/2159/279 1125/2178/279 1131/2223/279 1107/2224/279
f 1107/2224/280 1131/2223/280 1121/2209/280 1097/2213/280
f 1106/2212/53 1130/2211/53 1128/2220/53 1104/2219/53
f 1169/2225/30 1173/2226/30 1217/2227/30 1213/2228/30
f 1186/2229/2 1184/2230/2 1140/2231/2 1142/2232/2
f 1183/2233/19 1139/2234/19 1140/2235/19 1184/2236/19
f 1198/2237/2 1196/2238/2 1152/2239/2 1154/2240/2
f 1133/2241/6 1135/2242/6 1134/2243/6
f 1136/2244/5 1138/2245/5 1137/2246/5
f 1139/2247/8 1141/2248/8 1140/2249/8
f 1142/2250/7 1144/2251/7 1143/2252/7
f 1145/2253/14 1147/2254/14 1146/2255/14
f 1148/2256/13 1150/2257/13 1149/2258/13
f 1151/2259/16 1153/2260/16 1152/2261/16
f 1154/2262/15 1156/2263/15 1155/2264/15
f 1137/2265/17 1134/2266/17 1178/2267/17 1181/2268/17
f 1173/2226/20 1175/2269/20 1141/2270/20 1139/2234/20
f 1142/2271/4 1143/2272/4 1187/2273/4 1186/2274/4
f 1171/2275/18 1172/2276/18 1138/2277/18 1136/2278/18
f 1133/2241/21 1134/2243/21 1137/2246/21 1138/2245/21
f 1144/2251/22 1142/2250/22 1140/2249/22 1141/2248/22
f 1149/2279/17 1146/2280/17 1190/2281/17 1193/2282/17
f 1154/2283/4 1155/2284/4 1199/2285/4 1198/2286/4
f 1165/2287/31 1166/2288/31 1150/2289/31 1148/2290/31
f 1145/2291/28 1146/2280/28 1149/2258/28 1150/2292/28
f 1156/2263/29 1154/2262/29 1152/2261/29 1153/2260/29
f 1155/2284/31 1156/2293/31 1158/2294/31 1157/2295/31
f 1195/2296/19 1151/2297/19 1152/2298/19 1196/2299/19
f 1155/2284/1 1157/2295/1 1201/2300/1 1199/2285/1
f 1151/2297/27 1147/2254/27 1145/2253/27 1153/2301/27
f 1157/2295/272 1159/2302/272 1203/2303/272 1201/2300/272
f 1159/2302/273 1161/2304/273 1205/2305/273 1203/2303/273
f 1145/2306/35 1150/2307/35 1166/2308/35 1167/2309/35 1168/2310/35 1162/2311/35 1160/2312/35 1158/2313/35 1156/2314/35 1153/2315/35
f 1161/2304/31 1162/2316/31 1168/2317/31 1163/2318/31
f 1161/2304/1 1163/2318/274 1207/2319/274 1205/2305/1
f 1163/2318/274 1164/2320/275 1208/2321/275 1207/2319/274
f 1192/2322/38 1148/2323/38 1149/2258/38 1193/2282/38
f 1146/2255/39 1147/2254/39 1191/2324/39 1190/2325/39
f 1165/2287/276 1148/2290/1 1192/2326/1 1209/2327/276
f 1180/2328/38 1136/2329/38 1137/2330/38 1181/2268/38
f 1134/2331/39 1135/2332/39 1179/2333/39 1178/2334/39
f 1143/2335/1 1176/2336/1 1220/2337/1 1187/2338/1
f 1170/2339/35 1133/2241/35 1138/2245/35 1172/2340/35 1174/2341/35 1144/2342/35 1141/2343/35 1175/2344/35
f 1173/2226/30 1139/2234/30 1183/2233/30 1217/2227/30
f 1171/2275/1 1136/2278/1 1180/2345/1 1215/2346/1
f 1135/2332/30 1169/2225/30 1213/2228/30 1179/2333/30
f 1176/2336/1 1171/2275/1 1215/2346/1 1220/2337/1
f 1177/2347/11 1178/2334/11 1179/2333/11
f 1180/2328/9 1181/2348/9 1182/2349/9
f 1183/2233/12 1184/2236/12 1185/2350/12
f 1186/2229/10 1187/2351/10 1188/2352/10
f 1189/2353/43 1190/2325/43 1191/2324/43
f 1192/2322/42 1193/2354/42 1194/2355/42
f 1195/2296/45 1196/2299/45 1197/2356/45
f 1198/2237/44 1199/2357/44 1200/2358/44
f 1217/2227/26 1183/2233/26 1185/2350/26 1219/2359/26
f 1215/2360/25 1180/2361/25 1182/2349/25 1216/2362/25
f 1177/2363/46 1182/2364/46 1181/2365/46 1178/2366/46
f 1188/2367/24 1185/2368/24 1184/2369/24 1186/2370/24
f 1209/2371/51 1192/2372/51 1194/2355/51 1210/2373/51
f 1189/2374/49 1194/2375/49 1193/2376/49 1190/2377/49
f 1200/2378/50 1197/2379/50 1196/2380/50 1198/2381/50
f 1199/2382/51 1201/2383/51 1202/2384/51 1200/2385/51
f 1197/2356/48 1189/2353/48 1191/2324/48 1195/2296/48
f 1189/2386/57 1197/2387/57 1200/2388/57 1202/2389/57 1204/2390/57 1206/2391/57 1212/2392/57 1211/2393/57 1210/2394/57 1194/2395/57
f 1195/2296/30 1191/2324/30 1147/2254/30 1151/2297/30
f 1205/2396/51 1207/2397/51 1212/2398/51 1206/2399/51
f 1214/2400/57 1219/2401/57 1185/2368/57 1188/2367/57 1218/2402/57 1216/2403/57 1182/2364/57 1177/2363/57
f 1164/2320/281 1165/2287/276 1209/2327/276 1208/2321/281
f 1263/2404/30 1267/2405/30 1317/2406/30 1313/2407/30
f 1280/2408/17 1278/2409/17 1228/2410/17 1230/2411/17
f 1277/2412/39 1227/2413/39 1228/2414/39 1278/2415/39
f 1292/2416/17 1290/2417/17 1240/2418/17 1242/2419/17
f 1221/2420/12 1223/2421/12 1222/2422/12
f 1224/2423/10 1226/2424/10 1225/2425/10
f 1227/2413/11 1229/2426/11 1228/2414/11
f 1230/2427/9 1232/2428/9 1231/2429/9
f 1233/2430/45 1235/2431/45 1234/2432/45
f 1236/2433/44 1238/2434/44 1237/2435/44
f 1239/2436/43 1241/2437/43 1240/2438/43
f 1242/2439/42 1244/2440/42 1243/2441/42
f 1225/2442/2 1222/2443/2 1272/2444/2 1275/2445/2
f 1267/2405/26 1269/2446/26 1229/2426/26 1227/2413/26
f 1230/2427/38 1231/2429/38 1281/2447/38 1280/2448/38
f 1265/2449/25 1266/2450/25 1226/2424/25 1224/2423/25
f 1221/2451/24 1222/2452/24 1225/2453/24 1226/2454/24
f 1232/2455/46 1230/2456/46 1228/2457/46 1229/2458/46
f 1237/2459/2 1234/2460/2 1284/2461/2 1287/2462/2
f 1242/2439/38 1243/2441/38 1293/2463/38 1292/2464/38
f 1256/2465/51 1260/2466/51 1238/2434/51 1236/2433/51
f 1233/2467/50 1234/2468/50 1237/2469/50 1238/2470/50
f 1244/2471/49 1242/2472/49 1240/2473/49 1241/2474/49
f 1243/2441/51 1244/2440/51 1246/2475/51 1245/2476/51
f 1289/2477/39 1239/2436/39 1240/2438/39 1290/2478/39
f 1243/2441/1 1245/2476/1 1295/2479/1 1293/2463/1
f 1239/2436/48 1259/2480/48 1251/2481/48 1241/2437/48
f 1245/2476/282 1247/2482/282 1297/2483/282 1295/2479/282
f 1247/2482/283 1249/2484/283 1299/2485/283 1297/2483/283
f 1235/2431/30 1257/2486/30 1307/2487/30 1285/2488/30
f 1257/2486/30 1258/2489/30 1308/2490/30 1307/2487/30
f 1253/2491/57 1233/2492/57 1238/2493/57 1260/2494/57 1261/2495/57 1262/2496/57 1250/2497/57 1248/2498/57 1246/2499/57 1244/2500/57 1241/2501/57 1251/2502/57 1252/2503/57
f 1235/2431/48 1233/2430/48 1253/2504/48 1257/2486/48
f 1257/2486/48 1253/2504/48 1252/2505/48 1258/2489/48
f 1258/2489/48 1252/2505/48 1251/2481/48 1259/2480/48
f 1249/2484/51 1250/2506/51 1262/2507/51 1254/2508/51
f 1258/2489/30 1259/2480/30 1309/2509/30 1308/2490/30
f 1249/2484/1 1254/2508/296 1304/2510/296 1299/2485/1
f 1254/2508/296 1255/2511/281 1305/2512/281 1304/2510/296
f 1286/2513/4 1236/2514/4 1237/2515/4 1287/2462/4
f 1234/2432/19 1235/2431/19 1285/2488/19 1284/2516/19
f 1256/2465/274 1236/2433/1 1286/2517/1 1306/2518/274
f 1274/2519/4 1224/2423/4 1225/2425/4 1275/2520/4
f 1222/2422/19 1223/2421/19 1273/2521/19 1272/2522/19
f 1231/2429/1 1270/2523/1 1320/2524/1 1281/2447/1
f 1264/2525/57 1221/2451/57 1226/2454/57 1266/2526/57 1268/2527/57 1232/2455/57 1229/2458/57 1269/2528/57
f 1267/2405/30 1227/2413/30 1277/2412/30 1317/2406/30
f 1265/2449/1 1224/2423/1 1274/2519/1 1315/2529/1
f 1223/2421/30 1263/2404/30 1313/2407/30 1273/2521/30
f 1270/2523/1 1265/2449/1 1315/2529/1 1320/2524/1
f 1271/2530/8 1272/2444/8 1273/2531/8
f 1274/2532/7 1275/2533/7 1276/2534/7
f 1277/2535/6 1278/2536/6 1279/2537/6
f 1280/2408/5 1281/2538/5 1282/2539/5
f 1283/2540/16 1284/2541/16 1285/2542/16
f 1286/2513/15 1287/2543/15 1288/2544/15
f 1289/2477/14 1290/2478/14 1291/2545/14
f 1292/2416/13 1293/2546/13 1294/2547/13
f 1317/2406/20 1277/2412/20 1279/2548/20 1319/2549/20
f 1315/2550/18 1274/2551/18 1276/2534/18 1316/2552/18
f 1271/2530/22 1276/2553/22 1275/2445/22 1272/2444/22
f 1282/2554/21 1279/2555/21 1278/2556/21 1280/2557/21
f 1306/2558/31 1286/2559/31 1288/2544/31 1310/2560/31
f 1283/2540/29 1288/2561/29 1287/2562/29 1284/2541/29
f 1294/2563/28 1291/2564/28 1290/2565/28 1292/2566/28
f 1293/2567/31 1295/2568/31 1296/2569/31 1294/2570/31
f 1291/2545/27 1301/2571/27 1309/2509/27 1289/2477/27
f 1289/2477/30 1309/2509/30 1259/2480/30 1239/2436/30
f 1303/2572/35 1302/2573/35 1301/2574/35 1291/2564/35 1294/2563/35 1296/2575/35 1298/2576/35 1300/2577/35 1312/2578/35 1311/2579/35 1310/2580/35 1288/2581/35 1283/2582/35
f 1285/2488/27 1307/2487/27 1303/2583/27 1283/2584/27
f 1307/2487/27 1308/2490/27 1302/2585/27 1303/2583/27
f 1308/2490/27 1309/2509/27 1301/2571/27 1302/2585/27
f 1299/2586/31 1304/2587/31 1312/2588/31 1300/2589/31
f 1314/2590/35 1319/2591/35 1279/2592/35 1282/2593/35 1318/2594/35 1316/2595/35 1276/2596/35 1271/2597/35
f 1255/2511/275 1256/2465/274 1306/2518/274 1305/2512/275
f 1333/2598/297 1337/2599/298 1357/2600/298 1353/2601/297
f 1350/2602/299 1348/2603/299 1328/2604/299 1330/2605/299
f 1347/2606/300 1327/2607/300 1328/2608/300 1348/2609/300
f 1321/2610/301 1323/2611/301 1322/2612/301
f 1324/2613/302 1326/2614/302 1325/2615/302
f 1327/2607/303 1329/2616/303 1328/2608/303
f 1330/2617/304 1332/2618/304 1331/2619/304
f 1325/2620/305 1322/2621/305 1342/2622/305 1345/2623/305
f 1337/2624/306 1339/2625/306 1329/2616/306 1327/2607/306
f 1330/2617/307 1331/2619/307 1351/2626/307 1350/2627/307
f 1335/2628/308 1336/2629/308 1326/2614/308 1324/2613/308
f 1321/2630/309 1322/2621/309 1325/2620/309 1326/2631/309
f 1332/2632/310 1330/2605/310 1328/2604/310 1329/2633/310
f 1344/2634/311 1324/2635/311 1325/2620/311 1345/2623/311
f 1322/2621/312 1323/2636/312 1343/2637/312 1342/2622/312
f 1331/2638/313 1340/2639/313 1360/2640/313 1351/2641/313
f 1334/2642/35 1321/2643/35 1326/2614/35 1336/2629/35 1338/2644/35 1332/2618/35 1329/2645/35 1339/2646/35
f 1337/2647/298 1327/2648/314 1347/2649/314 1357/2650/298
f 1335/2628/313 1324/2613/313 1344/2651/313 1355/2652/313
f 1323/2653/315 1333/2654/315 1353/2655/315 1343/2656/315
f 1340/2657/313 1335/2658/313 1355/2659/313 1360/2660/313
f 1341/2661/316 1342/2622/316 1343/2637/316
f 1344/2634/317 1345/2623/317 1346/2662/317
f 1347/2606/318 1348/2609/318 1349/2663/318
f 1350/2627/319 1351/2626/319 1352/2664/319
f 1357/2665/320 1347/2666/320 1349/2667/320 1359/2668/320
f 1355/2669/321 1344/2670/321 1346/2671/321 1356/2672/321
f 1341/2661/322 1346/2662/322 1345/2623/322 1342/2622/322
f 1352/2673/323 1349/2674/323 1348/2603/323 1350/2602/323
f 1354/2675/57 1359/2668/57 1349/2667/57 1352/2676/57 1358/2677/57 1356/2672/57 1346/2671/57 1341/2678/57
f 1373/2679/324 1377/2680/324 1397/2681/324 1393/2682/324
f 1390/2683/325 1388/2684/325 1368/2685/325 1370/2686/325
f 1387/2687/326 1367/2688/326 1368/2689/326 1388/2690/326
f 1361/2691/327 1363/2692/327 1362/2693/327
f 1364/2694/328 1366/2695/328 1365/2696/328
f 1367/2688/329 1369/2697/329 1368/2689/329
f 1370/2698/330 1372/2699/330 1371/2700/330
f 1365/2701/331 1362/2693/331 1382/2702/331 1385/2703/331
f 1377/2704/332 1379/2705/332 1369/2697/332 1367/2688/332
f 1370/2686/333 1371/2706/333 1391/2707/333 1390/2683/333
f 1375/2708/334 1376/2709/334 1366/2695/334 1364/2694/334
f 1361/2691/335 1362/2693/335 1365/2701/335 1366/2710/335
f 1372/2711/336 1370/2686/336 1368/2685/336 1369/2712/336
f 1384/2713/337 1364/2694/337 1365/2696/337 1385/2714/337
f 1362/2693/338 1363/2692/338 1383/2715/338 1382/2702/338
f 1371/2716/339 1380/2717/339 1400/2718/339 1391/2719/339
f 1374/2720/35 1361/2721/35 1366/2695/35 1376/2709/35 1378/2722/35 1372/2699/35 1369/2723/35 1379/2724/35
f 1377/2704/340 1367/2688/340 1387/2687/340 1397/2725/340
f 1375/2726/341 1364/2727/341 1384/2728/341 1395/2729/341
f 1363/2730/342 1373/2731/342 1393/2732/342 1383/2733/342
f 1380/2734/343 1375/2735/343 1395/2736/343 1400/2737/343
f 1381/2738/344 1382/2702/344 1383/2715/344
f 1384/2713/345 1385/2714/345 1386/2739/345
f 1387/2687/346 1388/2690/346 1389/2740/346
f 1390/2683/347 1391/2707/347 1392/2741/347
f 1397/2742/348 1387/2743/348 1389/2744/348 1399/2745/348
f 1395/2746/349 1384/2747/349 1386/2748/349 1396/2749/349
f 1381/2738/350 1386/2750/350 1385/2703/350 1382/2702/350
f 1392/2741/351 1389/2751/351 1388/2684/351 1390/2683/351
f 1394/2752/57 1399/2745/57 1389/2744/57 1392/2753/57 1398/2754/57 1396/2749/57 1386/2748/57 1381/2755/57
f 1413/2756/352 1417/2757/353 1437/2758/353 1433/2759/352
f 1430/2760/354 1428/2761/354 1408/2762/354 1410/2763/354
f 1427/2764/355 1407/2765/355 1408/2766/355 1428/2767/355
f 1401/2768/356 1403/2769/356 1402/2770/356
f 1404/2771/357 1406/2772/357 1405/2773/357
f 1407/2765/358 1409/2774/358 1408/2766/358
f 1410/2763/359 1412/2775/359 1411/2776/359
f 1405/2777/360 1402/2770/360 1422/2778/360 1425/2779/360
f 1417/2780/361 1419/2781/361 1409/2774/361 1407/2765/361
f 1410/2763/362 1411/2776/362 1431/2782/362 1430/2760/362
f 2317/2783/363 2318/2784/363 1406/2772/363 1404/2771/363
f 1401/2785/364 1402/2786/364 1405/2773/364 1406/2772/364
f 1412/2775/365 1410/2763/365 1408/2762/365 1409/2787/365
f 1424/2788/366 1404/2771/366 1405/2773/366 1425/2789/366
f 1402/2770/367 1403/2769/367 1423/2790/367 1422/2778/367
f 1411/2791/368 1420/2792/368 1440/2793/368 1431/2794/368
f 1403/2795/369 1401/2796/369 1414/2797/369 1413/2798/369
f 1414/2799/35 1401/2785/35 1406/2772/35 2318/2784/35 1416/2800/35 1418/2801/35 1412/2802/35 1409/2803/35 1419/2804/35
f 1417/2805/353 1407/2806/370 1427/2807/370 1437/2808/353
f 2317/2783/371 1404/2771/371 1424/2788/371 2319/2809/371
f 1403/2769/372 1413/2810/372 1433/2811/372 1423/2790/372
f 1413/2798/373 1414/2797/373 1419/2781/373 1417/2780/373
f 1420/2812/374 1415/2813/374 1435/2814/374 1440/2815/374
f 1421/2816/375 1422/2778/375 1423/2790/375
f 1424/2788/376 1425/2789/376 1426/2817/376
f 1427/2764/377 1428/2767/377 1429/2818/377
f 1430/2760/378 1431/2782/378 1432/2819/378
f 1437/2820/379 1427/2821/379 1429/2822/379 1439/2823/379
f 2319/2824/380 1424/2825/380 1426/2826/380 2320/2827/380
f 1421/2816/381 1426/2828/381 1425/2779/381 1422/2778/381
f 1432/2819/382 1429/2829/382 1428/2761/382 1430/2760/382
f 1434/2830/57 1439/2831/57 1429/2832/57 1432/2833/57 1438/2834/57 1436/2835/57 2320/2827/57 1426/2826/57 1421/2836/57
f 1453/2837/383 1457/2838/383 1477/2839/383 1473/2840/383
f 2338/2841/384 1468/2842/384 1448/2843/384 2332/2844/384
f 1467/2845/385 1447/2846/385 1448/2843/385 1468/2842/385
f 1441/2847/386 1443/2848/386 1442/2849/386
f 1444/2850/387 1446/2851/387 1445/2852/387
f 1447/2846/388 1449/2853/388 1448/2843/388
f 1450/2854/389 1452/2855/389 1451/2856/389
f 1445/2852/390 1442/2857/390 1462/2858/390 1465/2859/390
f 1457/2860/391 1459/2861/391 1449/2862/391 1447/2863/391
f 1450/2854/392 1451/2856/392 1471/2864/392 1470/2865/392
f 1455/2866/393 1456/2867/393 1446/2851/393 1444/2850/393
f 1441/2868/394 1442/2857/394 1445/2852/394 1446/2851/394
f 2331/2869/395 2332/2844/395 1448/2843/395 1449/2853/395
f 1464/2870/396 1444/2850/396 1445/2852/396 1465/2859/396
f 1442/2849/397 1443/2848/397 1463/2871/397 1462/2872/397
f 1451/2873/398 1460/2874/398 1480/2875/398 1471/2876/398
f 1454/2877/35 1441/2868/35 1446/2851/35 1456/2867/35 1458/2878/35 1452/2879/35 2329/2880/35 2330/2881/35 2331/2882/35 1449/2883/35 1459/2884/35
f 1457/2860/399 1447/2863/399 1467/2885/399 1477/2886/399
f 1455/2887/400 1444/2888/400 1464/2889/400 1475/2890/400
f 1443/2891/401 1453/2892/401 1473/2893/401 1463/2894/401
f 1460/2895/402 1455/2896/402 1475/2897/402 1480/2898/402
f 1461/2899/403 1462/2872/403 1463/2871/403
f 1464/2900/404 1465/2901/404 1466/2902/404
f 1467/2885/405 1468/2903/405 1469/2904/405
f 1470/2865/406 1471/2864/406 1472/2905/406
f 1477/2886/407 1467/2885/407 1469/2904/407 1479/2906/407
f 1475/2907/408 1464/2900/408 1466/2902/408 1476/2908/408
f 1461/2909/409 1466/2910/409 1465/2911/409 1462/2912/409
f 2337/2913/410 1469/2914/410 1468/2915/410 2338/2916/410
f 1474/2917/57 1479/2918/57 1469/2914/57 2337/2913/57 2336/2919/57 2335/2920/57 1472/2921/57 1478/2922/57 1476/2923/57 1466/2910/57 1461/2909/57
f 1493/2924/411 1497/2925/411 1517/1298/411 1513/2926/411
f 1510/2927/412 1508/2928/412 1488/2929/412 1490/2930/412
f 1507/2931/413 1487/2932/413 1488/2933/413 1508/2934/413
f 1481/2935/414 1483/2936/414 1482/2937/414
f 1484/2938/415 1486/2939/415 1485/2940/415
f 1487/2941/416 1489/2942/416 1488/2929/416
f 1490/2943/417 1492/2944/417 1491/2945/417
f 1485/2940/418 1482/2937/418 1502/2946/418 1505/2947/418
f 2321/2948/419 2323/2949/419 1489/2950/419 1487/2951/419
f 1490/2943/420 1491/2945/420 1511/2952/420 1510/2953/420
f 1495/2954/421 1496/2955/421 1486/2956/421 1484/2957/421
f 1481/2935/422 1482/2937/422 1485/2940/422 1486/2939/422
f 1492/2958/423 1490/2930/423 1488/2929/423 1489/2942/423
f 1504/2959/424 1484/2960/424 1485/2961/424 1505/2962/424
f 1482/2963/425 1483/2964/425 1503/2965/425 1502/2966/425
f 2324/2967/426 1500/2968/426 1520/2969/426 2328/2970/426
f 1483/2971/427 1481/2972/427 1494/2973/427 1493/2974/427
f 1494/2975/35 1496/2976/35 1498/2977/35 1499/2978/35
f 2321/2979/428 1487/2980/429 1507/2981/429 2325/2982/430
f 1495/2983/431 1484/2984/431 1504/2985/431 1515/2986/431
f 1483/2987/432 1493/2988/432 1513/2989/432 1503/2990/432
f 1493/2974/433 1494/2973/433 1499/2991/433 1497/2992/433
f 1500/2993/434 1495/2994/434 1515/2995/434 1520/2996/434
f 1501/2997/435 1502/2966/435 1503/2965/435
f 1504/2959/436 1505/2962/436 1506/2998/436
f 1507/2931/437 1508/2934/437 1509/2999/437
f 1510/2953/438 1511/2952/438 1512/3000/438
f 2325/3001/439 1507/2931/439 1509/2999/439 2327/3002/439
f 1515/3003/440 1504/2959/440 1506/2998/440 1516/3004/440
f 1501/1367/441 1506/3005/441 1505/3006/441 1502/1368/441
f 1512/3007/442 1509/3008/442 1508/3009/442 1510/3010/442
f 1520/3011/443 1515/3003/443 1516/3004/443 1518/3012/443
f 2326/3013/57 2327/3014/57 1509/3008/57 1512/3007/57
f 2328/3015/444 1520/3016/444 1518/3017/444 2326/3013/444
f 1533/3018/17 1537/3019/17 1557/3020/17 1553/3021/17
f 1550/3022/30 1548/3023/30 1528/3024/30 1530/3025/30
f 1547/3026/245 1527/3027/245 1528/3024/245 1548/3023/245
f 1521/3028/237 1523/3029/237 1522/3030/237
f 1524/3031/238 1526/3032/238 1525/3033/238
f 1527/3034/235 1529/3035/235 1528/3036/235
f 1530/3037/236 1532/3038/236 1531/3039/236
f 1525/3040/1 1522/3041/1 1542/3042/1 1545/3043/1
f 1537/3019/239 1539/3044/239 1529/3035/239 1527/3034/239
f 1530/3025/244 1531/3045/244 1551/3046/244 1550/3022/244
f 1535/3047/241 1536/3048/241 1526/3032/241 1524/3031/241
f 1521/3049/243 1522/3041/243 1525/3040/243 1526/3050/243
f 1532/3051/242 1530/3025/242 1528/3024/242 1529/3052/242
f 1544/3053/240 1524/3054/240 1525/3040/240 1545/3043/240
f 1522/3041/234 1523/3055/234 1543/3056/234 1542/3042/234
f 1531/3039/2 1540/3057/2 1560/3058/2 1551/3059/2
f 1534/3060/35 1521/3028/35 1526/3061/35 1536/3062/35 1538/3063/35 1532/3064/35 1529/3035/35 1539/3044/35
f 1537/3019/17 1527/3034/17 1547/3065/17 1557/3020/17
f 1535/3047/2 1524/3031/2 1544/3066/2 1555/3067/2
f 1523/3029/17 1533/3018/17 1553/3021/17 1543/3068/17
f 1540/3057/2 1535/3047/2 1555/3067/2 1560/3058/2
f 1541/3069/248 1542/3042/248 1543/3056/248
f 1544/3053/249 1545/3043/249 1546/3070/249
f 1547/3026/246 1548/3023/246 1549/3071/246
f 1550/3022/247 1551/3046/247 1552/3072/247
f 1557/3073/250 1547/3074/250 1549/3075/250 1559/3076/250
f 1555/3077/251 1544/3078/251 1546/3079/251 1556/3080/251
f 1541/3069/25 1546/3070/25 1545/3043/25 1542/3042/25
f 1552/3072/26 1549/3071/26 1548/3023/26 1550/3022/26
f 1554/3081/57 1559/3076/57 1549/3075/57 1552/3082/57 1558/3083/57 1556/3080/57 1546/3079/57 1541/3084/57
f 1600/3085/1 1598/3086/1 1568/3087/1 1570/3088/1
f 1561/3089/254 1563/3090/254 1562/3091/254
f 1564/3092/255 1566/3093/255 1565/3094/255
f 1567/3095/252 1569/3096/252 1568/3087/252
f 1570/3088/253 1572/3097/253 1571/3098/253
f 1565/3094/30 1562/3091/30 1592/3099/30 1595/3100/30
f 1570/3088/240 1571/3098/240 1601/3101/240 1600/3085/240
f 1584/3102/256 1588/3103/256 1566/3104/256 1564/3105/256
f 1561/3089/258 1562/3091/258 1565/3094/258 1566/3093/258
f 1572/3097/257 1570/3088/257 1568/3087/257 1569/3096/257
f 1571/3106/256 1572/3107/256 1574/3108/256 1573/3109/256
f 1597/3110/234 1567/3095/234 1568/3087/234 1598/3086/234
f 1571/3106/2 1573/3109/2 1603/3111/2 1601/3112/2
f 1567/3113/259 1587/3114/259 1579/3115/259 1569/3116/259
f 1573/3109/445 1574/3108/445 1576/3117/445 1575/3118/445
f 1573/3109/446 1575/3118/446 1605/3119/446 1603/3111/446
f 1575/3118/447 1576/3117/447 1578/3120/447 1577/3121/447
f 1575/3118/448 1577/3121/448 1607/3122/448 1605/3119/448
f 1563/3123/17 1585/3124/17 1615/3125/17 1593/3126/17
f 1585/3127/17 1586/3128/17 1616/3129/17 1615/3130/17
f 1581/3131/57 1561/3132/57 1566/3133/57 1588/3134/57 1589/3135/57 1590/3136/57 1578/3137/57 1576/3138/57 1574/3139/57 1572/3140/57 1569/3141/57 1579/3142/57 1580/3143/57
f 1563/3144/259 1561/3145/259 1581/3146/259 1585/3147/259
f 1585/3147/259 1581/3146/259 1580/3148/259 1586/3149/259
f 1586/3149/259 1580/3148/259 1579/3115/259 1587/3114/259
f 1577/3121/256 1578/3120/256 1590/3150/256 1582/3151/256
f 1586/3152/17 1587/3153/17 1617/3154/17 1616/3155/17
f 1577/3121/2 1582/3151/449 1612/3156/450 1607/3122/2
f 1582/3151/449 1583/3157/451 1613/3158/451 1612/3156/450
f 1594/3159/244 1564/3092/244 1565/3094/244 1595/3100/244
f 1562/3091/245 1563/3090/245 1593/3160/245 1592/3099/245
f 1584/3102/262 1564/3105/2 1594/3161/2 1614/3162/262
f 1591/3163/267 1592/3099/267 1593/3160/267
f 1594/3159/268 1595/3100/268 1596/3164/268
f 1597/3110/265 1598/3086/265 1599/3165/265
f 1600/3085/266 1601/3101/266 1602/3166/266
f 1614/3162/269 1594/3161/269 1596/3167/269 1618/3168/269
f 1591/3163/27 1596/3164/27 1595/3100/27 1592/3099/27
f 1602/3166/31 1599/3165/31 1598/3086/31 1600/3085/31
f 1601/3112/269 1603/3111/269 1604/3169/269 1602/3170/269
f 1599/3171/270 1609/3172/270 1617/3154/270 1597/3173/270
f 1597/3174/17 1617/3175/17 1587/3114/17 1567/3113/17
f 1611/3176/35 1610/3177/35 1609/3178/35 1599/3179/35 1602/3180/35 1604/3181/35 1606/3182/35 1608/3183/35 1620/3184/35 1619/3185/35 1618/3186/35 1596/3187/35 1591/3188/35
f 1593/3189/270 1615/3190/270 1611/3176/270 1591/3188/270
f 1615/3190/270 1616/3191/270 1610/3177/270 1611/3176/270
f 1616/3191/270 1617/3192/270 1609/3178/270 1610/3177/270
f 1607/3193/269 1612/3194/269 1620/3195/269 1608/3196/269
f 1583/3157/263 1584/3102/262 1614/3162/262 1613/3158/263
f 1621/3197/1 1623/3198/1 1624/3199/1 1622/3200/1
f 1623/3201/57 1627/3202/57 1628/3203/57 1624/3204/57
f 1627/3205/30 1625/3206/30 1626/3207/30 1628/3208/30
f 1625/3209/35 1621/3210/35 1622/3211/35 1626/3212/35
f 1623/3213/17 1621/3214/17 1625/3215/17 1627/3216/17
f 1628/3217/2 1626/3218/2 1622/3219/2 1624/3220/2
f 2323/3221/35 2322/3222/35 1492/3223/35 1489/3224/35
f 1496/2976/35 1494/2975/35 1481/2935/35 1486/2939/35
f 1640/3225/18 1638/3226/18 1636/3227/18 1637/3228/18
f 1656/3229/30 2000/3230/30 2049/3231/452 1705/3232/452
f 1637/3233/35 1690/3234/35 1691/3235/35 1629/3236/35 1634/3237/35 1640/3238/35
f 1647/3239/1 1991/3240/1 2026/3241/1 1682/3242/1
f 1652/3243/453 1996/3244/453 2024/3245/453 1680/3246/453
f 1705/3232/452 2049/3231/452 2054/3247/454 1710/3248/454
f 2006/3249/17 2004/3250/17 1660/3251/17 1662/3252/17
f 1671/3253/30 2015/3254/30 2055/3255/30 1711/3256/30
f 1711/3256/30 2055/3255/30 2058/3257/30 1714/3258/30
f 1714/3258/30 2058/3257/30 2011/3259/30 1667/3260/30
f 2044/3261/2 2016/3262/2 1672/3263/2 1700/3264/2
f 1629/3265/8 1631/3266/8 1630/3267/8
f 1632/3268/6 1634/3269/6 1633/3270/6
f 1638/3271/5 1640/3238/5 1639/3272/5
f 1647/3239/5 1649/3273/5 1648/3274/5
f 1650/3275/455 1652/3276/455 1651/3277/455
f 1653/3278/7 1655/3279/7 1654/3280/7
f 1656/3281/8 1658/3282/8 1657/3283/8
f 1659/3284/5 1661/3285/5 1660/3286/5
f 1662/3252/6 1664/3287/6 1663/3288/6
f 1665/3289/456 1667/3290/456 1666/3291/456
f 1668/3292/457 1670/3293/457 1669/3294/457
f 1671/3295/458 1673/3296/458 1672/3297/458
f 1674/3298/459 1676/3299/459 1675/3300/459
f 1982/3301/1 1980/3302/1 1636/3303/1 1638/3304/1
f 1630/3305/30 1974/3306/30 1977/3307/30 1633/3308/30
f 1639/3309/38 1983/3310/38 1982/3311/38 1638/3304/38
f 1631/3312/19 1975/3313/19 1974/3314/19 1630/3315/19
f 1629/3316/20 1630/3317/20 1633/3318/20 1634/3319/20
f 2022/3320/2 1990/3321/2 1646/3322/2 1678/3323/2
f 1677/3324/460 1678/3323/460 1646/3322/460 1644/3325/460
f 1991/3326/38 1647/3327/38 1648/3274/38 1992/3328/38
f 1679/3329/461 1680/3330/461 1648/3274/461 1649/3331/461
f 1682/3332/18 1683/3333/18 1649/3334/18 1647/3335/18
f 1655/3336/4 1999/3337/4 1998/3338/4 1654/3339/4
f 1707/3340/18 1709/3341/18 1661/3342/18 1659/3343/18
f 2000/3230/19 1656/3229/19 1657/3344/19 2001/3345/19
f 1705/3232/20 1706/3346/20 1658/3347/20 1656/3229/20
f 1653/3278/22 1654/3280/22 1657/3283/22 1658/3282/22
f 1664/3287/21 1662/3252/21 1660/3251/21 1661/3348/21
f 1666/3349/462 2010/3350/462 2040/3351/462 1696/3352/462
f 1675/3353/4 2019/3354/4 2018/3355/4 1674/3356/4
f 1675/3357/463 1676/3358/463 1670/3359/463 1668/3360/463
f 2015/3254/19 1671/3253/19 1672/3361/19 2016/3362/19
f 1699/3363/464 1700/3364/464 1672/3297/464 1673/3296/464
f 1979/3365/4 1635/3366/4 1636/3367/4 1980/3368/4
f 1651/3369/465 1652/3276/465 1680/3370/465 1679/3371/465
f 1642/3372/466 1643/3373/466 1678/3323/466 1677/3324/466
f 1987/3374/2 2022/3320/2 1678/3323/2 1643/3373/2
f 1650/3375/467 1651/3376/467 1688/3377/467 1685/3378/467
f 1679/3379/468 1649/3380/468 1683/3381/468 1684/3382/468 1642/3383/468 1677/3384/468 1644/3385/468 1687/3386/468 1688/3387/468 1651/3388/468
f 1680/3389/469 2024/3390/469 1992/3391/469 1648/3392/469
f 1686/3393/470 2030/3394/470 2029/3395/470 1685/3378/470
f 1685/3378/471 2029/3395/471 1994/3396/471 1650/3375/471
f 1682/3332/472 2026/3397/472 2025/3398/472 1681/3399/472
f 1635/3400/473 1979/3401/473 2033/3402/474 1689/3403/474
f 1631/3266/22 1629/3265/22 1691/3404/22 1692/3405/22
f 1639/3272/21 1640/3238/21 1634/3237/21 1632/3406/21
f 1689/3403/474 2033/3402/474 2036/3407/475 1692/3405/475
f 1676/3299/476 1674/3298/476 1702/3408/476 1697/3409/476
f 1695/3410/17 2039/3411/17 2013/3412/17 1669/3413/17
f 1670/3293/477 1676/3414/477 1697/3415/477 1698/3416/477 1699/3417/477 1673/3418/477 1712/3419/477 1713/3420/477 1665/3289/477 1693/3421/477 1694/3422/477
f 1710/3248/478 1708/3423/478 1706/3346/478 1705/3232/478
f 1655/3336/479 1653/3424/479 1704/3425/479 1703/3426/479
f 1703/3426/480 2047/3427/480 1999/3337/480 1655/3336/480
f 1710/3248/454 2054/3247/454 2007/3428/481 1663/3429/481
f 1704/3430/35 1653/3431/35 1658/3432/35 1706/3433/35 1708/3434/35 1664/3287/35 1661/3348/35 1709/3435/35
f 1707/3340/482 2051/3436/482 2047/3437/482 1703/3438/482
f 1663/3429/483 1664/3439/483 1708/3423/483 1710/3248/483
f 1703/3440/484 1704/3441/484 1709/3442/484 1707/3443/484
f 1692/3405/475 2036/3407/475 1975/3444/2 1631/3266/2
f 2045/3445/485 2044/3446/485 1700/3447/485 1701/3448/485
f 2003/3449/38 1659/3450/38 1660/3286/38 2004/3451/38
f 1659/3284/1 2003/3452/1 2051/3453/1 1707/3443/1
f 1976/3454/39 1632/3455/39 1633/3270/39 1977/3456/39
f 1632/3268/17 1976/3457/17 1983/3458/17 1639/3459/17
f 1681/3399/486 2025/3398/486 1985/3460/486 1641/3461/486
f 1650/3275/39 1994/3462/39 1996/3463/39 1652/3464/39
f 1989/3465/19 1645/3466/19 1646/3467/19 1990/3468/19
f 1641/3461/4 1985/3460/4 1987/3469/4 1643/3470/4
f 1645/3466/30 1989/3465/30 2030/3394/30 1686/3393/30
f 2046/3471/487 2045/3472/487 1701/3473/487 1702/3474/487
f 2018/3475/2 2046/3476/2 1702/3477/2 1674/3356/2
f 1696/3478/488 2040/3479/488 2039/3480/488 1695/3481/488
f 2012/3482/38 1668/3483/38 1669/3484/38 2013/3485/38
f 1667/3260/39 2011/3259/39 2010/3486/39 1666/3487/39
f 1668/3360/1 2012/3488/1 2019/3489/1 1675/3357/1
f 1694/3422/489 1695/3490/489 1669/3294/489 1670/3293/489
f 1730/3491/490 2074/3492/490 2061/3493/30 1717/3494/30
f 1654/3280/2 1998/3495/2 2001/3496/2 1657/3283/2
f 1667/3260/491 1665/3497/491 1713/3498/491 1714/3258/491
f 1723/3499/35 1728/3500/35 1729/3501/35 1715/3502/35 1720/3503/35 1726/3504/35 1734/3505/35 1731/3506/35
f 1715/3502/6 1717/3507/6 1716/3508/6
f 1718/3509/5 1720/3503/5 1719/3510/5
f 1724/3511/7 1726/3512/7 1725/3513/7
f 2068/3514/2 2077/3515/2 1733/3516/2 1724/3511/2
f 1716/3508/17 2060/3517/17 2063/3518/17 1719/3510/17
f 1725/3519/4 2069/3520/4 2068/3521/4 1724/3522/4
f 1717/3494/39 2061/3493/39 2060/3523/39 1716/3524/39
f 1715/3502/21 1716/3508/21 1719/3510/21 1720/3503/21
f 2065/3525/19 1721/3526/19 1722/3527/19 2066/3528/19
f 1721/3526/492 2065/3525/492 2071/3529/493 1727/3530/493
f 1717/3494/20 1715/3531/20 1729/3532/20 1730/3491/20
f 1725/3519/18 1726/3533/18 1720/3534/18 1718/3535/18
f 1727/3530/493 2071/3529/493 2074/3492/490 1730/3491/490
f 2062/3536/38 1718/3537/38 1719/3538/38 2063/3539/38
f 1718/3535/1 2062/3540/1 2069/3520/1 1725/3519/1
f 2077/3515/2 2076/3541/2 1732/3542/2 1733/3516/2
f 1750/3543/475 2094/3544/475 2081/3545/2 1737/3546/2
f 1726/3512/22 1724/3511/22 1733/3516/22 1734/3547/22
f 2076/3541/2 2066/3548/2 1722/3549/2 1732/3542/2
f 1746/3550/18 1744/3551/18 1742/3552/18 1743/3553/18
f 1743/3554/35 1748/3555/35 1749/3556/35 1735/3557/35 1740/3558/35 1746/3559/35
f 1735/3560/8 1737/3546/8 1736/3561/8
f 1738/3562/6 1740/3563/6 1739/3564/6
f 1744/3565/5 1746/3566/5 1745/3567/5
f 2088/3568/1 2086/3569/1 1742/3570/1 1744/3571/1
f 1736/3572/30 2080/3573/30 2083/3574/30 1739/3575/30
f 1745/3576/38 2089/3577/38 2088/3578/38 1744/3571/38
f 1737/3579/19 2081/3580/19 2080/3581/19 1736/3582/19
f 1735/3583/20 1736/3584/20 1739/3585/20 1740/3586/20
f 2085/3587/4 1741/3588/4 1742/3589/4 2086/3590/4
f 1741/3591/473 2085/3592/473 2091/3593/474 1747/3594/474
f 1737/3546/22 1735/3560/22 1749/3595/22 1750/3543/22
f 1745/3576/21 1746/3566/21 1740/3596/21 1738/3597/21
f 1747/3594/474 2091/3593/474 2094/3544/475 1750/3543/475
f 2082/3598/39 1738/3599/39 1739/3564/39 2083/3600/39
f 1738/3562/17 2082/3601/17 2089/3602/17 1745/3603/17
f 1780/3604/494 2124/3605/494 2099/3606/495 1755/3607/495
f 1752/3608/30 2096/3609/30 2110/3610/496 1766/3611/496
f 2108/3612/497 2102/3613/497 1758/3614/497 1764/3615/497
f 1760/3616/18 1761/3617/18 1767/3618/18 1769/3619/18
f 1751/3620/8 1753/3621/8 1752/3622/8
f 1754/3623/498 1756/3624/498 1755/3625/498
f 1760/3616/499 1762/3626/499 1761/3627/499
f 1773/3628/500 1774/3629/500 1756/3630/500 1754/3631/500
f 1754/3623/17 2098/3632/17 2117/3633/17 1773/3634/17
f 1753/3635/19 2097/3636/19 2096/3637/19 1752/3638/19
f 1763/3639/501 1764/3640/501 1758/3614/501 1759/3641/501
f 1779/3642/502 1780/3643/502 1755/3644/502 1756/3645/502
f 1762/3646/503 2106/3647/503 2105/3648/503 1761/3649/503
f 2101/3650/504 1757/3651/504 1758/3614/504 2102/3652/504
f 2098/3653/505 1754/3654/505 1755/3625/505 2099/3655/505
f 1751/3656/20 1752/3657/20 1766/3658/20 1765/3659/20
f 1769/3660/506 1767/3661/506 1764/3662/506 1763/3663/506
f 2111/3664/507 2108/3665/507 1764/3662/507 1767/3666/507
f 1766/3667/496 2110/3668/496 2114/3669/508 1770/3670/508
f 1778/3671/509 1776/3672/509 1774/3673/509 1773/3634/509
f 1753/3621/22 1751/3620/22 1772/3674/22 1771/3675/22
f 2105/3676/1 2111/3677/1 1767/3618/1 1761/3649/1
f 1773/3628/17 2117/3678/17 2122/3679/17 1778/3680/17
f 1771/3681/2 2115/3682/2 2097/3683/2 1753/3684/2
f 1762/3646/510 1760/3685/510 1776/3686/510 1778/3680/510
f 1756/3687/35 1774/3688/35 1776/3689/35 1760/3690/35 1769/3691/35 1763/3692/35 1759/3693/35 1777/3694/35 1772/3695/35 1751/3696/35 1765/3697/35 1768/3698/35 1779/3699/35
f 1778/3671/17 2122/3700/17 2106/3701/17 1762/3702/17
f 1775/3703/511 2119/3704/511 2115/3705/511 1771/3706/511
f 1770/3707/508 2114/3708/508 2124/3709/494 1780/3710/494
f 1757/3711/512 2101/3712/512 2119/3713/512 1775/3714/512
f 1832/3715/38 2176/3716/38 2177/3717/38 1833/3718/38
f 1810/3719/20 1807/3720/20 1806/3721/20 1808/3722/20
f 1875/3723/513 2219/3724/513 2170/3725/1 1826/3726/1
f 1807/3727/35 1810/3728/35 1804/3729/35 1799/3730/35 1861/3731/35 1860/3732/35
f 1852/3733/30 2196/3734/30 2161/3735/30 1817/3736/30
f 1850/3737/514 2194/3738/514 2166/3739/514 1822/3740/514
f 1880/3741/515 2224/3742/515 2219/3724/513 1875/3723/513
f 2176/3743/17 1832/3744/17 1830/3745/17 2174/3746/17
f 1881/3747/1 2225/3748/1 2185/3749/1 1841/3750/1
f 1884/3751/1 2228/3752/1 2225/3748/1 1881/3747/1
f 1837/3753/1 2181/3754/1 2228/3752/1 1884/3751/1
f 2214/3755/2 1870/3756/2 1842/3757/2 2186/3758/2
f 1799/3759/7 1800/3760/7 1801/3761/7
f 1802/3762/5 1803/3763/5 1804/3729/5
f 1808/3764/6 1809/3765/6 1810/3728/6
f 1817/3766/6 1818/3767/6 1819/3768/6
f 1820/3769/516 1821/3770/516 1822/3771/516
f 1823/3772/517 1824/3773/517 1825/3774/517
f 1826/3775/518 1827/3776/518 1828/3777/518
f 1829/3778/519 1830/3779/519 1831/3780/519
f 1832/3781/520 1833/3782/520 1834/3783/520
f 1835/3784/521 1836/3785/521 1837/3786/521
f 1838/3787/522 1839/3788/522 1840/3789/522
f 1841/3790/523 1842/3791/523 1843/3792/523
f 1844/3793/524 1845/3794/524 1846/3795/524
f 2152/3796/30 1808/3797/30 1806/3798/30 2150/3799/30
f 1803/3800/1 2147/3801/1 2144/3802/1 1800/3803/1
f 1808/3804/39 2152/3805/39 2153/3806/39 1809/3807/39
f 1800/3808/4 2144/3809/4 2145/3810/4 1801/3811/4
f 1799/3812/18 1804/3813/18 1803/3814/18 1800/3815/18
f 2192/3816/2 1848/3817/2 1816/3818/2 2160/3819/2
f 1847/3820/525 1814/3821/525 1816/3818/525 1848/3817/525
f 2161/3822/39 2162/3823/39 1818/3824/39 1817/3825/39
f 1849/3826/526 1819/3827/526 1818/3824/526 1850/3828/526
f 1852/3733/20 1817/3736/20 1819/3829/20 1853/3830/20
f 1824/3831/19 2168/3832/19 2169/3833/19 1825/3834/19
f 1877/3835/527 1829/3836/527 1831/3780/527 1879/3837/527
f 2170/3725/4 2171/3838/4 1827/3839/4 1826/3726/4
f 1875/3723/528 1826/3726/528 1828/3840/528 1876/3841/528
f 1823/3842/529 1828/3777/529 1827/3776/529 1824/3843/529
f 1834/3844/530 1831/3845/530 1830/3745/530 1832/3846/530
f 1866/3847/531 2210/3848/531 2180/3849/531 1836/3785/531
f 1844/3793/19 2188/3850/19 2189/3851/19 1845/3852/19
f 1845/3853/532 1838/3854/532 1840/3855/532 1846/3856/532
f 2185/3749/4 2186/3857/4 1842/3858/4 1841/3750/4
f 1869/3859/533 1843/3792/533 1842/3791/533 1870/3860/533
f 2149/3861/19 2150/3862/19 1806/3863/19 1805/3864/19
f 1821/3865/534 1849/3866/534 1850/3867/534 1822/3740/534
f 1812/3868/535 1847/3820/535 1848/3817/535 1813/3869/535
f 2157/3870/2 1813/3869/2 1848/3817/2 2192/3816/2
f 1820/3871/536 1855/3872/536 1858/3873/536 1821/3874/536
f 1849/3875/537 1821/3876/537 1858/3877/537 1857/3878/537 1814/3879/537 1847/3880/537 1812/3881/537 1854/3882/537 1853/3883/537 1819/3884/537
f 1818/3885/538 2162/3823/538 2194/3886/538 1850/3828/538
f 1855/3872/539 2199/3887/539 2200/3888/539 1856/3889/539
f 1820/3871/540 2164/3890/540 2199/3887/540 1855/3872/540
f 1851/3891/541 2195/3892/541 2196/3734/541 1852/3733/541
f 1859/3893/542 2203/3894/542 2149/3895/543 1805/3896/543
f 1801/3761/22 1862/3897/22 1861/3898/22 1799/3759/22
f 1809/3765/21 1802/3762/21 1804/3729/21 1810/3728/21
f 1862/3897/544 2206/3899/544 2203/3894/542 1859/3893/542
f 1846/3900/545 1867/3901/545 1872/3902/545 1844/3903/545
f 1839/3904/17 2183/3905/17 2209/3906/17 1865/3907/17
f 1840/3789/546 1864/3908/546 1863/3909/546 1835/3784/546 1883/3910/546 1882/3911/546 1843/3912/546 1869/3913/546 1868/3914/546 1867/3915/546 1846/3916/546
f 1880/3741/547 1875/3723/547 1876/3841/547 1878/3917/547
f 1825/3918/548 1873/3919/548 1874/3920/548 1823/3921/548
f 1825/3918/549 2169/3922/549 2217/3923/549 1873/3924/549
f 1833/3718/550 2177/3717/550 2224/3742/515 1880/3741/515
f 1874/3925/35 1879/3926/35 1831/3927/35 1834/3928/35 1878/3929/35 1876/3930/35 1828/3931/35 1823/3932/35
f 1873/3933/551 2217/3934/551 2221/3935/551 1877/3936/551
f 1833/3718/552 1880/3741/552 1878/3917/552 1834/3937/552
f 1873/3933/553 1877/3938/553 1879/3939/553 1874/3940/553
f 1801/3761/2 2145/3941/2 2206/3899/544 1862/3897/544
f 2215/3942/487 1871/3943/487 1870/3944/487 2214/3945/487
f 2173/3946/39 2174/3947/39 1830/3745/39 1829/3948/39
f 1877/3835/30 2221/3949/30 2173/3950/30 1829/3948/30
f 2146/3951/38 2147/3801/38 1803/3952/38 1802/3953/38
f 1809/3954/17 2153/3955/17 2146/3956/17 1802/3953/17
f 1811/3957/554 2155/3958/554 2195/3892/554 1851/3891/554
f 1822/3959/38 2166/3960/38 2164/3961/38 1820/3962/38
f 2159/3963/4 2160/3964/4 1816/3965/4 1815/3966/4
f 1813/3967/19 2157/3968/19 2155/3958/19 1811/3957/19
f 1856/3889/1 2200/3888/1 2159/3963/1 1815/3966/1
f 2216/3969/485 1872/3970/485 1871/3971/485 2215/3972/485
f 2188/3973/2 1844/3974/2 1872/3975/2 2216/3976/2
f 1865/3977/555 2209/3978/555 2210/3848/555 1866/3847/555
f 2182/3979/39 2183/3905/39 1839/3980/39 1838/3981/39
f 1836/3982/38 2180/3983/38 2181/3754/38 1837/3753/38
f 1845/3984/30 2189/3985/30 2182/3986/30 1838/3981/30
f 1864/3908/556 1840/3789/556 1839/3788/556 1865/3977/556
f 1887/3987/1 2231/3988/1 2244/3989/557 1900/3990/557
f 1827/3991/2 2171/3992/2 2168/3993/2 1824/3994/2
f 1837/3753/558 1884/3751/558 1883/3995/558 1835/3996/558
f 1893/3997/35 1901/3998/35 1904/3999/35 1896/4000/35 1890/4001/35 1885/4002/35 1899/4003/35 1898/4004/35
f 1885/4002/5 1886/4005/5 1887/4006/5
f 1888/4007/6 1889/4008/6 1890/4001/6
f 1894/4009/8 1895/4010/8 1896/4011/8
f 2238/4012/2 1894/4009/2 1903/4013/2 2247/4014/2
f 1889/4008/17 2233/4015/17 2230/4016/17 1886/4005/17
f 1894/4017/19 2238/4018/19 2239/4019/19 1895/4020/19
f 1886/4021/38 2230/4022/38 2231/3988/38 1887/3987/38
f 1885/4002/21 1890/4001/21 1889/4008/21 1886/4005/21
f 2235/4023/4 2236/4024/4 1892/4025/4 1891/4026/4
f 1897/4027/559 2241/4028/559 2235/4023/560 1891/4026/560
f 1887/3987/18 1900/3990/18 1899/4029/18 1885/4030/18
f 1895/4020/20 1888/4031/20 1890/4032/20 1896/4033/20
f 1900/3990/557 2244/3989/557 2241/4028/559 1897/4027/559
f 2232/4034/39 2233/4035/39 1889/4036/39 1888/4031/39
f 1895/4020/30 2239/4019/30 2232/4034/30 1888/4031/30
f 2247/4014/2 1903/4013/2 1902/4037/2 2246/4038/2
f 1907/4039/2 2251/4040/2 2264/4041/544 1920/4042/544
f 1896/4011/22 1904/4043/22 1903/4013/22 1894/4009/22
f 2246/4038/2 1902/4037/2 1892/4044/2 2236/4045/2
f 1916/4046/20 1913/4047/20 1912/4048/20 1914/4049/20
f 1913/4050/35 1916/4051/35 1910/4052/35 1905/4053/35 1919/4054/35 1918/4055/35
f 1905/4056/7 1906/4057/7 1907/4039/7
f 1908/4058/5 1909/4059/5 1910/4060/5
f 1914/4061/6 1915/4062/6 1916/4063/6
f 2258/4064/30 1914/4065/30 1912/4066/30 2256/4067/30
f 1909/4068/1 2253/4069/1 2250/4070/1 1906/4071/1
f 1914/4061/39 2258/4072/39 2259/4073/39 1915/4074/39
f 1906/4075/4 2250/4076/4 2251/4077/4 1907/4078/4
f 1905/4079/18 1910/4080/18 1909/4081/18 1906/4082/18
f 2255/4083/19 2256/4084/19 1912/4085/19 1911/4086/19
f 1917/4087/542 2261/4088/542 2255/4089/543 1911/4090/543
f 1907/4039/22 1920/4042/22 1919/4091/22 1905/4056/22
f 1915/4092/21 1908/4093/21 1910/4060/21 1916/4094/21
f 1920/4042/544 2264/4041/544 2261/4088/542 1917/4087/542
f 2252/4095/38 2253/4069/38 1909/4096/38 1908/4097/38
f 1915/4092/17 2259/4098/17 2252/4099/17 1908/4097/17
f 1925/4100/561 2269/4101/561 2294/4102/562 1950/4103/562
f 1936/4104/563 2280/4105/563 2266/4106/1 1922/4107/1
f 2278/4108/564 1934/4109/564 1928/4110/564 2272/4111/564
f 1930/4112/20 1939/4113/20 1937/4114/20 1931/4115/20
f 1921/4116/7 1922/4117/7 1923/4118/7
f 1924/4119/565 1925/4120/565 1926/4121/565
f 1930/4112/566 1931/4122/566 1932/4123/566
f 1943/4124/500 1924/4125/500 1926/4121/500 1944/4126/500
f 1943/4124/17 2287/4127/17 2268/4128/17 1924/4129/17
f 1922/4130/4 2266/4131/4 2267/4132/4 1923/4133/4
f 1933/4134/567 1929/4135/567 1928/4136/567 1934/4137/567
f 1949/4138/568 1926/4139/568 1925/4100/568 1950/4103/568
f 1931/4140/505 2275/4141/505 2276/4142/505 1932/4143/505
f 2271/4144/569 2272/4145/569 1928/4110/569 1927/4146/569
f 2268/4147/503 2269/4148/503 1925/4149/503 1924/4129/503
f 1921/4150/18 1935/4151/18 1936/4104/18 1922/4107/18
f 1939/4152/570 1933/4153/570 1934/4154/570 1937/4155/570
f 2281/4156/571 1937/4157/571 1934/4154/571 2278/4158/571
f 1940/4159/572 2284/4160/572 2280/4105/563 1936/4104/563
f 1948/4161/573 1943/4162/573 1944/4163/573 1946/4164/573
f 1923/4165/22 1941/4166/22 1942/4167/22 1921/4168/22
f 2275/4169/30 1931/4122/30 1937/4114/30 2281/4170/30
f 1948/4161/17 2292/4171/17 2287/4172/17 1943/4173/17
f 1923/4174/2 2267/4175/2 2285/4176/2 1941/4177/2
f 1932/4178/574 1948/4179/574 1946/4180/574 1930/4181/574
f 1926/4182/35 1949/4183/35 1938/4184/35 1935/4185/35 1921/4186/35 1942/4187/35 1947/4188/35 1929/4189/35 1933/4190/35 1939/4191/35 1930/4192/35 1946/4193/35 1944/4194/35
f 1932/4178/17 2276/4195/17 2292/4196/17 1948/4197/17
f 1941/4198/575 2285/4199/575 2289/4200/575 1945/4201/575
f 1950/4103/562 2294/4102/562 2284/4160/572 1940/4159/572
f 1945/4202/576 2289/4203/576 2271/4204/576 1927/4146/576
f 1984/4205/25 1981/4206/25 1980/3368/25 1982/4207/25
f 1981/4208/57 1984/4209/57 1978/4210/57 1973/4211/57 2035/4212/57 2034/4213/57
f 1973/4214/12 1974/3314/12 1975/3313/12
f 1976/4215/11 1977/4216/11 1978/4217/11
f 1982/4207/9 1983/4218/9 1984/4205/9
f 1991/3326/9 1992/4219/9 1993/4220/9
f 1994/4221/577 1995/4222/577 1996/3463/577
f 1997/4223/10 1998/3338/10 1999/3337/10
f 2000/3230/12 2001/3345/12 2002/4224/12
f 2003/3449/9 2004/4225/9 2005/4226/9
f 2006/4227/11 2007/3428/11 2008/4228/11
f 2009/4229/578 2010/3486/578 2011/3259/578
f 2012/3488/579 2013/4230/579 2014/4231/579
f 2015/3254/580 2016/3362/580 2017/4232/580
f 2018/4233/581 2019/3489/581 2020/4234/581
f 1973/4214/26 1978/4217/26 1977/4216/26 1974/3314/26
f 2021/4235/582 1988/4236/582 1990/4237/582 2022/4238/582
f 2023/4239/583 1993/4240/583 1992/3391/583 2024/4241/583
f 2026/3397/25 1991/4242/25 1993/4243/25 2027/4244/25
f 2051/4245/25 2003/3452/25 2005/4226/25 2053/4246/25
f 2049/3231/26 2000/3230/26 2002/4224/26 2050/4247/26
f 1997/4248/24 2002/4249/24 2001/4250/24 1998/4251/24
f 2008/4252/46 2005/4253/46 2004/4254/46 2006/4255/46
f 2019/3489/584 2012/3488/584 2014/4231/584 2020/4234/584
f 2043/4256/585 2017/4257/585 2016/4258/585 2044/4259/585
f 1995/4260/586 2023/4261/586 2024/3245/586 1996/4262/586
f 1986/4263/587 2021/4235/587 2022/4238/587 1987/4264/587
f 1994/3396/588 2029/3395/588 2032/4265/588 1995/4266/588
f 2023/4267/589 1995/4268/589 2032/4269/589 2031/4270/589 1988/4236/589 2021/4235/589 1986/4263/589 2028/4271/589 2027/4272/589 1993/4273/589
f 1975/4274/24 2036/4275/24 2035/4212/24 1973/4211/24
f 1983/4276/46 1976/4277/46 1978/4210/46 1984/4209/46
f 2020/4278/590 2041/4279/590 2046/4280/590 2018/4281/590
f 2014/4282/591 2038/4283/591 2037/4284/591 2009/4285/591 2057/4286/591 2056/4287/591 2017/4257/591 2043/4256/591 2042/4288/591 2041/4279/591 2020/4278/591
f 2054/3247/592 2049/3231/592 2050/4247/592 2052/4289/592
f 1999/3337/593 2047/3427/593 2048/4290/593 1997/4223/593
f 2048/4291/57 2053/4292/57 2005/4253/57 2008/4252/57 2052/4293/57 2050/4294/57 2002/4249/57 1997/4248/57
f 2007/3428/594 2054/3247/594 2052/4289/594 2008/4228/594
f 2047/4295/595 2051/3436/595 2053/4296/595 2048/4297/595
f 2038/4283/596 2014/4282/596 2013/4298/596 2039/4299/596
f 2011/3259/597 2058/3257/597 2057/4300/597 2009/4229/597
f 2067/4301/57 2075/4302/57 2078/4303/57 2070/4304/57 2064/4305/57 2059/4306/57 2073/4307/57 2072/4308/57
f 2059/4309/11 2060/3523/11 2061/3493/11
f 2062/3540/9 2063/4310/9 2064/4311/9
f 2068/3521/10 2069/3520/10 2070/4312/10
f 2059/4306/46 2064/4305/46 2063/4313/46 2060/4314/46
f 2061/3493/26 2074/3492/26 2073/4315/26 2059/4309/26
f 2069/3520/25 2062/3540/25 2064/4311/25 2070/4312/25
f 2070/4304/24 2078/4303/24 2077/4316/24 2068/4317/24
f 2090/4318/25 2087/4319/25 2086/4320/25 2088/4321/25
f 2087/4322/57 2090/4323/57 2084/4324/57 2079/4325/57 2093/4326/57 2092/4327/57
f 2079/4328/12 2080/3581/12 2081/3580/12
f 2082/3598/11 2083/4329/11 2084/4330/11
f 2088/3568/9 2089/3577/9 2090/4331/9
f 2079/4328/26 2084/4332/26 2083/4333/26 2080/3581/26
f 2081/4334/24 2094/4335/24 2093/4326/24 2079/4325/24
f 2089/4336/46 2082/3601/46 2084/4330/46 2090/4337/46
f 2104/4338/25 2113/4339/25 2111/4340/25 2105/4341/25
f 2095/4342/12 2096/4343/12 2097/4344/12
f 2098/3653/598 2099/4345/598 2100/4346/598
f 2104/4338/599 2105/4347/599 2106/3701/599
f 2117/4348/600 2098/3632/600 2100/4346/600 2118/4349/600
f 2107/4350/601 2103/4351/601 2102/4352/601 2108/4353/601
f 2123/4354/602 2100/4355/602 2099/4356/602 2124/4357/602
f 2095/4342/26 2109/4358/26 2110/4359/26 2096/4343/26
f 2113/4360/603 2107/4361/603 2108/4362/603 2111/4363/603
f 2122/4364/604 2117/3678/604 2118/4365/604 2120/4366/604
f 2097/4367/24 2115/4368/24 2116/4369/24 2095/4370/24
f 2106/4371/605 2122/3700/605 2120/4372/605 2104/4373/605
f 2100/4374/57 2123/4375/57 2112/4376/57 2109/4377/57 2095/4370/57 2116/4369/57 2121/4378/57 2103/4379/57 2107/4380/57 2113/4381/57 2104/4382/57 2120/4383/57 2118/4384/57
f 2154/4385/26 2152/4386/26 2150/3862/26 2151/4387/26
f 2151/4388/57 2204/4389/57 2205/4390/57 2143/4391/57 2148/4392/57 2154/4393/57
f 2143/4394/10 2145/3810/10 2144/3809/10
f 2146/4395/9 2148/4396/9 2147/4397/9
f 2152/4386/11 2154/4385/11 2153/4398/11
f 2161/3822/11 2163/4399/11 2162/4400/11
f 2164/4401/606 2166/3960/606 2165/4402/606
f 2167/4403/607 2169/4404/607 2168/4405/607
f 2170/3725/608 2172/4406/608 2171/3838/608
f 2173/3946/609 2175/4407/609 2174/4408/609
f 2176/3716/610 2178/4409/610 2177/3717/610
f 2179/4410/611 2181/3754/611 2180/3983/611
f 2182/4411/612 2184/4412/612 2183/4413/612
f 2185/3749/613 2187/4414/613 2186/3857/613
f 2188/4415/614 2190/4416/614 2189/4417/614
f 2143/4394/25 2144/3809/25 2147/4397/25 2148/4396/25
f 2191/4418/615 2192/4419/615 2160/4420/615 2158/4421/615
f 2193/4422/616 2194/3738/616 2162/4400/616 2163/4423/616
f 2196/3734/26 2197/4424/26 2163/4425/26 2161/3735/26
f 2221/4426/617 2223/4427/617 2175/4428/617 2173/4429/617
f 2219/3724/618 2220/4430/618 2172/4406/618 2170/3725/618
f 2167/4431/619 2168/4432/619 2171/4433/619 2172/4434/619
f 2178/4435/620 2176/4436/620 2174/4408/620 2175/4437/620
f 2189/4417/621 2190/4416/621 2184/4412/621 2182/4411/621
f 2213/4438/622 2214/4439/622 2186/4440/622 2187/4441/622
f 2165/4442/623 2166/3960/623 2194/3886/623 2193/4443/623
f 2156/4444/624 2157/4445/624 2192/4419/624 2191/4418/624
f 2164/3890/625 2165/4446/625 2202/4447/625 2199/3887/625
f 2193/4448/626 2163/4449/626 2197/4450/626 2198/4451/626 2156/4444/626 2191/4418/626 2158/4421/626 2201/4452/626 2202/4453/626 2165/4454/626
f 2145/4455/24 2143/4391/24 2205/4390/24 2206/4456/24
f 2153/4457/46 2154/4393/46 2148/4392/46 2146/4458/46
f 2190/4459/627 2188/4460/627 2216/4461/627 2211/4462/627
f 2184/4463/628 2190/4459/628 2211/4462/628 2212/4464/628 2213/4438/628 2187/4441/628 2226/4465/628 2227/4466/628 2179/4467/628 2207/4468/628 2208/4469/628
f 2224/4470/629 2222/4471/629 2220/4472/629 2219/4473/629
f 2169/4474/630 2167/4475/630 2218/4476/630 2217/4477/630
f 2218/4478/57 2167/4431/57 2172/4434/57 2220/4472/57 2222/4471/57 2178/4479/57 2175/4480/57 2223/4481/57
f 2177/4482/631 2178/4479/631 2222/4471/631 2224/4470/631
f 2217/4483/632 2218/4484/632 2223/4485/632 2221/4486/632
f 2208/4469/633 2209/4487/633 2183/4488/633 2184/4463/633
f 2181/3754/634 2179/4410/634 2227/4489/634 2228/3752/634
f 2237/4490/57 2242/4491/57 2243/4492/57 2229/4493/57 2234/4494/57 2240/4495/57 2248/4496/57 2245/4497/57
f 2229/4498/9 2231/3988/9 2230/4022/9
f 2232/4034/11 2234/4499/11 2233/4035/11
f 2238/4018/12 2240/4500/12 2239/4019/12
f 2229/4493/46 2230/4501/46 2233/4502/46 2234/4494/46
f 2231/3988/25 2229/4498/25 2243/4503/25 2244/3989/25
f 2239/4019/26 2240/4500/26 2234/4499/26 2232/4034/26
f 2240/4495/24 2238/4504/24 2247/4505/24 2248/4496/24
f 2260/4506/26 2258/4507/26 2256/4084/26 2257/4508/26
f 2257/4509/57 2262/4510/57 2263/4511/57 2249/4512/57 2254/4513/57 2260/4514/57
f 2249/4515/10 2251/4077/10 2250/4076/10
f 2252/4095/9 2254/4516/9 2253/4517/9
f 2258/4064/11 2260/4518/11 2259/4073/11
f 2249/4519/25 2250/4520/25 2253/4517/25 2254/4521/25
f 2251/4522/24 2249/4512/24 2263/4511/24 2264/4523/24
f 2259/4524/46 2260/4518/46 2254/4525/46 2252/4526/46
f 2274/4527/26 2275/4141/26 2281/4528/26 2283/4529/26
f 2265/4530/10 2267/4531/10 2266/4106/10
f 2268/4147/599 2270/4532/599 2269/4533/599
f 2274/4527/598 2276/4195/598 2275/4534/598
f 2287/4535/600 2288/4536/600 2270/4537/600 2268/4538/600
f 2277/4539/635 2278/4540/635 2272/4541/635 2273/4542/635
f 2293/4543/636 2294/4102/636 2269/4101/636 2270/4544/636
f 2265/4530/25 2266/4106/25 2280/4105/25 2279/4545/25
f 2283/4546/637 2281/4547/637 2278/4548/637 2277/4549/637
f 2292/4550/638 2290/4551/638 2288/4552/638 2287/4553/638
f 2267/4554/24 2265/4555/24 2286/4556/24 2285/4557/24
f 2276/4558/639 2274/4559/639 2290/4560/639 2292/4561/639
f 2270/4562/57 2288/4563/57 2290/4564/57 2274/4565/57 2283/4566/57 2277/4567/57 2273/4568/57 2291/4569/57 2286/4556/57 2265/4555/57 2279/4570/57 2282/4571/57 2293/4572/57
f 1663/3429/39 2007/3428/39 2006/4227/39 1662/4573/39
f 1435/4574/640 2319/2824/640 2320/2827/640 1436/2835/640
f 1415/4575/371 2317/4576/371 2319/4577/371 1435/4578/371
f 1415/4579/641 1416/2800/641 2318/2784/641 2317/2783/641
f 1499/2978/35 1498/2977/35 2322/3222/35 2323/3221/35
f 1511/2952/642 2328/4580/642 2326/4581/642 1512/3000/642
f 1514/4582/57 1519/4583/57 1518/3017/57 1516/4584/57
f 1497/1347/643 2321/4585/428 2325/4586/430 1517/4587/643
f 1491/4588/426 2324/4589/426 2328/4590/426 1511/4591/426
f 1497/2992/644 1499/2991/644 2323/2949/644 2321/2948/644
f 1472/2921/645 2335/2920/645 2340/4592/645 1470/4593/645
f 2335/2920/646 2336/2919/646 2339/4594/646 2340/4592/646
f 2336/4595/647 2337/4596/647 2338/4597/647 2339/4598/647
f 1452/4599/648 1450/4600/648 2334/4601/648 2329/4602/648
f 2329/4602/649 2334/4601/649 2333/4603/649 2330/4604/649
f 2330/4604/650 2333/4603/650 2332/2844/650 2331/2869/650
f 1470/4605/384 2340/4606/384 2334/4601/384 1450/4600/384
f 2340/4606/651 2339/4607/651 2333/4603/651 2334/4601/651
f 2339/4598/652 2338/4597/652 2332/4608/652 2333/4609/652
f 1518/3017/57 1519/4583/57 2327/3014/57 2326/3013/57
f 1516/4584/57 1506/3005/57 1501/1367/57 1514/4582/57
f 519/4610/653 517/4611/653 2343/4612/653 2344/4613/653
f 499/4614/654 519/4615/654 2344/4616/108 2342/4617/108
g Arch_Cube.035_Wall_Medium
usemtl Wall_Medium
f 2138/4618/485 2137/4619/485 1793/4620/485 1794/4621/485
f 1795/4622/30 2139/4623/30 2142/4624/30 1798/4625/30
f 2137/4619/2 2129/4626/2 1785/4627/2 1793/4620/2
f 1781/4628/6 1783/4629/6 1782/4630/6
f 1784/4631/8 1786/4632/8 1785/4627/8
f 1782/4633/462 2126/4634/462 2134/4635/462 1790/4636/462
f 2128/4637/19 1784/4638/19 1785/4639/19 2129/4640/19
f 1792/4641/22 1793/4620/22 1785/4627/22 1786/4632/22
f 1789/4642/17 2133/4643/17 2298/4644/17 1954/4645/17
f 1955/4646/35 1959/4647/35 1791/4648/35 1792/4649/35 1786/4650/35 1796/4651/35 1797/4652/35 1781/4653/35 1787/4654/35 1788/4655/35
f 2312/4656/655 2138/4618/655 1794/4621/655 1968/4657/655
f 1790/4658/488 2134/4659/488 2133/4660/488 1789/4661/488
f 1783/4662/39 2127/4663/39 2126/4664/39 1782/4665/39
f 1798/4666/30 2142/4667/30 2127/4668/30 1783/4669/30
f 1788/4670/21 1789/4671/21 1954/4672/21 1955/4673/21
f 1784/4674/30 2128/4675/30 2139/4676/30 1795/4677/30
f 1783/4662/20 1781/4678/20 1797/4679/20 1798/4625/20
f 2311/4680/487 1967/4681/487 1966/4682/487 2310/4683/487
f 1972/4684/1 2316/4685/1 2313/4686/1 1969/4687/1
f 2310/4683/2 1966/4682/2 1957/4688/2 2301/4689/2
f 1951/4690/5 1952/4691/5 1953/4692/5
f 1956/4693/7 1957/4688/7 1958/4694/7
f 1963/4695/531 2307/4696/531 2296/4697/531 1952/4698/531
f 2300/4699/4 2301/4700/4 1957/4701/4 1956/4702/4
f 1965/4703/22 1958/4694/22 1957/4688/22 1966/4682/22
f 1954/4704/17 2298/4705/17 2306/4706/17 1962/4707/17
f 1955/4646/35 1961/4708/35 1960/4709/35 1951/4710/35 1971/4711/35 1970/4712/35 1958/4713/35 1965/4714/35 1964/4715/35 1959/4647/35
f 2312/4656/656 1968/4657/656 1967/4681/656 2311/4680/656
f 1962/4716/555 2306/4717/555 2307/4718/555 1963/4719/555
f 1952/4720/38 2296/4721/38 2297/4722/38 1953/4723/38
f 1953/4724/1 2297/4725/1 2316/4726/1 1972/4727/1
f 1961/4728/21 1955/4729/21 1954/4672/21 1962/4707/21
f 1969/4730/1 2313/4731/1 2300/4732/1 1956/4733/1
f 1953/4724/18 1972/4734/18 1971/4735/18 1951/4736/18
f 2125/4737/11 2126/4634/11 2127/4668/11
f 2128/4637/12 2129/4640/12 2130/4738/12
f 2136/4739/24 2130/4740/24 2129/4741/24 2137/4742/24
f 2299/4743/57 2132/4744/57 2131/4745/57 2125/4746/57 2141/4747/57 2140/4748/57 2130/4740/57 2136/4739/57 2135/4749/57 2303/4750/57
f 2132/4751/46 2299/4752/46 2298/4644/46 2133/4753/46
f 2127/4754/26 2142/4667/26 2141/4755/26 2125/4756/26
f 2295/4757/9 2297/4725/9 2296/4697/9
f 2300/4699/10 2302/4758/10 2301/4700/10
f 2309/4759/24 2310/4760/24 2301/4761/24 2302/4762/24
f 2299/4743/57 2303/4750/57 2308/4763/57 2309/4759/57 2302/4762/57 2314/4764/57 2315/4765/57 2295/4766/57 2304/4767/57 2305/4768/57
f 2305/4769/46 2306/4717/46 2298/4644/46 2299/4770/46
f 2297/4771/25 2295/4772/25 2315/4773/25 2316/4774/25
g Arch_Cube.035_Wall_Highlights
usemtl Wall_Highlights
f 37/98/657 39/110/657 40/4775/657 38/99/657
f 39/110/658 41/116/658 42/129/658 40/4775/658
f 52/263/659 45/4776/659 46/4777/659 54/4778/659
f 53/4779/660 47/4780/660 49/10/660 51/9/660
f 43/112/661 53/4779/661 51/9/661 44/18/661
f 50/4781/662 52/235/662 54/4782/662 48/4783/662
f 55/127/663 56/132/663 59/4784/663 60/128/663
f 56/132/664 57/91/664 58/94/664 59/4784/664
f 68/157/665 63/71/665 64/74/665 66/4785/665
f 3/155/666 61/1/666 62/4786/666 1/4787/666
f 11/70/667 68/157/667 66/4785/667 12/4788/667
f 61/1/668 65/4/668 67/66/668 62/4786/668
f 105/105/669 106/229/669 108/4789/669 107/109/669
f 107/109/670 108/4789/670 110/261/670 109/115/670
f 120/4790/671 122/4791/671 114/4792/671 113/237/671
f 121/249/672 119/168/672 117/177/672 115/166/672
f 111/233/673 112/169/673 119/168/673 121/249/673
f 118/4793/674 116/4794/674 122/4795/674 120/266/674
f 123/130/675 128/262/675 127/4796/675 124/131/675
f 124/131/676 127/4796/676 126/222/676 125/148/676
f 136/156/677 134/4797/677 132/207/677 131/165/677
f 71/4798/678 69/4799/678 130/4800/678 129/4801/678
f 79/69/679 80/186/679 134/4797/679 136/156/679
f 129/4802/680 130/4803/680 135/4804/680 133/4805/680
f 177/4806/681 143/4807/681 145/322/681 179/385/681
f 204/407/27 216/4808/27 208/366/27 203/330/27
f 167/350/682 168/352/682 162/4809/682 163/363/682
f 168/352/683 169/344/683 161/343/683 162/4809/683
f 164/345/684 165/368/684 171/4810/684 172/346/684
f 165/368/685 166/331/685 170/332/685 171/4810/685
f 173/4811/686 177/4806/686 179/385/686 174/384/686
f 208/366/687 216/4808/687 215/4812/687 209/367/687
f 209/367/688 215/4812/688 214/416/688 210/375/688
f 224/380/689 222/4813/689 220/412/689 219/388/689
f 183/4814/690 181/4815/690 218/4816/690 217/4817/690
f 191/314/691 192/4818/691 222/4813/691 224/380/691
f 217/4819/692 218/4820/692 223/4821/692 221/4822/692
f 246/524/674 239/475/674 240/476/674 248/4823/674
f 247/534/693 241/474/693 243/455/693 245/454/693
f 237/485/694 247/534/694 245/454/694 238/463/694
f 244/486/671 246/524/671 248/4823/671 242/487/671
f 270/4824/662 272/4825/662 264/4826/662 263/4827/662
f 271/4828/695 269/498/695 267/507/695 265/4829/695
f 261/522/696 262/499/696 269/498/696 271/4828/696
f 268/4830/659 266/4831/659 272/4832/659 270/4833/659
f 294/4834/697 287/562/697 288/542/697 296/541/697
f 295/4835/660 289/4836/660 291/537/660 293/536/660
f 285/565/661 295/4835/661 293/536/661 286/545/661
f 292/567/698 294/4834/698 296/541/698 290/540/698
f 318/4837/699 320/4838/699 312/4839/699 311/4840/699
f 319/619/672 317/578/672 315/587/672 313/576/672
f 309/608/673 310/579/673 317/578/673 319/619/673
f 316/4841/700 314/4842/700 320/4843/700 318/4844/700
f 345/688/657 347/698/657 348/4845/657 346/689/657
f 347/698/658 349/700/658 350/711/658 348/4845/658
f 351/709/663 352/714/663 355/4846/663 356/710/663
f 352/714/664 353/680/664 354/683/664 355/4846/664
f 364/732/665 359/668/665 360/671/665 362/4847/665
f 323/728/666 357/620/666 358/4848/666 321/4849/666
f 331/729/667 364/732/667 362/4847/667 332/4850/667
f 357/620/668 361/623/668 363/663/668 358/4848/668
f 389/4851/669 390/4852/669 392/4853/669 391/4854/669
f 391/4855/670 392/4856/670 394/4857/670 393/4858/670
f 395/4859/675 400/4860/675 399/4861/675 396/4862/675
f 396/4863/676 399/4864/676 398/4865/676 397/4866/676
f 408/4867/701 406/4868/701 404/4869/701 403/4870/701
f 367/727/678 365/740/678 402/4871/678 401/621/678
f 375/4872/679 376/745/679 406/4873/679 408/4874/679
f 401/621/680 402/4871/680 407/752/680 405/622/680
f 433/872/702 435/879/702 436/4875/702 434/873/702
f 435/879/703 437/881/703 438/894/703 436/4875/703
f 439/892/676 440/898/676 443/4876/676 444/893/676
f 440/898/675 441/862/675 442/863/675 443/4876/675
f 452/911/704 447/844/704 448/845/704 450/4877/704
f 411/815/63 445/797/63 446/4878/63 409/813/63
f 419/821/705 452/911/705 450/4877/705 420/822/705
f 445/797/706 449/800/706 451/839/706 446/4878/706
f 477/4879/707 478/4880/707 480/4881/707 479/4882/707
f 479/4883/708 480/4884/708 482/4885/708 481/4886/708
f 483/4887/664 488/4888/664 487/4889/664 484/4890/664
f 484/4891/663 487/4892/663 486/4893/663 485/4894/663
f 496/4895/689 494/4896/689 492/4897/689 491/4898/689
f 455/908/690 453/4899/690 490/4900/690 489/798/690
f 463/4901/691 464/925/691 494/4902/691 496/4903/691
f 489/798/692 490/4900/692 495/933/692 493/799/692
f 516/1019/709 511/1008/709 512/1009/709 514/1023/709
f 2342/4904/710 509/4905/710 510/4906/710 2341/4907/710
f 507/998/711 516/1019/711 514/1023/711 508/999/711
f 509/4905/712 513/1004/712 515/1005/712 510/4906/712
f 536/4908/713 534/1053/713 532/1045/713 531/1044/713
f 2344/4909/714 2343/1051/714 530/1050/714 529/4910/714
f 527/4911/715 528/1054/715 534/1053/715 536/4908/715
f 529/4910/716 530/1050/716 535/1041/716 533/1040/716
f 556/1094/717 551/1084/717 552/1085/717 554/1098/717
f 539/4912/718 549/4913/718 550/4914/718 537/4915/718
f 547/1075/719 556/1094/719 554/1098/719 548/1076/719
f 549/4913/720 553/1080/720 555/1081/720 550/4914/720
f 576/4916/721 574/1132/721 572/1125/721 571/1124/721
f 559/4917/722 557/1131/722 570/1130/722 569/4918/722
f 567/4919/723 568/1133/723 574/1132/723 576/4916/723
f 569/4918/724 570/1130/724 575/1121/724 573/1120/724
f 596/4920/725 591/1161/725 592/1162/725 594/1177/725
f 579/4921/726 589/4922/726 590/4923/726 577/4924/726
f 587/4925/727 596/4920/727 594/1177/727 588/1176/727
f 589/4922/728 593/1158/728 595/1159/728 590/4923/728
f 616/4926/729 614/1209/729 612/1200/729 611/1199/729
f 607/4927/730 608/1210/730 614/1209/730 616/4926/730
f 636/4928/731 631/1242/731 632/1243/731 634/1257/731
f 619/1225/732 629/4929/732 630/4930/732 617/1223/732
f 627/4931/733 636/4928/733 634/1257/733 628/1256/733
f 629/4929/734 633/1236/734 635/1239/734 630/4930/734
f 656/4932/735 654/1294/735 652/1293/735 651/4933/735
f 639/1248/736 637/1274/736 650/4934/736 649/4935/736
f 647/4936/737 648/1288/737 654/1294/737 656/4932/737
f 649/4935/738 650/4934/738 655/1282/738 653/1281/738
f 675/1340/739 671/1327/739 672/1330/739 673/4937/739
f 659/4938/740 669/4939/740 670/4940/740 657/4941/740
f 667/1317/741 675/1340/741 673/4937/741 668/1318/741
f 669/4939/742 1497/1321/742 674/1324/742 670/4940/742
f 692/1339/743 690/4942/743 689/1366/743 688/1359/743
f 684/1326/744 685/1363/744 690/4942/744 692/1339/744
f 712/1422/745 707/1410/745 708/1411/745 710/4943/745
f 695/1393/746 705/1381/746 706/1423/746 693/1391/746
f 703/1401/747 712/1422/747 710/4943/747 704/1402/747
f 705/1381/748 709/1384/748 711/1407/748 706/1423/748
f 732/4944/749 730/1446/749 728/1441/749 727/1440/749
f 715/4945/750 713/1445/750 726/1444/750 725/4946/750
f 723/4947/751 724/1447/751 730/1446/751 732/4944/751
f 725/4948/752 726/4949/752 731/4950/752 729/4951/752
f 745/4952/753 747/4953/753 748/1498/753 746/1497/753
f 747/4953/754 749/4954/754 750/1499/754 748/1498/754
f 754/4955/755 755/4956/755 761/1501/755 762/1500/755
f 755/4956/756 756/4957/756 760/1502/756 761/1501/756
f 775/4958/757 776/4959/757 778/4960/757 777/4961/757
f 777/4962/758 778/4963/758 780/4964/758 779/4965/758
f 784/4966/759 792/4967/759 791/4968/759 785/4969/759
f 785/4970/760 791/4971/760 790/4972/760 786/4973/760
f 837/1681/761 838/1680/761 840/4974/761 839/1690/761
f 839/1690/762 840/4974/762 842/1710/762 841/1698/762
f 852/1843/662 854/4975/662 846/4976/662 845/4977/662
f 853/4978/695 851/1594/695 849/1603/695 847/4979/695
f 843/1693/696 844/1595/696 851/1594/696 853/4978/696
f 850/4980/659 848/4981/659 854/4982/659 852/1818/659
f 855/1712/763 860/1711/763 859/4983/763 856/1714/763
f 856/1714/764 859/4983/764 858/1675/764 857/1674/764
f 868/1738/765 866/4984/765 864/1657/765 863/1656/765
f 803/1735/766 801/4985/766 862/4986/766 861/1586/766
f 811/1653/767 812/4987/767 866/4984/767 868/1738/767
f 861/1586/768 862/4986/768 867/1650/768 865/1587/768
f 905/1686/769 907/1691/769 908/4988/769 906/1809/769
f 907/1691/770 909/1699/770 910/1842/770 908/4988/770
f 920/4989/674 913/1816/674 914/4990/674 922/4991/674
f 921/1829/693 915/1748/693 917/1750/693 919/1749/693
f 911/1813/694 921/1829/694 919/1749/694 912/1758/694
f 918/4992/671 920/1844/671 922/4993/671 916/4994/671
f 923/1713/771 924/1715/771 927/4995/771 928/1841/771
f 924/1715/772 925/1730/772 926/1801/772 927/4995/772
f 936/1739/773 931/1746/773 932/1787/773 934/4996/773
f 871/4997/774 929/4998/774 930/4999/774 869/5000/774
f 879/1654/775 936/1739/775 934/4996/775 880/1768/775
f 929/5001/776 933/5002/776 935/5003/776 930/5004/776
f 961/1924/777 962/1923/777 964/5005/777 963/1930/777
f 963/1930/778 964/5005/778 966/1954/778 965/1932/778
f 970/1956/772 978/1955/772 977/5006/772 971/1959/772
f 971/1959/771 977/5006/771 976/1914/771 972/1913/771
f 986/1972/779 984/5007/779 982/1898/779 981/1897/779
f 939/1869/780 937/1868/780 980/5008/780 979/1852/780
f 947/1877/781 948/1876/781 984/5007/781 986/1972/781
f 979/1852/782 980/5008/782 985/1894/782 983/1853/782
f 1011/1927/783 1013/1931/783 1014/5009/783 1012/2015/783
f 1013/1931/784 1015/1933/784 1016/2046/784 1014/5009/784
f 1020/1958/764 1021/1960/764 1027/5010/764 1028/2045/764
f 1021/1960/763 1022/1967/763 1026/2008/763 1027/5010/763
f 1036/1973/785 1031/1978/785 1032/2001/785 1034/5011/785
f 989/5012/786 1029/5013/786 1030/5014/786 987/5015/786
f 997/1895/787 1036/1973/787 1034/5011/787 998/5016/787
f 1029/5017/788 1033/5018/788 1035/5019/788 1030/5020/788
f 1058/2126/671 1060/5021/671 1052/2077/671 1051/2076/671
f 1059/2136/672 1057/2055/672 1055/2064/672 1053/2075/672
f 1049/2086/673 1050/2056/673 1057/2055/673 1059/2136/673
f 1056/2088/674 1054/2087/674 1060/5021/674 1058/2126/674
f 1082/5022/659 1075/5023/659 1076/5024/659 1084/5025/659
f 1083/5026/660 1077/5027/660 1079/2100/660 1081/2099/660
f 1073/2123/661 1083/5026/661 1081/2099/661 1074/2108/661
f 1080/5028/662 1082/5029/662 1084/5030/662 1078/5031/662
f 1106/5032/662 1108/2142/662 1100/2141/662 1099/2163/662
f 1107/5033/695 1105/2137/695 1103/2146/695 1101/5034/695
f 1097/2166/696 1098/2138/696 1105/2137/696 1107/5033/696
f 1104/2168/659 1102/2143/659 1108/2142/659 1106/5032/659
f 1130/5035/674 1123/5036/674 1124/5037/674 1132/5038/674
f 1131/2223/693 1125/2178/693 1127/2180/693 1129/2179/693
f 1121/2209/694 1131/2223/694 1129/2179/694 1122/2188/694
f 1128/5039/671 1130/5040/671 1132/5041/671 1126/5042/671
f 1157/2295/761 1158/2294/761 1160/5043/761 1159/2302/761
f 1159/2302/762 1160/5043/762 1162/2316/762 1161/2304/762
f 1163/2318/763 1168/2317/763 1167/5044/763 1164/2320/763
f 1164/2320/789 1167/5044/789 1166/2288/789 1165/2287/789
f 1176/2336/765 1174/5045/765 1172/2276/765 1171/2275/765
f 1135/2332/766 1133/5046/766 1170/5047/766 1169/2225/766
f 1143/2335/767 1144/5048/767 1174/5045/767 1176/2336/767
f 1169/2225/768 1170/5047/768 1175/2269/768 1173/2226/768
f 1201/5049/769 1203/5050/769 1204/5051/769 1202/5052/769
f 1203/5053/770 1205/5054/770 1206/5055/770 1204/5056/770
f 1207/5057/771 1208/5058/771 1211/5059/771 1212/5060/771
f 1208/5061/772 1209/5062/772 1210/5063/772 1211/5064/772
f 1220/5065/790 1215/5066/790 1216/5067/790 1218/5068/790
f 1179/2333/774 1213/2228/774 1214/5069/774 1177/2347/774
f 1187/5070/775 1220/5071/775 1218/5072/775 1188/5073/775
f 1213/2228/776 1217/2227/776 1219/2359/776 1214/5069/776
f 1245/2476/777 1246/2475/777 1248/5074/777 1247/2482/777
f 1247/2482/778 1248/5074/778 1250/2506/778 1249/2484/778
f 1254/2508/772 1262/2507/772 1261/5075/772 1255/2511/772
f 1255/2511/771 1261/5075/771 1260/2466/771 1256/2465/771
f 1270/2523/779 1268/5076/779 1266/2450/779 1265/2449/779
f 1223/2421/780 1221/2420/780 1264/5077/780 1263/2404/780
f 1231/2429/781 1232/2428/781 1268/5076/781 1270/2523/781
f 1263/2404/782 1264/5077/782 1269/2446/782 1267/2405/782
f 1295/5078/783 1297/5079/783 1298/5080/783 1296/5081/783
f 1297/5082/784 1299/5083/784 1300/5084/784 1298/5085/784
f 1304/5086/764 1305/5087/764 1311/5088/764 1312/5089/764
f 1305/5090/763 1306/5091/763 1310/5092/763 1311/5093/763
f 1320/5094/785 1315/5095/785 1316/5096/785 1318/5097/785
f 1273/2521/786 1313/2407/786 1314/5098/786 1271/5099/786
f 1281/5100/787 1320/5101/787 1318/5102/787 1282/5103/787
f 1313/2407/788 1317/2406/788 1319/2549/788 1314/5098/788
f 1340/5104/791 1338/2644/791 1336/2629/791 1335/2628/791
f 1323/2611/792 1321/2610/792 1334/5105/792 1333/5106/792
f 1331/2619/793 1332/2618/793 1338/2644/793 1340/5104/793
f 1333/5106/794 1334/5105/794 1339/2625/794 1337/2624/794
f 1360/5107/795 1355/2669/795 1356/2672/795 1358/2677/795
f 1343/5108/796 1353/5109/796 1354/2675/796 1341/2678/796
f 1351/5110/797 1360/5107/797 1358/2677/797 1352/2676/797
f 1353/5109/798 1357/2665/798 1359/2668/798 1354/2675/798
f 1380/5111/799 1378/2722/799 1376/2709/799 1375/2708/799
f 1363/5112/800 1361/5113/800 1374/5114/800 1373/5115/800
f 1371/2700/801 1372/2699/801 1378/2722/801 1380/5111/801
f 1373/5115/802 1374/5114/802 1379/2705/802 1377/2704/802
f 1400/5116/803 1395/2746/803 1396/2749/803 1398/2754/803
f 1383/5117/804 1393/5118/804 1394/2752/804 1381/2755/804
f 1391/5119/805 1400/5116/805 1398/2754/805 1392/2753/805
f 1393/5118/806 1397/2742/806 1399/2745/806 1394/2752/806
f 1420/2792/807 1418/2801/807 1416/2800/807 1415/4579/807
f 1411/2791/808 1412/2802/808 1418/2801/808 1420/2792/808
f 1440/5120/809 1435/4574/809 1436/2835/809 1438/2834/809
f 1423/2790/810 1433/2811/810 1434/5121/810 1421/2816/810
f 1431/5122/811 1440/5120/811 1438/2834/811 1432/2833/811
f 1433/2811/812 1437/2820/812 1439/2823/812 1434/5121/812
f 1460/5123/813 1458/2878/813 1456/2867/813 1455/2866/813
f 1443/2848/814 1441/2847/814 1454/5124/814 1453/5125/814
f 1451/5126/815 1452/2879/815 1458/2878/815 1460/5123/815
f 1453/5125/816 1454/5124/816 1459/2861/816 1457/2860/816
f 1480/5127/817 1475/5128/817 1476/2923/817 1478/2922/817
f 1463/2871/818 1473/5129/818 1474/5130/818 1461/2899/818
f 1471/5131/819 1480/5127/819 1478/2922/819 1472/2921/819
f 1473/5129/820 1477/2886/820 1479/2906/820 1474/5130/820
f 1500/5132/821 1498/5133/821 1496/2955/821 1495/2954/821
f 2324/5134/822 2322/5135/822 1498/5133/822 1500/5132/822
f 1503/2965/823 1513/5136/823 1514/5137/823 1501/2997/823
f 1513/5136/824 1517/5138/824 1519/5139/824 1514/5137/824
f 1540/3057/825 1538/5140/825 1536/3048/825 1535/3047/825
f 1523/3029/826 1521/3028/826 1534/3060/826 1533/3018/826
f 1531/3039/827 1532/3038/827 1538/5140/827 1540/3057/827
f 1533/3018/828 1534/3060/828 1539/3044/828 1537/3019/828
f 1560/5141/829 1555/5142/829 1556/5143/829 1558/5144/829
f 1543/5145/830 1553/5146/830 1554/3081/830 1541/3084/830
f 1551/5147/831 1560/5148/831 1558/3083/831 1552/3082/831
f 1553/5149/832 1557/5150/832 1559/5151/832 1554/5152/832
f 1582/5153/833 1590/3136/833 1589/3135/833 1583/5154/833
f 1583/5154/755 1589/3135/755 1588/3134/755 1584/5155/755
f 1603/5156/834 1605/5157/834 1606/5158/834 1604/5159/834
f 1605/5160/835 1607/5161/835 1608/5162/835 1606/5163/835
f 1612/3156/760 1613/3158/760 1619/5164/760 1620/5165/760
f 1613/3158/759 1614/3162/759 1618/3168/759 1619/5164/759
f 1635/3400/7 1637/5166/7 1636/5167/7
f 1641/5168/7 1643/3373/7 1642/3372/7
f 1644/3325/8 1646/3322/8 1645/5169/8
f 1689/3403/836 1690/5170/836 1637/5166/836 1635/3400/836
f 1686/3393/20 1687/5171/20 1644/5172/20 1645/3466/20
f 1711/3256/837 1712/5173/837 1673/5174/837 1671/3253/837
f 1685/3378/838 1688/3377/838 1687/5171/838 1686/3393/838
f 1681/3399/839 1684/5175/839 1683/3333/839 1682/3332/839
f 1641/3461/840 1642/5176/840 1684/5175/840 1681/3399/840
f 1692/3405/841 1691/3404/841 1690/5170/841 1689/3403/841
f 1697/3409/842 1702/3408/842 1701/5177/842 1698/5178/842
f 1698/5178/843 1701/5177/843 1700/3364/843 1699/3363/843
f 1665/3289/844 1666/3291/844 1696/5179/844 1693/3421/844
f 1693/3421/845 1696/5179/845 1695/3490/845 1694/3422/845
f 1714/3258/846 1713/3498/846 1712/5173/846 1711/3256/846
f 1731/5180/847 1732/3542/847 1722/3549/847 1723/5181/847
f 1721/5182/8 1723/5181/8 1722/3549/8
f 1727/3530/848 1728/5183/848 1723/5184/848 1721/3526/848
f 1730/3491/849 1729/3532/849 1728/5183/849 1727/3530/849
f 1734/3547/850 1733/3516/850 1732/3542/850 1731/5180/850
f 1741/3591/7 1743/5185/7 1742/5186/7
f 1747/3594/836 1748/5187/836 1743/5185/836 1741/3591/836
f 1750/3543/841 1749/3595/841 1748/5187/841 1747/3594/841
f 1757/5188/851 1759/5189/851 1758/5190/851
f 1775/5191/852 1777/5192/852 1759/5189/852 1757/5188/852
f 1765/3659/853 1766/3658/853 1770/5193/853 1768/5194/853
f 1771/3675/854 1772/3674/854 1777/5192/854 1775/5191/854
f 1768/5194/855 1770/5193/855 1780/3643/855 1779/3642/855
f 1795/5195/856 1796/5196/856 1786/5197/856 1784/5198/856
f 1959/5199/857 1968/4657/857 1794/4621/857 1791/5200/857
f 1791/5200/858 1794/4621/858 1793/4620/858 1792/4641/858
f 1781/4628/859 1782/5201/859 1790/5202/859 1787/5203/859
f 1787/5204/860 1790/5205/860 1789/5206/860 1788/5207/860
f 1798/4666/861 1797/5208/861 1796/5209/861 1795/4677/861
f 1805/3896/8 1806/5210/8 1807/5211/8
f 1811/5212/8 1812/3868/8 1813/3869/8
f 1814/3821/7 1815/5213/7 1816/3818/7
f 1859/3893/862 1805/3896/862 1807/5211/862 1860/5214/862
f 1856/3889/18 1815/3966/18 1814/5215/18 1857/5216/18
f 1881/3747/863 1841/3750/863 1843/5217/863 1882/5218/863
f 1855/3872/864 1856/3889/864 1857/5216/864 1858/3873/864
f 1851/3891/865 1852/3733/865 1853/3830/865 1854/5219/865
f 1811/3957/866 1851/3891/866 1854/5219/866 1812/5220/866
f 1862/3897/867 1859/3893/867 1860/5214/867 1861/3898/867
f 1867/3901/868 1868/5221/868 1871/5222/868 1872/3902/868
f 1868/5221/869 1869/3859/869 1870/3860/869 1871/5222/869
f 1835/3784/870 1863/3909/870 1866/3847/870 1836/3785/870
f 1863/3909/871 1864/3908/871 1865/3977/871 1866/3847/871
f 1884/3751/872 1881/3747/872 1882/5218/872 1883/3995/872
f 1901/5223/873 1893/5224/873 1892/4044/873 1902/4037/873
f 1891/5225/7 1892/4044/7 1893/5224/7
f 1897/4027/874 1891/4026/874 1893/5226/874 1898/5227/874
f 1900/3990/875 1897/4027/875 1898/5227/875 1899/4029/875
f 1904/4043/876 1901/5223/876 1902/4037/876 1903/4013/876
f 1911/4090/8 1912/5228/8 1913/5229/8
f 1917/4087/862 1911/4090/862 1913/5229/862 1918/5230/862
f 1920/4042/867 1917/4087/867 1918/5230/867 1919/4091/867
f 1927/5231/877 1928/5232/877 1929/5233/877
f 1945/5234/878 1927/5231/878 1929/5233/878 1947/5235/878
f 1935/4151/879 1938/5236/879 1940/4159/879 1936/4104/879
f 1941/4166/880 1945/5234/880 1947/5235/880 1942/4167/880
f 1938/5236/881 1949/4138/881 1950/4103/881 1940/4159/881
f 1969/5237/882 1956/5238/882 1958/5239/882 1970/5240/882
f 1959/5199/883 1964/5241/883 1967/4681/883 1968/4657/883
f 1964/5241/884 1965/4703/884 1966/4682/884 1967/4681/884
f 1951/4690/885 1960/5242/885 1963/5243/885 1952/4698/885
f 1960/5244/886 1961/5245/886 1962/5246/886 1963/4719/886
f 1972/4684/887 1969/5247/887 1970/5248/887 1971/5249/887
f 1979/3365/10 1980/3368/10 1981/4206/10
f 1985/3460/10 1986/5250/10 1987/3469/10
f 1988/5251/12 1989/3465/12 1990/3468/12
f 2033/5252/888 1979/5253/888 1981/4208/888 2034/4213/888
f 2030/3394/26 1989/3465/26 1988/5251/26 2031/5254/26
f 2055/5255/889 2015/5256/889 2017/4257/889 2056/4287/889
f 2029/3395/890 2030/3394/890 2031/5254/890 2032/4265/890
f 2025/3398/891 2026/3397/891 2027/4244/891 2028/5257/891
f 1985/3460/892 2025/3398/892 2028/5257/892 1986/5250/892
f 2036/4275/893 2033/5252/893 2034/4213/893 2035/4212/893
f 2041/4279/894 2042/4288/894 2045/5258/894 2046/4280/894
f 2042/4288/895 2043/4256/895 2044/4259/895 2045/5258/895
f 2009/4285/896 2037/4284/896 2040/5259/896 2010/5260/896
f 2037/4284/897 2038/4283/897 2039/4299/897 2040/5259/897
f 2058/5261/898 2055/5255/898 2056/4287/898 2057/4286/898
f 2075/4302/899 2067/4301/899 2066/5262/899 2076/5263/899
f 2065/3525/12 2066/3528/12 2067/5264/12
f 2071/3529/900 2065/3525/900 2067/5264/900 2072/5265/900
f 2074/3492/901 2071/3529/901 2072/5265/901 2073/4315/901
f 2078/4303/902 2075/4302/902 2076/5263/902 2077/4316/902
f 2085/3587/10 2086/3590/10 2087/5266/10
f 2091/5267/888 2085/5268/888 2087/4322/888 2092/4327/888
f 2094/4335/893 2091/5267/893 2092/4327/893 2093/4326/893
f 2101/5269/903 2102/5270/903 2103/5271/903
f 2119/5272/904 2101/5273/904 2103/4379/904 2121/4378/904
f 2109/4358/905 2112/5274/905 2114/5275/905 2110/4359/905
f 2115/4368/906 2119/5272/906 2121/4378/906 2116/4369/906
f 2112/5274/907 2123/4354/907 2124/4357/907 2114/5275/907
f 2139/5276/908 2128/4637/908 2130/4738/908 2140/5277/908
f 2303/4750/909 2135/4749/909 2138/5278/909 2312/5279/909
f 2135/4749/910 2136/4739/910 2137/4742/910 2138/5278/910
f 2125/4737/911 2131/5280/911 2134/4635/911 2126/5281/911
f 2131/5282/912 2132/5283/912 2133/4660/912 2134/5284/912
f 2142/5285/913 2139/4623/913 2140/5286/913 2141/5287/913
f 2149/3861/12 2151/4387/12 2150/3862/12
f 2155/3958/12 2157/3968/12 2156/5288/12
f 2158/5289/10 2160/3964/10 2159/3963/10
f 2203/5290/914 2204/4389/914 2151/4388/914 2149/5291/914
f 2200/3888/25 2201/5292/25 2158/5289/25 2159/3963/25
f 2225/5293/915 2226/4465/915 2187/4441/915 2185/5294/915
f 2199/3887/916 2202/4447/916 2201/5292/916 2200/3888/916
f 2195/3892/917 2198/5295/917 2197/4424/917 2196/3734/917
f 2155/3958/918 2156/5288/918 2198/5295/918 2195/3892/918
f 2206/4456/919 2205/4390/919 2204/4389/919 2203/5290/919
f 2211/4462/920 2216/4461/920 2215/5296/920 2212/4464/920
f 2212/4464/921 2215/5296/921 2214/4439/921 2213/4438/921
f 2179/4467/922 2180/5297/922 2210/5298/922 2207/4468/922
f 2207/4468/923 2210/5298/923 2209/4487/923 2208/4469/923
f 2228/5299/924 2227/4466/924 2226/4465/924 2225/5293/924
f 2245/4497/925 2246/5300/925 2236/5301/925 2237/4490/925
f 2235/4023/10 2237/5302/10 2236/4024/10
f 2241/4028/926 2242/5303/926 2237/5302/926 2235/4023/926
f 2244/3989/927 2243/4503/927 2242/5303/927 2241/4028/927
f 2248/4496/928 2247/4505/928 2246/5300/928 2245/4497/928
f 2255/4083/12 2257/4508/12 2256/4084/12
f 2261/5304/914 2262/4510/914 2257/4509/914 2255/5305/914
f 2264/4523/919 2263/4511/919 2262/4510/919 2261/5304/919
f 2271/5306/929 2273/4542/929 2272/4541/929
f 2289/5307/930 2291/4569/930 2273/4568/930 2271/5308/930
f 2279/4545/931 2280/4105/931 2284/4160/931 2282/5309/931
f 2285/4557/932 2286/4556/932 2291/4569/932 2289/5307/932
f 2282/5309/933 2284/4160/933 2294/4102/933 2293/4543/933
f 2313/5310/934 2314/5311/934 2302/4758/934 2300/4699/934
f 2303/4750/935 2312/5279/935 2311/5312/935 2308/4763/935
f 2308/4763/936 2311/5312/936 2310/4760/936 2309/4759/936
f 2295/4757/937 2296/4721/937 2307/4718/937 2304/5313/937
f 2304/5314/938 2307/4696/938 2306/4706/938 2305/5315/938
f 2316/5316/939 2315/5317/939 2314/5318/939 2313/5319/939
f 1517/5320/940 2325/5321/940 2327/3014/940 1519/4583/940
f 1491/2945/941 1492/2944/941 2322/5135/941 2324/5134/941
f 499/992/942 2342/4904/942 2341/4907/942 497/990/942
o Plane
v -0.799618 3.972207 -0.314795
v 0.788623 3.979532 -0.320676
v -0.795974 3.152602 -0.351425
v 0.792267 3.159927 -0.357307
vt 0.000000 0.000000
vt 1.000000 0.000000
vt 1.000000 1.000000
vt 0.000000 1.000000
vn -0.0039 0.0446 -0.9990
g Plane_Plane_None
usemtl None
s off
f 2345/5322/943 2346/5323/943 2348/5324/943 2347/5325/943
